body_id,性别,体型,比例,肌肉型,站姿,描述
BD0001,男,均衡型,6.5头身,非战斗肌,重心前倾,男性·均衡型 / 6.5头身 / 非战斗肌 / 重心前倾
BD0002,女,异族型,7.5头身,低脂清晰,抱臂而立,女性·异族型 / 7.5头身 / 低脂清晰 / 抱臂而立
BD0003,女,修长型,8.5头身,厚实沉稳,重心后坐,女性·修长型 / 8.5头身 / 厚实沉稳 / 重心后坐
BD0004,男,隐修型,8头身,中等紧实,放松垂手,男性·隐修型 / 8头身 / 中等紧实 / 放松垂手
BD0005,女,异族型,8头身,厚实沉稳,抱臂而立,女性·异族型 / 8头身 / 厚实沉稳 / 抱臂而立
BD0006,女,精悍型,8头身,中等紧实,侧身戒备,女性·精悍型 / 8头身 / 中等紧实 / 侧身戒备
BD0007,女,修长型,6.5头身,中等紧实,手扶武器,女性·修长型 / 6.5头身 / 中等紧实 / 手扶武器
BD0008,男,智者型,6.5头身,中等紧实,重心后坐,男性·智者型 / 6.5头身 / 中等紧实 / 重心后坐
BD0009,女,修长型,7头身,低脂清晰,放松垂手,女性·修长型 / 7头身 / 低脂清晰 / 放松垂手
BD0010,女,温和型,8头身,饱满力量,侧身戒备,女性·温和型 / 8头身 / 饱满力量 / 侧身戒备
BD0011,男,剑士型,7头身,非战斗肌,侧身戒备,男性·剑士型 / 7头身 / 非战斗肌 / 侧身戒备
BD0012,男,刺客型,8头身,病弱纤薄,微微下沉,男性·刺客型 / 8头身 / 病弱纤薄 / 微微下沉
BD0013,男,重装型,8.5头身,饱满力量,重心后坐,男性·重装型 / 8.5头身 / 饱满力量 / 重心后坐
BD0014,男,剑士型,7头身,中等紧实,放松垂手,男性·剑士型 / 7头身 / 中等紧实 / 放松垂手
BD0015,男,隐修型,7头身,饱满力量,抱臂而立,男性·隐修型 / 7头身 / 饱满力量 / 抱臂而立
BD0016,男,隐修型,6.5头身,厚实沉稳,重心前倾,男性·隐修型 / 6.5头身 / 厚实沉稳 / 重心前倾
BD0017,男,游侠型,8.5头身,精瘦紧致,重心前倾,男性·游侠型 / 8.5头身 / 精瘦紧致 / 重心前倾
BD0018,男,刺客型,8.5头身,饱满力量,放松垂手,男性·刺客型 / 8.5头身 / 饱满力量 / 放松垂手
BD0019,男,刺客型,7.5头身,非战斗肌,放松垂手,男性·刺客型 / 7.5头身 / 非战斗肌 / 放松垂手
BD0020,女,精悍型,8.5头身,非战斗肌,自然站姿,女性·精悍型 / 8.5头身 / 非战斗肌 / 自然站姿
BD0021,男,隐修型,6.5头身,少年未成型,放松垂手,男性·隐修型 / 6.5头身 / 少年未成型 / 放松垂手
BD0022,女,灵巧型,8头身,少年未成型,放松垂手,女性·灵巧型 / 8头身 / 少年未成型 / 放松垂手
BD0023,女,灵巧型,7.5头身,中等紧实,重心后坐,女性·灵巧型 / 7.5头身 / 中等紧实 / 重心后坐
BD0024,女,战斗型,6.5头身,中等紧实,抱臂而立,女性·战斗型 / 6.5头身 / 中等紧实 / 抱臂而立
BD0025,女,异族型,7.5头身,非战斗肌,微微下沉,女性·异族型 / 7.5头身 / 非战斗肌 / 微微下沉
BD0026,男,剑士型,6.5头身,精瘦紧致,微微下沉,男性·剑士型 / 6.5头身 / 精瘦紧致 / 微微下沉
BD0027,女,异族型,6.5头身,病弱纤薄,手扶武器,女性·异族型 / 6.5头身 / 病弱纤薄 / 手扶武器
BD0028,男,游侠型,7头身,非战斗肌,自然站姿,男性·游侠型 / 7头身 / 非战斗肌 / 自然站姿
BD0029,男,均衡型,6.5头身,精瘦紧致,手扶武器,男性·均衡型 / 6.5头身 / 精瘦紧致 / 手扶武器
BD0030,男,剑士型,8头身,少年未成型,微微下沉,男性·剑士型 / 8头身 / 少年未成型 / 微微下沉
BD0031,男,智者型,6.5头身,饱满力量,手扶武器,男性·智者型 / 6.5头身 / 饱满力量 / 手扶武器
BD0032,男,刺客型,7头身,饱满力量,重心后坐,男性·刺客型 / 7头身 / 饱满力量 / 重心后坐
BD0033,女,精悍型,7.5头身,病弱纤薄,侧身戒备,女性·精悍型 / 7.5头身 / 病弱纤薄 / 侧身戒备
BD0034,女,猎手型,8头身,厚实沉稳,重心前倾,女性·猎手型 / 8头身 / 厚实沉稳 / 重心前倾
BD0035,男,瘦长型,7.5头身,低脂清晰,抱臂而立,男性·瘦长型 / 7.5头身 / 低脂清晰 / 抱臂而立
BD0036,男,瘦长型,8头身,中等紧实,手扶武器,男性·瘦长型 / 8头身 / 中等紧实 / 手扶武器
BD0037,男,瘦长型,6.5头身,厚实沉稳,微微下沉,男性·瘦长型 / 6.5头身 / 厚实沉稳 / 微微下沉
BD0038,男,瘦长型,8.5头身,厚实沉稳,自然站姿,男性·瘦长型 / 8.5头身 / 厚实沉稳 / 自然站姿
BD0039,男,力士型,7.5头身,非战斗肌,侧身戒备,男性·力士型 / 7.5头身 / 非战斗肌 / 侧身戒备
BD0040,男,游侠型,8.5头身,饱满力量,重心前倾,男性·游侠型 / 8.5头身 / 饱满力量 / 重心前倾
BD0041,女,灵巧型,6.5头身,病弱纤薄,放松垂手,女性·灵巧型 / 6.5头身 / 病弱纤薄 / 放松垂手
BD0042,女,少女型,8头身,中等紧实,侧身戒备,女性·少女型 / 8头身 / 中等紧实 / 侧身戒备
BD0043,男,剑士型,8头身,厚实沉稳,微微下沉,男性·剑士型 / 8头身 / 厚实沉稳 / 微微下沉
BD0044,男,隐修型,8.5头身,低脂清晰,放松垂手,男性·隐修型 / 8.5头身 / 低脂清晰 / 放松垂手
BD0045,女,丰盈型,8头身,中等紧实,抱臂而立,女性·丰盈型 / 8头身 / 中等紧实 / 抱臂而立
BD0046,女,修长型,7头身,饱满力量,侧身戒备,女性·修长型 / 7头身 / 饱满力量 / 侧身戒备
BD0047,女,猎手型,7.5头身,厚实沉稳,放松垂手,女性·猎手型 / 7.5头身 / 厚实沉稳 / 放松垂手
BD0048,女,异族型,7头身,少年未成型,手扶武器,女性·异族型 / 7头身 / 少年未成型 / 手扶武器
BD0049,男,战士型,8.5头身,少年未成型,重心前倾,男性·战士型 / 8.5头身 / 少年未成型 / 重心前倾
BD0050,女,成熟型,8头身,厚实沉稳,重心前倾,女性·成熟型 / 8头身 / 厚实沉稳 / 重心前倾
BD0051,男,隐修型,7头身,精瘦紧致,重心前倾,男性·隐修型 / 7头身 / 精瘦紧致 / 重心前倾
BD0052,女,灵巧型,8.5头身,低脂清晰,自然站姿,女性·灵巧型 / 8.5头身 / 低脂清晰 / 自然站姿
BD0053,男,力士型,7头身,非战斗肌,侧身戒备,男性·力士型 / 7头身 / 非战斗肌 / 侧身戒备
BD0054,女,温和型,7头身,非战斗肌,微微下沉,女性·温和型 / 7头身 / 非战斗肌 / 微微下沉
BD0055,男,瘦长型,7.5头身,厚实沉稳,自然站姿,男性·瘦长型 / 7.5头身 / 厚实沉稳 / 自然站姿
BD0056,女,猎手型,8.5头身,少年未成型,手扶武器,女性·猎手型 / 8.5头身 / 少年未成型 / 手扶武器
BD0057,女,丰盈型,8.5头身,精瘦紧致,手扶武器,女性·丰盈型 / 8.5头身 / 精瘦紧致 / 手扶武器
BD0058,女,猎手型,7头身,病弱纤薄,侧身戒备,女性·猎手型 / 7头身 / 病弱纤薄 / 侧身戒备
BD0059,男,力士型,7头身,低脂清晰,手扶武器,男性·力士型 / 7头身 / 低脂清晰 / 手扶武器
BD0060,男,智者型,7头身,精瘦紧致,自然站姿,男性·智者型 / 7头身 / 精瘦紧致 / 自然站姿
BD0061,男,力士型,8.5头身,饱满力量,重心前倾,男性·力士型 / 8.5头身 / 饱满力量 / 重心前倾
BD0062,女,少女型,7头身,低脂清晰,重心前倾,女性·少女型 / 7头身 / 低脂清晰 / 重心前倾
BD0063,女,少女型,8.5头身,病弱纤薄,抱臂而立,女性·少女型 / 8.5头身 / 病弱纤薄 / 抱臂而立
BD0064,男,力士型,7.5头身,饱满力量,放松垂手,男性·力士型 / 7.5头身 / 饱满力量 / 放松垂手
BD0065,女,异族型,8.5头身,中等紧实,重心前倾,女性·异族型 / 8.5头身 / 中等紧实 / 重心前倾
BD0066,男,均衡型,8头身,精瘦紧致,重心前倾,男性·均衡型 / 8头身 / 精瘦紧致 / 重心前倾
BD0067,女,异族型,7.5头身,少年未成型,放松垂手,女性·异族型 / 7.5头身 / 少年未成型 / 放松垂手
BD0068,男,战士型,8头身,精瘦紧致,微微下沉,男性·战士型 / 8头身 / 精瘦紧致 / 微微下沉
BD0069,男,力士型,6.5头身,少年未成型,手扶武器,男性·力士型 / 6.5头身 / 少年未成型 / 手扶武器
BD0070,女,少女型,7.5头身,非战斗肌,重心后坐,女性·少女型 / 7.5头身 / 非战斗肌 / 重心后坐
BD0071,男,隐修型,8.5头身,少年未成型,微微下沉,男性·隐修型 / 8.5头身 / 少年未成型 / 微微下沉
BD0072,女,丰盈型,8头身,中等紧实,微微下沉,女性·丰盈型 / 8头身 / 中等紧实 / 微微下沉
BD0073,男,瘦长型,7头身,中等紧实,重心后坐,男性·瘦长型 / 7头身 / 中等紧实 / 重心后坐
BD0074,男,游侠型,7头身,少年未成型,自然站姿,男性·游侠型 / 7头身 / 少年未成型 / 自然站姿
BD0075,男,力士型,7.5头身,中等紧实,侧身戒备,男性·力士型 / 7.5头身 / 中等紧实 / 侧身戒备
BD0076,女,温和型,7头身,低脂清晰,抱臂而立,女性·温和型 / 7头身 / 低脂清晰 / 抱臂而立
BD0077,女,异族型,8.5头身,病弱纤薄,自然站姿,女性·异族型 / 8.5头身 / 病弱纤薄 / 自然站姿
BD0078,男,力士型,7头身,厚实沉稳,自然站姿,男性·力士型 / 7头身 / 厚实沉稳 / 自然站姿
BD0079,男,重装型,7头身,中等紧实,自然站姿,男性·重装型 / 7头身 / 中等紧实 / 自然站姿
BD0080,男,游侠型,7.5头身,病弱纤薄,抱臂而立,男性·游侠型 / 7.5头身 / 病弱纤薄 / 抱臂而立
BD0081,男,重装型,8.5头身,精瘦紧致,微微下沉,男性·重装型 / 8.5头身 / 精瘦紧致 / 微微下沉
BD0082,女,猎手型,8头身,病弱纤薄,重心前倾,女性·猎手型 / 8头身 / 病弱纤薄 / 重心前倾
BD0083,男,战士型,6.5头身,低脂清晰,抱臂而立,男性·战士型 / 6.5头身 / 低脂清晰 / 抱臂而立
BD0084,女,温和型,7.5头身,饱满力量,手扶武器,女性·温和型 / 7.5头身 / 饱满力量 / 手扶武器
BD0085,男,剑士型,7头身,精瘦紧致,自然站姿,男性·剑士型 / 7头身 / 精瘦紧致 / 自然站姿
BD0086,女,猎手型,7.5头身,病弱纤薄,侧身戒备,女性·猎手型 / 7.5头身 / 病弱纤薄 / 侧身戒备
BD0087,男,战士型,6.5头身,非战斗肌,手扶武器,男性·战士型 / 6.5头身 / 非战斗肌 / 手扶武器
BD0088,女,少女型,7.5头身,精瘦紧致,重心前倾,女性·少女型 / 7.5头身 / 精瘦紧致 / 重心前倾
BD0089,男,瘦长型,8头身,病弱纤薄,重心后坐,男性·瘦长型 / 8头身 / 病弱纤薄 / 重心后坐
BD0090,女,丰盈型,8.5头身,少年未成型,自然站姿,女性·丰盈型 / 8.5头身 / 少年未成型 / 自然站姿
BD0091,男,重装型,7头身,低脂清晰,放松垂手,男性·重装型 / 7头身 / 低脂清晰 / 放松垂手
BD0092,女,猎手型,6.5头身,中等紧实,自然站姿,女性·猎手型 / 6.5头身 / 中等紧实 / 自然站姿
BD0093,男,重装型,6.5头身,精瘦紧致,侧身戒备,男性·重装型 / 6.5头身 / 精瘦紧致 / 侧身戒备
BD0094,女,修长型,8头身,低脂清晰,微微下沉,女性·修长型 / 8头身 / 低脂清晰 / 微微下沉
BD0095,男,重装型,7头身,非战斗肌,放松垂手,男性·重装型 / 7头身 / 非战斗肌 / 放松垂手
BD0096,女,温和型,6.5头身,非战斗肌,重心后坐,女性·温和型 / 6.5头身 / 非战斗肌 / 重心后坐
BD0097,女,灵巧型,6.5头身,饱满力量,侧身戒备,女性·灵巧型 / 6.5头身 / 饱满力量 / 侧身戒备
BD0098,男,重装型,7头身,低脂清晰,手扶武器,男性·重装型 / 7头身 / 低脂清晰 / 手扶武器
BD0099,男,重装型,7头身,精瘦紧致,微微下沉,男性·重装型 / 7头身 / 精瘦紧致 / 微微下沉
BD0100,男,战士型,7.5头身,非战斗肌,重心前倾,男性·战士型 / 7.5头身 / 非战斗肌 / 重心前倾
BD0101,男,剑士型,7头身,饱满力量,微微下沉,男性·剑士型 / 7头身 / 饱满力量 / 微微下沉
BD0102,女,灵巧型,8头身,非战斗肌,重心前倾,女性·灵巧型 / 8头身 / 非战斗肌 / 重心前倾
BD0103,男,重装型,8.5头身,中等紧实,抱臂而立,男性·重装型 / 8.5头身 / 中等紧实 / 抱臂而立
BD0104,男,重装型,6.5头身,厚实沉稳,抱臂而立,男性·重装型 / 6.5头身 / 厚实沉稳 / 抱臂而立
BD0105,男,战士型,6.5头身,少年未成型,微微下沉,男性·战士型 / 6.5头身 / 少年未成型 / 微微下沉
BD0106,女,异族型,8头身,病弱纤薄,侧身戒备,女性·异族型 / 8头身 / 病弱纤薄 / 侧身戒备
BD0107,男,力士型,7.5头身,厚实沉稳,重心前倾,男性·力士型 / 7.5头身 / 厚实沉稳 / 重心前倾
BD0108,男,瘦长型,8头身,低脂清晰,自然站姿,男性·瘦长型 / 8头身 / 低脂清晰 / 自然站姿
BD0109,女,猎手型,6.5头身,精瘦紧致,重心后坐,女性·猎手型 / 6.5头身 / 精瘦紧致 / 重心后坐
BD0110,男,隐修型,8头身,饱满力量,微微下沉,男性·隐修型 / 8头身 / 饱满力量 / 微微下沉
BD0111,女,灵巧型,7头身,低脂清晰,侧身戒备,女性·灵巧型 / 7头身 / 低脂清晰 / 侧身戒备
BD0112,女,温和型,8头身,低脂清晰,重心后坐,女性·温和型 / 8头身 / 低脂清晰 / 重心后坐
BD0113,男,游侠型,6.5头身,非战斗肌,重心前倾,男性·游侠型 / 6.5头身 / 非战斗肌 / 重心前倾
BD0114,女,异族型,6.5头身,饱满力量,侧身戒备,女性·异族型 / 6.5头身 / 饱满力量 / 侧身戒备
BD0115,女,修长型,7.5头身,少年未成型,侧身戒备,女性·修长型 / 7.5头身 / 少年未成型 / 侧身戒备
BD0116,女,战斗型,7.5头身,低脂清晰,抱臂而立,女性·战斗型 / 7.5头身 / 低脂清晰 / 抱臂而立
BD0117,男,重装型,7头身,非战斗肌,微微下沉,男性·重装型 / 7头身 / 非战斗肌 / 微微下沉
BD0118,女,精悍型,7头身,饱满力量,重心后坐,女性·精悍型 / 7头身 / 饱满力量 / 重心后坐
BD0119,女,成熟型,6.5头身,低脂清晰,自然站姿,女性·成熟型 / 6.5头身 / 低脂清晰 / 自然站姿
BD0120,女,灵巧型,7.5头身,精瘦紧致,抱臂而立,女性·灵巧型 / 7.5头身 / 精瘦紧致 / 抱臂而立
BD0121,女,战斗型,8头身,饱满力量,侧身戒备,女性·战斗型 / 8头身 / 饱满力量 / 侧身戒备
BD0122,女,异族型,6.5头身,少年未成型,自然站姿,女性·异族型 / 6.5头身 / 少年未成型 / 自然站姿
BD0123,男,智者型,7.5头身,精瘦紧致,自然站姿,男性·智者型 / 7.5头身 / 精瘦紧致 / 自然站姿
BD0124,男,瘦长型,6.5头身,厚实沉稳,自然站姿,男性·瘦长型 / 6.5头身 / 厚实沉稳 / 自然站姿
BD0125,女,灵巧型,7.5头身,病弱纤薄,重心后坐,女性·灵巧型 / 7.5头身 / 病弱纤薄 / 重心后坐
BD0126,男,重装型,7头身,非战斗肌,手扶武器,男性·重装型 / 7头身 / 非战斗肌 / 手扶武器
BD0127,男,力士型,6.5头身,少年未成型,自然站姿,男性·力士型 / 6.5头身 / 少年未成型 / 自然站姿
BD0128,女,丰盈型,8.5头身,精瘦紧致,重心后坐,女性·丰盈型 / 8.5头身 / 精瘦紧致 / 重心后坐
BD0129,男,战士型,6.5头身,饱满力量,侧身戒备,男性·战士型 / 6.5头身 / 饱满力量 / 侧身戒备
BD0130,女,战斗型,7头身,精瘦紧致,放松垂手,女性·战斗型 / 7头身 / 精瘦紧致 / 放松垂手
BD0131,男,战士型,7.5头身,低脂清晰,微微下沉,男性·战士型 / 7.5头身 / 低脂清晰 / 微微下沉
BD0132,男,重装型,8头身,非战斗肌,侧身戒备,男性·重装型 / 8头身 / 非战斗肌 / 侧身戒备
BD0133,男,均衡型,8头身,低脂清晰,重心后坐,男性·均衡型 / 8头身 / 低脂清晰 / 重心后坐
BD0134,男,重装型,7.5头身,病弱纤薄,手扶武器,男性·重装型 / 7.5头身 / 病弱纤薄 / 手扶武器
BD0135,女,精悍型,8头身,少年未成型,抱臂而立,女性·精悍型 / 8头身 / 少年未成型 / 抱臂而立
BD0136,男,力士型,6.5头身,饱满力量,放松垂手,男性·力士型 / 6.5头身 / 饱满力量 / 放松垂手
BD0137,男,隐修型,8.5头身,中等紧实,微微下沉,男性·隐修型 / 8.5头身 / 中等紧实 / 微微下沉
BD0138,男,均衡型,7.5头身,非战斗肌,侧身戒备,男性·均衡型 / 7.5头身 / 非战斗肌 / 侧身戒备
BD0139,女,战斗型,6.5头身,饱满力量,自然站姿,女性·战斗型 / 6.5头身 / 饱满力量 / 自然站姿
BD0140,女,丰盈型,6.5头身,饱满力量,重心前倾,女性·丰盈型 / 6.5头身 / 饱满力量 / 重心前倾
BD0141,男,力士型,6.5头身,饱满力量,重心后坐,男性·力士型 / 6.5头身 / 饱满力量 / 重心后坐
BD0142,女,温和型,8.5头身,病弱纤薄,侧身戒备,女性·温和型 / 8.5头身 / 病弱纤薄 / 侧身戒备
BD0143,男,隐修型,7头身,厚实沉稳,手扶武器,男性·隐修型 / 7头身 / 厚实沉稳 / 手扶武器
BD0144,男,隐修型,8头身,精瘦紧致,放松垂手,男性·隐修型 / 8头身 / 精瘦紧致 / 放松垂手
BD0145,男,重装型,7头身,厚实沉稳,放松垂手,男性·重装型 / 7头身 / 厚实沉稳 / 放松垂手
BD0146,男,力士型,8头身,饱满力量,放松垂手,男性·力士型 / 8头身 / 饱满力量 / 放松垂手
BD0147,男,刺客型,7头身,精瘦紧致,侧身戒备,男性·刺客型 / 7头身 / 精瘦紧致 / 侧身戒备
BD0148,男,游侠型,7.5头身,厚实沉稳,侧身戒备,男性·游侠型 / 7.5头身 / 厚实沉稳 / 侧身戒备
BD0149,男,瘦长型,7.5头身,病弱纤薄,重心后坐,男性·瘦长型 / 7.5头身 / 病弱纤薄 / 重心后坐
BD0150,男,刺客型,7.5头身,饱满力量,自然站姿,男性·刺客型 / 7.5头身 / 饱满力量 / 自然站姿
BD0151,男,游侠型,8头身,少年未成型,放松垂手,男性·游侠型 / 8头身 / 少年未成型 / 放松垂手
BD0152,男,剑士型,8头身,中等紧实,重心后坐,男性·剑士型 / 8头身 / 中等紧实 / 重心后坐
BD0153,男,游侠型,7.5头身,精瘦紧致,自然站姿,男性·游侠型 / 7.5头身 / 精瘦紧致 / 自然站姿
BD0154,男,剑士型,8头身,少年未成型,手扶武器,男性·剑士型 / 8头身 / 少年未成型 / 手扶武器
BD0155,男,游侠型,8头身,精瘦紧致,重心前倾,男性·游侠型 / 8头身 / 精瘦紧致 / 重心前倾
BD0156,女,灵巧型,6.5头身,精瘦紧致,放松垂手,女性·灵巧型 / 6.5头身 / 精瘦紧致 / 放松垂手
BD0157,男,战士型,7头身,厚实沉稳,抱臂而立,男性·战士型 / 7头身 / 厚实沉稳 / 抱臂而立
BD0158,女,修长型,8头身,厚实沉稳,抱臂而立,女性·修长型 / 8头身 / 厚实沉稳 / 抱臂而立
BD0159,男,战士型,7头身,厚实沉稳,重心后坐,男性·战士型 / 7头身 / 厚实沉稳 / 重心后坐
BD0160,女,丰盈型,8.5头身,病弱纤薄,抱臂而立,女性·丰盈型 / 8.5头身 / 病弱纤薄 / 抱臂而立
BD0161,女,温和型,8头身,低脂清晰,放松垂手,女性·温和型 / 8头身 / 低脂清晰 / 放松垂手
BD0162,女,精悍型,8.5头身,低脂清晰,重心前倾,女性·精悍型 / 8.5头身 / 低脂清晰 / 重心前倾
BD0163,女,少女型,7头身,低脂清晰,放松垂手,女性·少女型 / 7头身 / 低脂清晰 / 放松垂手
BD0164,女,战斗型,7.5头身,少年未成型,手扶武器,女性·战斗型 / 7.5头身 / 少年未成型 / 手扶武器
BD0165,男,力士型,6.5头身,少年未成型,重心后坐,男性·力士型 / 6.5头身 / 少年未成型 / 重心后坐
BD0166,男,智者型,7头身,厚实沉稳,重心前倾,男性·智者型 / 7头身 / 厚实沉稳 / 重心前倾
BD0167,女,少女型,7头身,非战斗肌,手扶武器,女性·少女型 / 7头身 / 非战斗肌 / 手扶武器
BD0168,女,灵巧型,7头身,中等紧实,重心前倾,女性·灵巧型 / 7头身 / 中等紧实 / 重心前倾
BD0169,男,刺客型,8.5头身,病弱纤薄,放松垂手,男性·刺客型 / 8.5头身 / 病弱纤薄 / 放松垂手
BD0170,男,剑士型,6.5头身,中等紧实,微微下沉,男性·剑士型 / 6.5头身 / 中等紧实 / 微微下沉
BD0171,男,重装型,7.5头身,精瘦紧致,重心前倾,男性·重装型 / 7.5头身 / 精瘦紧致 / 重心前倾
BD0172,男,力士型,7头身,饱满力量,重心前倾,男性·力士型 / 7头身 / 饱满力量 / 重心前倾
BD0173,女,成熟型,8头身,饱满力量,自然站姿,女性·成熟型 / 8头身 / 饱满力量 / 自然站姿
BD0174,男,均衡型,8.5头身,少年未成型,微微下沉,男性·均衡型 / 8.5头身 / 少年未成型 / 微微下沉
BD0175,男,剑士型,7.5头身,饱满力量,侧身戒备,男性·剑士型 / 7.5头身 / 饱满力量 / 侧身戒备
BD0176,女,异族型,8.5头身,精瘦紧致,抱臂而立,女性·异族型 / 8.5头身 / 精瘦紧致 / 抱臂而立
BD0177,女,战斗型,8.5头身,病弱纤薄,重心后坐,女性·战斗型 / 8.5头身 / 病弱纤薄 / 重心后坐
BD0178,男,重装型,7头身,少年未成型,微微下沉,男性·重装型 / 7头身 / 少年未成型 / 微微下沉
BD0179,女,成熟型,8.5头身,精瘦紧致,自然站姿,女性·成熟型 / 8.5头身 / 精瘦紧致 / 自然站姿
BD0180,女,修长型,8.5头身,厚实沉稳,侧身戒备,女性·修长型 / 8.5头身 / 厚实沉稳 / 侧身戒备
BD0181,女,精悍型,8.5头身,中等紧实,抱臂而立,女性·精悍型 / 8.5头身 / 中等紧实 / 抱臂而立
BD0182,男,刺客型,6.5头身,厚实沉稳,微微下沉,男性·刺客型 / 6.5头身 / 厚实沉稳 / 微微下沉
BD0183,男,力士型,7头身,厚实沉稳,手扶武器,男性·力士型 / 7头身 / 厚实沉稳 / 手扶武器
BD0184,男,隐修型,8头身,少年未成型,重心后坐,男性·隐修型 / 8头身 / 少年未成型 / 重心后坐
BD0185,男,战士型,8头身,少年未成型,手扶武器,男性·战士型 / 8头身 / 少年未成型 / 手扶武器
BD0186,男,重装型,6.5头身,饱满力量,重心前倾,男性·重装型 / 6.5头身 / 饱满力量 / 重心前倾
BD0187,男,智者型,8头身,少年未成型,自然站姿,男性·智者型 / 8头身 / 少年未成型 / 自然站姿
BD0188,男,战士型,8头身,精瘦紧致,自然站姿,男性·战士型 / 8头身 / 精瘦紧致 / 自然站姿
BD0189,男,游侠型,7头身,少年未成型,侧身戒备,男性·游侠型 / 7头身 / 少年未成型 / 侧身戒备
BD0190,男,游侠型,8头身,病弱纤薄,侧身戒备,男性·游侠型 / 8头身 / 病弱纤薄 / 侧身戒备
BD0191,女,修长型,7头身,病弱纤薄,微微下沉,女性·修长型 / 7头身 / 病弱纤薄 / 微微下沉
BD0192,女,成熟型,8.5头身,饱满力量,微微下沉,女性·成熟型 / 8.5头身 / 饱满力量 / 微微下沉
BD0193,男,瘦长型,7.5头身,少年未成型,重心前倾,男性·瘦长型 / 7.5头身 / 少年未成型 / 重心前倾
BD0194,男,隐修型,7头身,饱满力量,侧身戒备,男性·隐修型 / 7头身 / 饱满力量 / 侧身戒备
BD0195,男,重装型,6.5头身,中等紧实,自然站姿,男性·重装型 / 6.5头身 / 中等紧实 / 自然站姿
BD0196,男,剑士型,8.5头身,饱满力量,手扶武器,男性·剑士型 / 8.5头身 / 饱满力量 / 手扶武器
BD0197,女,战斗型,8.5头身,低脂清晰,重心后坐,女性·战斗型 / 8.5头身 / 低脂清晰 / 重心后坐
BD0198,男,均衡型,7.5头身,精瘦紧致,微微下沉,男性·均衡型 / 7.5头身 / 精瘦紧致 / 微微下沉
BD0199,男,瘦长型,8.5头身,厚实沉稳,侧身戒备,男性·瘦长型 / 8.5头身 / 厚实沉稳 / 侧身戒备
BD0200,男,战士型,8头身,非战斗肌,微微下沉,男性·战士型 / 8头身 / 非战斗肌 / 微微下沉
BD0201,男,智者型,7头身,中等紧实,抱臂而立,男性·智者型 / 7头身 / 中等紧实 / 抱臂而立
BD0202,女,猎手型,7.5头身,厚实沉稳,侧身戒备,女性·猎手型 / 7.5头身 / 厚实沉稳 / 侧身戒备
BD0203,女,精悍型,8.5头身,厚实沉稳,重心前倾,女性·精悍型 / 8.5头身 / 厚实沉稳 / 重心前倾
BD0204,男,重装型,8头身,饱满力量,放松垂手,男性·重装型 / 8头身 / 饱满力量 / 放松垂手
BD0205,女,灵巧型,7.5头身,饱满力量,放松垂手,女性·灵巧型 / 7.5头身 / 饱满力量 / 放松垂手
BD0206,男,均衡型,8.5头身,低脂清晰,放松垂手,男性·均衡型 / 8.5头身 / 低脂清晰 / 放松垂手
BD0207,女,战斗型,6.5头身,中等紧实,放松垂手,女性·战斗型 / 6.5头身 / 中等紧实 / 放松垂手
BD0208,男,剑士型,7.5头身,低脂清晰,自然站姿,男性·剑士型 / 7.5头身 / 低脂清晰 / 自然站姿
BD0209,男,智者型,8头身,中等紧实,放松垂手,男性·智者型 / 8头身 / 中等紧实 / 放松垂手
BD0210,男,剑士型,7头身,厚实沉稳,抱臂而立,男性·剑士型 / 7头身 / 厚实沉稳 / 抱臂而立
BD0211,男,力士型,8头身,厚实沉稳,重心后坐,男性·力士型 / 8头身 / 厚实沉稳 / 重心后坐
BD0212,男,剑士型,6.5头身,少年未成型,抱臂而立,男性·剑士型 / 6.5头身 / 少年未成型 / 抱臂而立
BD0213,女,少女型,8.5头身,中等紧实,微微下沉,女性·少女型 / 8.5头身 / 中等紧实 / 微微下沉
BD0214,男,隐修型,6.5头身,中等紧实,放松垂手,男性·隐修型 / 6.5头身 / 中等紧实 / 放松垂手
BD0215,男,瘦长型,7.5头身,病弱纤薄,侧身戒备,男性·瘦长型 / 7.5头身 / 病弱纤薄 / 侧身戒备
BD0216,男,游侠型,7.5头身,非战斗肌,侧身戒备,男性·游侠型 / 7.5头身 / 非战斗肌 / 侧身戒备
BD0217,男,游侠型,7.5头身,饱满力量,重心前倾,男性·游侠型 / 7.5头身 / 饱满力量 / 重心前倾
BD0218,女,修长型,8.5头身,低脂清晰,侧身戒备,女性·修长型 / 8.5头身 / 低脂清晰 / 侧身戒备
BD0219,女,丰盈型,8头身,低脂清晰,自然站姿,女性·丰盈型 / 8头身 / 低脂清晰 / 自然站姿
BD0220,女,丰盈型,7头身,低脂清晰,放松垂手,女性·丰盈型 / 7头身 / 低脂清晰 / 放松垂手
BD0221,女,精悍型,8头身,精瘦紧致,微微下沉,女性·精悍型 / 8头身 / 精瘦紧致 / 微微下沉
BD0222,女,温和型,7.5头身,低脂清晰,抱臂而立,女性·温和型 / 7.5头身 / 低脂清晰 / 抱臂而立
BD0223,女,猎手型,7.5头身,病弱纤薄,放松垂手,女性·猎手型 / 7.5头身 / 病弱纤薄 / 放松垂手
BD0224,女,丰盈型,8.5头身,中等紧实,手扶武器,女性·丰盈型 / 8.5头身 / 中等紧实 / 手扶武器
BD0225,女,温和型,6.5头身,精瘦紧致,侧身戒备,女性·温和型 / 6.5头身 / 精瘦紧致 / 侧身戒备
BD0226,男,战士型,8.5头身,病弱纤薄,重心后坐,男性·战士型 / 8.5头身 / 病弱纤薄 / 重心后坐
BD0227,女,异族型,6.5头身,厚实沉稳,重心后坐,女性·异族型 / 6.5头身 / 厚实沉稳 / 重心后坐
BD0228,男,隐修型,7头身,非战斗肌,放松垂手,男性·隐修型 / 7头身 / 非战斗肌 / 放松垂手
BD0229,女,丰盈型,7头身,精瘦紧致,重心前倾,女性·丰盈型 / 7头身 / 精瘦紧致 / 重心前倾
BD0230,男,瘦长型,7.5头身,中等紧实,侧身戒备,男性·瘦长型 / 7.5头身 / 中等紧实 / 侧身戒备
BD0231,男,力士型,6.5头身,饱满力量,手扶武器,男性·力士型 / 6.5头身 / 饱满力量 / 手扶武器
BD0232,女,修长型,7头身,饱满力量,自然站姿,女性·修长型 / 7头身 / 饱满力量 / 自然站姿
BD0233,女,少女型,8头身,少年未成型,抱臂而立,女性·少女型 / 8头身 / 少年未成型 / 抱臂而立
BD0234,女,成熟型,7.5头身,低脂清晰,微微下沉,女性·成熟型 / 7.5头身 / 低脂清晰 / 微微下沉
BD0235,男,均衡型,7头身,少年未成型,手扶武器,男性·均衡型 / 7头身 / 少年未成型 / 手扶武器
BD0236,女,异族型,6.5头身,病弱纤薄,重心后坐,女性·异族型 / 6.5头身 / 病弱纤薄 / 重心后坐
BD0237,女,战斗型,7头身,少年未成型,放松垂手,女性·战斗型 / 7头身 / 少年未成型 / 放松垂手
BD0238,男,均衡型,6.5头身,中等紧实,侧身戒备,男性·均衡型 / 6.5头身 / 中等紧实 / 侧身戒备
BD0239,女,丰盈型,8头身,厚实沉稳,手扶武器,女性·丰盈型 / 8头身 / 厚实沉稳 / 手扶武器
BD0240,男,隐修型,7头身,精瘦紧致,抱臂而立,男性·隐修型 / 7头身 / 精瘦紧致 / 抱臂而立
BD0241,男,瘦长型,6.5头身,非战斗肌,手扶武器,男性·瘦长型 / 6.5头身 / 非战斗肌 / 手扶武器
BD0242,男,力士型,8.5头身,厚实沉稳,自然站姿,男性·力士型 / 8.5头身 / 厚实沉稳 / 自然站姿
BD0243,男,刺客型,7.5头身,中等紧实,微微下沉,男性·刺客型 / 7.5头身 / 中等紧实 / 微微下沉
BD0244,男,力士型,6.5头身,精瘦紧致,侧身戒备,男性·力士型 / 6.5头身 / 精瘦紧致 / 侧身戒备
BD0245,男,均衡型,6.5头身,少年未成型,侧身戒备,男性·均衡型 / 6.5头身 / 少年未成型 / 侧身戒备
BD0246,男,战士型,7.5头身,饱满力量,手扶武器,男性·战士型 / 7.5头身 / 饱满力量 / 手扶武器
BD0247,女,猎手型,8头身,非战斗肌,重心后坐,女性·猎手型 / 8头身 / 非战斗肌 / 重心后坐
BD0248,女,精悍型,7头身,少年未成型,重心前倾,女性·精悍型 / 7头身 / 少年未成型 / 重心前倾
BD0249,女,成熟型,8.5头身,厚实沉稳,抱臂而立,女性·成熟型 / 8.5头身 / 厚实沉稳 / 抱臂而立
BD0250,女,战斗型,6.5头身,厚实沉稳,重心前倾,女性·战斗型 / 6.5头身 / 厚实沉稳 / 重心前倾
BD0251,男,重装型,8.5头身,低脂清晰,侧身戒备,男性·重装型 / 8.5头身 / 低脂清晰 / 侧身戒备
BD0252,女,灵巧型,6.5头身,非战斗肌,重心前倾,女性·灵巧型 / 6.5头身 / 非战斗肌 / 重心前倾
BD0253,男,重装型,8头身,精瘦紧致,侧身戒备,男性·重装型 / 8头身 / 精瘦紧致 / 侧身戒备
BD0254,男,刺客型,7.5头身,饱满力量,放松垂手,男性·刺客型 / 7.5头身 / 饱满力量 / 放松垂手
BD0255,男,游侠型,8.5头身,中等紧实,侧身戒备,男性·游侠型 / 8.5头身 / 中等紧实 / 侧身戒备
BD0256,女,丰盈型,8.5头身,非战斗肌,重心前倾,女性·丰盈型 / 8.5头身 / 非战斗肌 / 重心前倾
BD0257,女,异族型,8头身,病弱纤薄,重心前倾,女性·异族型 / 8头身 / 病弱纤薄 / 重心前倾
BD0258,男,刺客型,8头身,厚实沉稳,抱臂而立,男性·刺客型 / 8头身 / 厚实沉稳 / 抱臂而立
BD0259,女,少女型,6.5头身,中等紧实,手扶武器,女性·少女型 / 6.5头身 / 中等紧实 / 手扶武器
BD0260,女,异族型,8头身,病弱纤薄,微微下沉,女性·异族型 / 8头身 / 病弱纤薄 / 微微下沉
BD0261,女,灵巧型,6.5头身,中等紧实,放松垂手,女性·灵巧型 / 6.5头身 / 中等紧实 / 放松垂手
BD0262,女,灵巧型,7.5头身,病弱纤薄,手扶武器,女性·灵巧型 / 7.5头身 / 病弱纤薄 / 手扶武器
BD0263,女,丰盈型,7.5头身,病弱纤薄,自然站姿,女性·丰盈型 / 7.5头身 / 病弱纤薄 / 自然站姿
BD0264,女,少女型,7头身,中等紧实,抱臂而立,女性·少女型 / 7头身 / 中等紧实 / 抱臂而立
BD0265,男,隐修型,8.5头身,少年未成型,侧身戒备,男性·隐修型 / 8.5头身 / 少年未成型 / 侧身戒备
BD0266,男,瘦长型,8.5头身,病弱纤薄,手扶武器,男性·瘦长型 / 8.5头身 / 病弱纤薄 / 手扶武器
BD0267,女,成熟型,7.5头身,中等紧实,放松垂手,女性·成熟型 / 7.5头身 / 中等紧实 / 放松垂手
BD0268,女,精悍型,8.5头身,非战斗肌,抱臂而立,女性·精悍型 / 8.5头身 / 非战斗肌 / 抱臂而立
BD0269,女,异族型,7.5头身,中等紧实,放松垂手,女性·异族型 / 7.5头身 / 中等紧实 / 放松垂手
BD0270,女,战斗型,6.5头身,病弱纤薄,放松垂手,女性·战斗型 / 6.5头身 / 病弱纤薄 / 放松垂手
BD0271,女,灵巧型,7.5头身,饱满力量,微微下沉,女性·灵巧型 / 7.5头身 / 饱满力量 / 微微下沉
BD0272,女,战斗型,6.5头身,精瘦紧致,侧身戒备,女性·战斗型 / 6.5头身 / 精瘦紧致 / 侧身戒备
BD0273,女,成熟型,6.5头身,厚实沉稳,微微下沉,女性·成熟型 / 6.5头身 / 厚实沉稳 / 微微下沉
BD0274,男,力士型,6.5头身,精瘦紧致,微微下沉,男性·力士型 / 6.5头身 / 精瘦紧致 / 微微下沉
BD0275,女,成熟型,8.5头身,厚实沉稳,侧身戒备,女性·成熟型 / 8.5头身 / 厚实沉稳 / 侧身戒备
BD0276,女,战斗型,6.5头身,饱满力量,重心后坐,女性·战斗型 / 6.5头身 / 饱满力量 / 重心后坐
BD0277,女,异族型,8头身,厚实沉稳,手扶武器,女性·异族型 / 8头身 / 厚实沉稳 / 手扶武器
BD0278,女,灵巧型,8头身,少年未成型,重心前倾,女性·灵巧型 / 8头身 / 少年未成型 / 重心前倾
BD0279,男,瘦长型,7头身,精瘦紧致,手扶武器,男性·瘦长型 / 7头身 / 精瘦紧致 / 手扶武器
BD0280,女,丰盈型,6.5头身,低脂清晰,重心前倾,女性·丰盈型 / 6.5头身 / 低脂清晰 / 重心前倾
BD0281,女,异族型,8.5头身,病弱纤薄,侧身戒备,女性·异族型 / 8.5头身 / 病弱纤薄 / 侧身戒备
BD0282,男,剑士型,7头身,精瘦紧致,重心前倾,男性·剑士型 / 7头身 / 精瘦紧致 / 重心前倾
BD0283,女,猎手型,8.5头身,非战斗肌,放松垂手,女性·猎手型 / 8.5头身 / 非战斗肌 / 放松垂手
BD0284,女,灵巧型,6.5头身,非战斗肌,自然站姿,女性·灵巧型 / 6.5头身 / 非战斗肌 / 自然站姿
BD0285,女,精悍型,8.5头身,精瘦紧致,微微下沉,女性·精悍型 / 8.5头身 / 精瘦紧致 / 微微下沉
BD0286,女,温和型,6.5头身,厚实沉稳,自然站姿,女性·温和型 / 6.5头身 / 厚实沉稳 / 自然站姿
BD0287,男,智者型,7头身,低脂清晰,放松垂手,男性·智者型 / 7头身 / 低脂清晰 / 放松垂手
BD0288,女,猎手型,6.5头身,低脂清晰,自然站姿,女性·猎手型 / 6.5头身 / 低脂清晰 / 自然站姿
BD0289,女,温和型,8头身,中等紧实,微微下沉,女性·温和型 / 8头身 / 中等紧实 / 微微下沉
BD0290,男,隐修型,8.5头身,少年未成型,重心后坐,男性·隐修型 / 8.5头身 / 少年未成型 / 重心后坐
BD0291,女,异族型,7头身,低脂清晰,侧身戒备,女性·异族型 / 7头身 / 低脂清晰 / 侧身戒备
BD0292,女,战斗型,6.5头身,非战斗肌,微微下沉,女性·战斗型 / 6.5头身 / 非战斗肌 / 微微下沉
BD0293,女,猎手型,6.5头身,饱满力量,放松垂手,女性·猎手型 / 6.5头身 / 饱满力量 / 放松垂手
BD0294,女,战斗型,8.5头身,中等紧实,重心后坐,女性·战斗型 / 8.5头身 / 中等紧实 / 重心后坐
BD0295,女,精悍型,7.5头身,少年未成型,微微下沉,女性·精悍型 / 7.5头身 / 少年未成型 / 微微下沉
BD0296,女,成熟型,7.5头身,中等紧实,重心前倾,女性·成熟型 / 7.5头身 / 中等紧实 / 重心前倾
BD0297,男,智者型,8头身,低脂清晰,微微下沉,男性·智者型 / 8头身 / 低脂清晰 / 微微下沉
BD0298,男,战士型,6.5头身,中等紧实,抱臂而立,男性·战士型 / 6.5头身 / 中等紧实 / 抱臂而立
BD0299,男,游侠型,7头身,中等紧实,抱臂而立,男性·游侠型 / 7头身 / 中等紧实 / 抱臂而立
BD0300,女,成熟型,8.5头身,中等紧实,放松垂手,女性·成熟型 / 8.5头身 / 中等紧实 / 放松垂手
BD0301,女,修长型,6.5头身,精瘦紧致,抱臂而立,女性·修长型 / 6.5头身 / 精瘦紧致 / 抱臂而立
BD0302,女,修长型,8头身,饱满力量,手扶武器,女性·修长型 / 8头身 / 饱满力量 / 手扶武器
BD0303,女,成熟型,8头身,低脂清晰,微微下沉,女性·成熟型 / 8头身 / 低脂清晰 / 微微下沉
BD0304,男,均衡型,7头身,病弱纤薄,侧身戒备,男性·均衡型 / 7头身 / 病弱纤薄 / 侧身戒备
BD0305,女,战斗型,8.5头身,饱满力量,微微下沉,女性·战斗型 / 8.5头身 / 饱满力量 / 微微下沉
BD0306,男,战士型,7头身,中等紧实,抱臂而立,男性·战士型 / 7头身 / 中等紧实 / 抱臂而立
BD0307,女,猎手型,7头身,低脂清晰,重心后坐,女性·猎手型 / 7头身 / 低脂清晰 / 重心后坐
BD0308,男,均衡型,6.5头身,厚实沉稳,侧身戒备,男性·均衡型 / 6.5头身 / 厚实沉稳 / 侧身戒备
BD0309,女,战斗型,7.5头身,少年未成型,重心后坐,女性·战斗型 / 7.5头身 / 少年未成型 / 重心后坐
BD0310,女,精悍型,8头身,饱满力量,重心前倾,女性·精悍型 / 8头身 / 饱满力量 / 重心前倾
BD0311,女,异族型,8头身,低脂清晰,侧身戒备,女性·异族型 / 8头身 / 低脂清晰 / 侧身戒备
BD0312,男,智者型,7头身,低脂清晰,重心后坐,男性·智者型 / 7头身 / 低脂清晰 / 重心后坐
BD0313,男,剑士型,7.5头身,厚实沉稳,微微下沉,男性·剑士型 / 7.5头身 / 厚实沉稳 / 微微下沉
BD0314,女,成熟型,7头身,中等紧实,抱臂而立,女性·成熟型 / 7头身 / 中等紧实 / 抱臂而立
BD0315,女,成熟型,8.5头身,中等紧实,重心后坐,女性·成熟型 / 8.5头身 / 中等紧实 / 重心后坐
BD0316,男,重装型,6.5头身,低脂清晰,重心后坐,男性·重装型 / 6.5头身 / 低脂清晰 / 重心后坐
BD0317,男,战士型,8头身,非战斗肌,放松垂手,男性·战士型 / 8头身 / 非战斗肌 / 放松垂手
BD0318,女,丰盈型,7.5头身,病弱纤薄,手扶武器,女性·丰盈型 / 7.5头身 / 病弱纤薄 / 手扶武器
BD0319,女,精悍型,7头身,饱满力量,侧身戒备,女性·精悍型 / 7头身 / 饱满力量 / 侧身戒备
BD0320,男,瘦长型,8.5头身,少年未成型,自然站姿,男性·瘦长型 / 8.5头身 / 少年未成型 / 自然站姿
BD0321,男,重装型,8头身,少年未成型,自然站姿,男性·重装型 / 8头身 / 少年未成型 / 自然站姿
BD0322,男,隐修型,6.5头身,厚实沉稳,微微下沉,男性·隐修型 / 6.5头身 / 厚实沉稳 / 微微下沉
BD0323,女,成熟型,8.5头身,中等紧实,重心前倾,女性·成熟型 / 8.5头身 / 中等紧实 / 重心前倾
BD0324,男,均衡型,7头身,低脂清晰,重心前倾,男性·均衡型 / 7头身 / 低脂清晰 / 重心前倾
BD0325,男,均衡型,7.5头身,病弱纤薄,手扶武器,男性·均衡型 / 7.5头身 / 病弱纤薄 / 手扶武器
BD0326,女,灵巧型,8.5头身,病弱纤薄,重心后坐,女性·灵巧型 / 8.5头身 / 病弱纤薄 / 重心后坐
BD0327,男,均衡型,7头身,少年未成型,侧身戒备,男性·均衡型 / 7头身 / 少年未成型 / 侧身戒备
BD0328,男,剑士型,8头身,少年未成型,侧身戒备,男性·剑士型 / 8头身 / 少年未成型 / 侧身戒备
BD0329,女,少女型,8头身,病弱纤薄,手扶武器,女性·少女型 / 8头身 / 病弱纤薄 / 手扶武器
BD0330,女,精悍型,8头身,精瘦紧致,抱臂而立,女性·精悍型 / 8头身 / 精瘦紧致 / 抱臂而立
BD0331,男,隐修型,7.5头身,中等紧实,自然站姿,男性·隐修型 / 7.5头身 / 中等紧实 / 自然站姿
BD0332,女,温和型,7.5头身,精瘦紧致,手扶武器,女性·温和型 / 7.5头身 / 精瘦紧致 / 手扶武器
BD0333,男,均衡型,8头身,精瘦紧致,放松垂手,男性·均衡型 / 8头身 / 精瘦紧致 / 放松垂手
BD0334,男,隐修型,8.5头身,少年未成型,重心前倾,男性·隐修型 / 8.5头身 / 少年未成型 / 重心前倾
BD0335,女,丰盈型,7.5头身,厚实沉稳,抱臂而立,女性·丰盈型 / 7.5头身 / 厚实沉稳 / 抱臂而立
BD0336,女,温和型,7.5头身,中等紧实,微微下沉,女性·温和型 / 7.5头身 / 中等紧实 / 微微下沉
BD0337,男,战士型,8头身,厚实沉稳,手扶武器,男性·战士型 / 8头身 / 厚实沉稳 / 手扶武器
BD0338,男,战士型,8头身,低脂清晰,重心前倾,男性·战士型 / 8头身 / 低脂清晰 / 重心前倾
BD0339,男,智者型,8.5头身,低脂清晰,重心前倾,男性·智者型 / 8.5头身 / 低脂清晰 / 重心前倾
BD0340,女,灵巧型,7头身,精瘦紧致,自然站姿,女性·灵巧型 / 7头身 / 精瘦紧致 / 自然站姿
BD0341,男,瘦长型,6.5头身,非战斗肌,微微下沉,男性·瘦长型 / 6.5头身 / 非战斗肌 / 微微下沉
BD0342,男,战士型,8头身,低脂清晰,侧身戒备,男性·战士型 / 8头身 / 低脂清晰 / 侧身戒备
BD0343,男,刺客型,8.5头身,非战斗肌,抱臂而立,男性·刺客型 / 8.5头身 / 非战斗肌 / 抱臂而立
BD0344,男,隐修型,7头身,厚实沉稳,抱臂而立,男性·隐修型 / 7头身 / 厚实沉稳 / 抱臂而立
BD0345,女,丰盈型,7头身,低脂清晰,重心后坐,女性·丰盈型 / 7头身 / 低脂清晰 / 重心后坐
BD0346,男,游侠型,7头身,低脂清晰,重心前倾,男性·游侠型 / 7头身 / 低脂清晰 / 重心前倾
BD0347,男,剑士型,7头身,低脂清晰,自然站姿,男性·剑士型 / 7头身 / 低脂清晰 / 自然站姿
BD0348,女,修长型,6.5头身,精瘦紧致,重心前倾,女性·修长型 / 6.5头身 / 精瘦紧致 / 重心前倾
BD0349,女,猎手型,6.5头身,病弱纤薄,抱臂而立,女性·猎手型 / 6.5头身 / 病弱纤薄 / 抱臂而立
BD0350,女,成熟型,7.5头身,非战斗肌,侧身戒备,女性·成熟型 / 7.5头身 / 非战斗肌 / 侧身戒备
BD0351,男,战士型,7.5头身,病弱纤薄,重心前倾,男性·战士型 / 7.5头身 / 病弱纤薄 / 重心前倾
BD0352,男,战士型,8.5头身,精瘦紧致,抱臂而立,男性·战士型 / 8.5头身 / 精瘦紧致 / 抱臂而立
BD0353,男,重装型,8.5头身,中等紧实,放松垂手,男性·重装型 / 8.5头身 / 中等紧实 / 放松垂手
BD0354,女,成熟型,8头身,低脂清晰,手扶武器,女性·成熟型 / 8头身 / 低脂清晰 / 手扶武器
BD0355,女,修长型,7.5头身,低脂清晰,放松垂手,女性·修长型 / 7.5头身 / 低脂清晰 / 放松垂手
BD0356,女,战斗型,8头身,非战斗肌,重心前倾,女性·战斗型 / 8头身 / 非战斗肌 / 重心前倾
BD0357,男,战士型,8头身,厚实沉稳,重心后坐,男性·战士型 / 8头身 / 厚实沉稳 / 重心后坐
BD0358,男,重装型,8头身,低脂清晰,侧身戒备,男性·重装型 / 8头身 / 低脂清晰 / 侧身戒备
BD0359,男,剑士型,7.5头身,少年未成型,自然站姿,男性·剑士型 / 7.5头身 / 少年未成型 / 自然站姿
BD0360,女,成熟型,7.5头身,非战斗肌,重心前倾,女性·成熟型 / 7.5头身 / 非战斗肌 / 重心前倾
BD0361,女,异族型,7.5头身,少年未成型,抱臂而立,女性·异族型 / 7.5头身 / 少年未成型 / 抱臂而立
BD0362,女,精悍型,8头身,非战斗肌,放松垂手,女性·精悍型 / 8头身 / 非战斗肌 / 放松垂手
BD0363,女,修长型,6.5头身,低脂清晰,侧身戒备,女性·修长型 / 6.5头身 / 低脂清晰 / 侧身戒备
BD0364,女,成熟型,8.5头身,低脂清晰,微微下沉,女性·成熟型 / 8.5头身 / 低脂清晰 / 微微下沉
BD0365,女,灵巧型,7.5头身,厚实沉稳,侧身戒备,女性·灵巧型 / 7.5头身 / 厚实沉稳 / 侧身戒备
BD0366,男,隐修型,6.5头身,中等紧实,侧身戒备,男性·隐修型 / 6.5头身 / 中等紧实 / 侧身戒备
BD0367,男,刺客型,6.5头身,饱满力量,微微下沉,男性·刺客型 / 6.5头身 / 饱满力量 / 微微下沉
BD0368,女,猎手型,7头身,中等紧实,抱臂而立,女性·猎手型 / 7头身 / 中等紧实 / 抱臂而立
BD0369,男,重装型,8.5头身,精瘦紧致,重心前倾,男性·重装型 / 8.5头身 / 精瘦紧致 / 重心前倾
BD0370,男,智者型,8头身,非战斗肌,重心后坐,男性·智者型 / 8头身 / 非战斗肌 / 重心后坐
BD0371,女,猎手型,8头身,饱满力量,重心后坐,女性·猎手型 / 8头身 / 饱满力量 / 重心后坐
BD0372,男,战士型,7.5头身,病弱纤薄,自然站姿,男性·战士型 / 7.5头身 / 病弱纤薄 / 自然站姿
BD0373,女,灵巧型,6.5头身,精瘦紧致,抱臂而立,女性·灵巧型 / 6.5头身 / 精瘦紧致 / 抱臂而立
BD0374,男,力士型,6.5头身,病弱纤薄,微微下沉,男性·力士型 / 6.5头身 / 病弱纤薄 / 微微下沉
BD0375,女,异族型,7.5头身,精瘦紧致,重心后坐,女性·异族型 / 7.5头身 / 精瘦紧致 / 重心后坐
BD0376,男,瘦长型,7头身,病弱纤薄,放松垂手,男性·瘦长型 / 7头身 / 病弱纤薄 / 放松垂手
BD0377,男,游侠型,7头身,精瘦紧致,抱臂而立,男性·游侠型 / 7头身 / 精瘦紧致 / 抱臂而立
BD0378,男,战士型,6.5头身,精瘦紧致,重心后坐,男性·战士型 / 6.5头身 / 精瘦紧致 / 重心后坐
BD0379,男,重装型,6.5头身,病弱纤薄,手扶武器,男性·重装型 / 6.5头身 / 病弱纤薄 / 手扶武器
BD0380,男,剑士型,6.5头身,病弱纤薄,自然站姿,男性·剑士型 / 6.5头身 / 病弱纤薄 / 自然站姿
BD0381,男,刺客型,8头身,低脂清晰,抱臂而立,男性·刺客型 / 8头身 / 低脂清晰 / 抱臂而立
BD0382,男,游侠型,8.5头身,厚实沉稳,手扶武器,男性·游侠型 / 8.5头身 / 厚实沉稳 / 手扶武器
BD0383,男,刺客型,6.5头身,饱满力量,重心前倾,男性·刺客型 / 6.5头身 / 饱满力量 / 重心前倾
BD0384,女,温和型,7.5头身,厚实沉稳,手扶武器,女性·温和型 / 7.5头身 / 厚实沉稳 / 手扶武器
BD0385,男,刺客型,8.5头身,病弱纤薄,重心后坐,男性·刺客型 / 8.5头身 / 病弱纤薄 / 重心后坐
BD0386,男,剑士型,8头身,中等紧实,放松垂手,男性·剑士型 / 8头身 / 中等紧实 / 放松垂手
BD0387,女,丰盈型,8.5头身,饱满力量,抱臂而立,女性·丰盈型 / 8.5头身 / 饱满力量 / 抱臂而立
BD0388,男,瘦长型,7.5头身,中等紧实,重心后坐,男性·瘦长型 / 7.5头身 / 中等紧实 / 重心后坐
BD0389,男,力士型,7头身,非战斗肌,微微下沉,男性·力士型 / 7头身 / 非战斗肌 / 微微下沉
BD0390,男,力士型,7.5头身,饱满力量,微微下沉,男性·力士型 / 7.5头身 / 饱满力量 / 微微下沉
BD0391,女,修长型,7.5头身,中等紧实,微微下沉,女性·修长型 / 7.5头身 / 中等紧实 / 微微下沉
BD0392,女,温和型,8头身,厚实沉稳,侧身戒备,女性·温和型 / 8头身 / 厚实沉稳 / 侧身戒备
BD0393,女,温和型,6.5头身,厚实沉稳,放松垂手,女性·温和型 / 6.5头身 / 厚实沉稳 / 放松垂手
BD0394,男,重装型,8头身,饱满力量,手扶武器,男性·重装型 / 8头身 / 饱满力量 / 手扶武器
BD0395,男,战士型,7头身,精瘦紧致,抱臂而立,男性·战士型 / 7头身 / 精瘦紧致 / 抱臂而立
BD0396,女,战斗型,8头身,厚实沉稳,手扶武器,女性·战斗型 / 8头身 / 厚实沉稳 / 手扶武器
BD0397,女,精悍型,6.5头身,精瘦紧致,重心前倾,女性·精悍型 / 6.5头身 / 精瘦紧致 / 重心前倾
BD0398,女,战斗型,7.5头身,非战斗肌,自然站姿,女性·战斗型 / 7.5头身 / 非战斗肌 / 自然站姿
BD0399,男,智者型,7头身,少年未成型,自然站姿,男性·智者型 / 7头身 / 少年未成型 / 自然站姿
BD0400,女,温和型,8头身,病弱纤薄,重心前倾,女性·温和型 / 8头身 / 病弱纤薄 / 重心前倾
BD0401,男,游侠型,8头身,饱满力量,侧身戒备,男性·游侠型 / 8头身 / 饱满力量 / 侧身戒备
BD0402,女,灵巧型,8.5头身,病弱纤薄,放松垂手,女性·灵巧型 / 8.5头身 / 病弱纤薄 / 放松垂手
BD0403,女,精悍型,7.5头身,低脂清晰,放松垂手,女性·精悍型 / 7.5头身 / 低脂清晰 / 放松垂手
BD0404,男,战士型,7头身,低脂清晰,微微下沉,男性·战士型 / 7头身 / 低脂清晰 / 微微下沉
BD0405,女,少女型,6.5头身,精瘦紧致,重心前倾,女性·少女型 / 6.5头身 / 精瘦紧致 / 重心前倾
BD0406,女,灵巧型,7头身,少年未成型,手扶武器,女性·灵巧型 / 7头身 / 少年未成型 / 手扶武器
BD0407,男,智者型,7头身,厚实沉稳,手扶武器,男性·智者型 / 7头身 / 厚实沉稳 / 手扶武器
BD0408,女,异族型,6.5头身,饱满力量,抱臂而立,女性·异族型 / 6.5头身 / 饱满力量 / 抱臂而立
BD0409,男,力士型,7.5头身,少年未成型,抱臂而立,男性·力士型 / 7.5头身 / 少年未成型 / 抱臂而立
BD0410,男,瘦长型,8头身,精瘦紧致,放松垂手,男性·瘦长型 / 8头身 / 精瘦紧致 / 放松垂手
BD0411,女,猎手型,7.5头身,厚实沉稳,手扶武器,女性·猎手型 / 7.5头身 / 厚实沉稳 / 手扶武器
BD0412,女,猎手型,8头身,低脂清晰,放松垂手,女性·猎手型 / 8头身 / 低脂清晰 / 放松垂手
BD0413,女,少女型,6.5头身,厚实沉稳,抱臂而立,女性·少女型 / 6.5头身 / 厚实沉稳 / 抱臂而立
BD0414,女,战斗型,7头身,精瘦紧致,微微下沉,女性·战斗型 / 7头身 / 精瘦紧致 / 微微下沉
BD0415,男,隐修型,6.5头身,非战斗肌,侧身戒备,男性·隐修型 / 6.5头身 / 非战斗肌 / 侧身戒备
BD0416,女,修长型,6.5头身,病弱纤薄,手扶武器,女性·修长型 / 6.5头身 / 病弱纤薄 / 手扶武器
BD0417,男,力士型,8.5头身,饱满力量,自然站姿,男性·力士型 / 8.5头身 / 饱满力量 / 自然站姿
BD0418,女,灵巧型,6.5头身,厚实沉稳,微微下沉,女性·灵巧型 / 6.5头身 / 厚实沉稳 / 微微下沉
BD0419,女,灵巧型,8头身,病弱纤薄,自然站姿,女性·灵巧型 / 8头身 / 病弱纤薄 / 自然站姿
BD0420,女,灵巧型,7头身,非战斗肌,侧身戒备,女性·灵巧型 / 7头身 / 非战斗肌 / 侧身戒备
BD0421,女,战斗型,7头身,少年未成型,抱臂而立,女性·战斗型 / 7头身 / 少年未成型 / 抱臂而立
BD0422,女,猎手型,7.5头身,饱满力量,手扶武器,女性·猎手型 / 7.5头身 / 饱满力量 / 手扶武器
BD0423,男,刺客型,6.5头身,精瘦紧致,重心前倾,男性·刺客型 / 6.5头身 / 精瘦紧致 / 重心前倾
BD0424,男,刺客型,8头身,中等紧实,放松垂手,男性·刺客型 / 8头身 / 中等紧实 / 放松垂手
BD0425,女,灵巧型,7头身,病弱纤薄,手扶武器,女性·灵巧型 / 7头身 / 病弱纤薄 / 手扶武器
BD0426,女,精悍型,8.5头身,饱满力量,微微下沉,女性·精悍型 / 8.5头身 / 饱满力量 / 微微下沉
BD0427,女,异族型,8.5头身,少年未成型,自然站姿,女性·异族型 / 8.5头身 / 少年未成型 / 自然站姿
BD0428,男,剑士型,7头身,中等紧实,手扶武器,男性·剑士型 / 7头身 / 中等紧实 / 手扶武器
BD0429,女,精悍型,8.5头身,厚实沉稳,自然站姿,女性·精悍型 / 8.5头身 / 厚实沉稳 / 自然站姿
BD0430,男,刺客型,8.5头身,精瘦紧致,抱臂而立,男性·刺客型 / 8.5头身 / 精瘦紧致 / 抱臂而立
BD0431,男,瘦长型,8.5头身,厚实沉稳,抱臂而立,男性·瘦长型 / 8.5头身 / 厚实沉稳 / 抱臂而立
BD0432,男,瘦长型,7.5头身,非战斗肌,重心后坐,男性·瘦长型 / 7.5头身 / 非战斗肌 / 重心后坐
BD0433,女,少女型,6.5头身,低脂清晰,手扶武器,女性·少女型 / 6.5头身 / 低脂清晰 / 手扶武器
BD0434,女,少女型,6.5头身,厚实沉稳,重心后坐,女性·少女型 / 6.5头身 / 厚实沉稳 / 重心后坐
BD0435,女,温和型,8头身,病弱纤薄,侧身戒备,女性·温和型 / 8头身 / 病弱纤薄 / 侧身戒备
BD0436,女,异族型,6.5头身,厚实沉稳,手扶武器,女性·异族型 / 6.5头身 / 厚实沉稳 / 手扶武器
BD0437,男,游侠型,6.5头身,饱满力量,抱臂而立,男性·游侠型 / 6.5头身 / 饱满力量 / 抱臂而立
BD0438,男,智者型,6.5头身,饱满力量,自然站姿,男性·智者型 / 6.5头身 / 饱满力量 / 自然站姿
BD0439,男,游侠型,7.5头身,厚实沉稳,重心前倾,男性·游侠型 / 7.5头身 / 厚实沉稳 / 重心前倾
BD0440,女,丰盈型,7.5头身,中等紧实,侧身戒备,女性·丰盈型 / 7.5头身 / 中等紧实 / 侧身戒备
BD0441,男,均衡型,6.5头身,病弱纤薄,微微下沉,男性·均衡型 / 6.5头身 / 病弱纤薄 / 微微下沉
BD0442,女,异族型,8.5头身,低脂清晰,放松垂手,女性·异族型 / 8.5头身 / 低脂清晰 / 放松垂手
BD0443,男,游侠型,8头身,低脂清晰,自然站姿,男性·游侠型 / 8头身 / 低脂清晰 / 自然站姿
BD0444,男,战士型,7.5头身,饱满力量,自然站姿,男性·战士型 / 7.5头身 / 饱满力量 / 自然站姿
BD0445,男,刺客型,7.5头身,中等紧实,自然站姿,男性·刺客型 / 7.5头身 / 中等紧实 / 自然站姿
BD0446,女,少女型,6.5头身,低脂清晰,抱臂而立,女性·少女型 / 6.5头身 / 低脂清晰 / 抱臂而立
BD0447,女,温和型,8.5头身,饱满力量,重心前倾,女性·温和型 / 8.5头身 / 饱满力量 / 重心前倾
BD0448,女,丰盈型,6.5头身,非战斗肌,自然站姿,女性·丰盈型 / 6.5头身 / 非战斗肌 / 自然站姿
BD0449,男,剑士型,7.5头身,厚实沉稳,重心后坐,男性·剑士型 / 7.5头身 / 厚实沉稳 / 重心后坐
BD0450,男,剑士型,6.5头身,非战斗肌,自然站姿,男性·剑士型 / 6.5头身 / 非战斗肌 / 自然站姿
BD0451,女,战斗型,7头身,非战斗肌,放松垂手,女性·战斗型 / 7头身 / 非战斗肌 / 放松垂手
BD0452,女,修长型,6.5头身,饱满力量,自然站姿,女性·修长型 / 6.5头身 / 饱满力量 / 自然站姿
BD0453,女,修长型,8.5头身,少年未成型,侧身戒备,女性·修长型 / 8.5头身 / 少年未成型 / 侧身戒备
BD0454,女,猎手型,8.5头身,精瘦紧致,重心前倾,女性·猎手型 / 8.5头身 / 精瘦紧致 / 重心前倾
BD0455,男,隐修型,6.5头身,精瘦紧致,手扶武器,男性·隐修型 / 6.5头身 / 精瘦紧致 / 手扶武器
BD0456,男,隐修型,8.5头身,饱满力量,侧身戒备,男性·隐修型 / 8.5头身 / 饱满力量 / 侧身戒备
BD0457,男,剑士型,7.5头身,饱满力量,微微下沉,男性·剑士型 / 7.5头身 / 饱满力量 / 微微下沉
BD0458,女,猎手型,6.5头身,病弱纤薄,侧身戒备,女性·猎手型 / 6.5头身 / 病弱纤薄 / 侧身戒备
BD0459,女,精悍型,8头身,精瘦紧致,放松垂手,女性·精悍型 / 8头身 / 精瘦紧致 / 放松垂手
BD0460,男,均衡型,6.5头身,非战斗肌,微微下沉,男性·均衡型 / 6.5头身 / 非战斗肌 / 微微下沉
BD0461,男,瘦长型,7头身,饱满力量,重心前倾,男性·瘦长型 / 7头身 / 饱满力量 / 重心前倾
BD0462,男,重装型,6.5头身,病弱纤薄,放松垂手,男性·重装型 / 6.5头身 / 病弱纤薄 / 放松垂手
BD0463,男,战士型,7头身,精瘦紧致,手扶武器,男性·战士型 / 7头身 / 精瘦紧致 / 手扶武器
BD0464,男,游侠型,8头身,病弱纤薄,自然站姿,男性·游侠型 / 8头身 / 病弱纤薄 / 自然站姿
BD0465,男,力士型,6.5头身,饱满力量,侧身戒备,男性·力士型 / 6.5头身 / 饱满力量 / 侧身戒备
BD0466,男,瘦长型,8头身,饱满力量,重心前倾,男性·瘦长型 / 8头身 / 饱满力量 / 重心前倾
BD0467,女,成熟型,6.5头身,病弱纤薄,自然站姿,女性·成熟型 / 6.5头身 / 病弱纤薄 / 自然站姿
BD0468,男,重装型,6.5头身,病弱纤薄,侧身戒备,男性·重装型 / 6.5头身 / 病弱纤薄 / 侧身戒备
BD0469,男,智者型,8.5头身,低脂清晰,自然站姿,男性·智者型 / 8.5头身 / 低脂清晰 / 自然站姿
BD0470,男,刺客型,7.5头身,少年未成型,微微下沉,男性·刺客型 / 7.5头身 / 少年未成型 / 微微下沉
BD0471,女,精悍型,7头身,病弱纤薄,自然站姿,女性·精悍型 / 7头身 / 病弱纤薄 / 自然站姿
BD0472,女,少女型,7.5头身,病弱纤薄,侧身戒备,女性·少女型 / 7.5头身 / 病弱纤薄 / 侧身戒备
BD0473,女,丰盈型,6.5头身,精瘦紧致,抱臂而立,女性·丰盈型 / 6.5头身 / 精瘦紧致 / 抱臂而立
BD0474,男,战士型,7头身,低脂清晰,重心前倾,男性·战士型 / 7头身 / 低脂清晰 / 重心前倾
BD0475,男,力士型,7头身,精瘦紧致,微微下沉,男性·力士型 / 7头身 / 精瘦紧致 / 微微下沉
BD0476,女,异族型,6.5头身,低脂清晰,放松垂手,女性·异族型 / 6.5头身 / 低脂清晰 / 放松垂手
BD0477,女,战斗型,7.5头身,饱满力量,重心前倾,女性·战斗型 / 7.5头身 / 饱满力量 / 重心前倾
BD0478,男,隐修型,8.5头身,饱满力量,重心前倾,男性·隐修型 / 8.5头身 / 饱满力量 / 重心前倾
BD0479,女,温和型,7头身,病弱纤薄,重心后坐,女性·温和型 / 7头身 / 病弱纤薄 / 重心后坐
BD0480,女,温和型,8.5头身,中等紧实,重心后坐,女性·温和型 / 8.5头身 / 中等紧实 / 重心后坐
BD0481,女,修长型,8头身,精瘦紧致,侧身戒备,女性·修长型 / 8头身 / 精瘦紧致 / 侧身戒备
BD0482,女,异族型,8头身,中等紧实,手扶武器,女性·异族型 / 8头身 / 中等紧实 / 手扶武器
BD0483,女,精悍型,7头身,精瘦紧致,手扶武器,女性·精悍型 / 7头身 / 精瘦紧致 / 手扶武器
BD0484,男,均衡型,8头身,非战斗肌,重心后坐,男性·均衡型 / 8头身 / 非战斗肌 / 重心后坐
BD0485,女,精悍型,8.5头身,病弱纤薄,放松垂手,女性·精悍型 / 8.5头身 / 病弱纤薄 / 放松垂手
BD0486,男,游侠型,7.5头身,精瘦紧致,重心后坐,男性·游侠型 / 7.5头身 / 精瘦紧致 / 重心后坐
BD0487,女,灵巧型,8.5头身,少年未成型,抱臂而立,女性·灵巧型 / 8.5头身 / 少年未成型 / 抱臂而立
BD0488,女,战斗型,6.5头身,中等紧实,重心前倾,女性·战斗型 / 6.5头身 / 中等紧实 / 重心前倾
BD0489,女,精悍型,8头身,精瘦紧致,重心后坐,女性·精悍型 / 8头身 / 精瘦紧致 / 重心后坐
BD0490,男,智者型,7.5头身,病弱纤薄,重心后坐,男性·智者型 / 7.5头身 / 病弱纤薄 / 重心后坐
BD0491,男,刺客型,8.5头身,精瘦紧致,自然站姿,男性·刺客型 / 8.5头身 / 精瘦紧致 / 自然站姿
BD0492,男,隐修型,8头身,少年未成型,重心前倾,男性·隐修型 / 8头身 / 少年未成型 / 重心前倾
BD0493,女,成熟型,8.5头身,少年未成型,自然站姿,女性·成熟型 / 8.5头身 / 少年未成型 / 自然站姿
BD0494,男,重装型,8头身,病弱纤薄,微微下沉,男性·重装型 / 8头身 / 病弱纤薄 / 微微下沉
BD0495,女,异族型,6.5头身,中等紧实,自然站姿,女性·异族型 / 6.5头身 / 中等紧实 / 自然站姿
BD0496,男,游侠型,7.5头身,少年未成型,重心后坐,男性·游侠型 / 7.5头身 / 少年未成型 / 重心后坐
BD0497,女,少女型,8.5头身,饱满力量,自然站姿,女性·少女型 / 8.5头身 / 饱满力量 / 自然站姿
BD0498,女,精悍型,8.5头身,饱满力量,侧身戒备,女性·精悍型 / 8.5头身 / 饱满力量 / 侧身戒备
BD0499,男,均衡型,8.5头身,精瘦紧致,手扶武器,男性·均衡型 / 8.5头身 / 精瘦紧致 / 手扶武器
BD0500,男,隐修型,8.5头身,饱满力量,放松垂手,男性·隐修型 / 8.5头身 / 饱满力量 / 放松垂手
BD0501,男,智者型,6.5头身,中等紧实,侧身戒备,男性·智者型 / 6.5头身 / 中等紧实 / 侧身戒备
BD0502,女,异族型,8头身,低脂清晰,抱臂而立,女性·异族型 / 8头身 / 低脂清晰 / 抱臂而立
BD0503,女,温和型,8头身,精瘦紧致,放松垂手,女性·温和型 / 8头身 / 精瘦紧致 / 放松垂手
BD0504,男,剑士型,8.5头身,中等紧实,微微下沉,男性·剑士型 / 8.5头身 / 中等紧实 / 微微下沉
BD0505,女,异族型,7头身,病弱纤薄,微微下沉,女性·异族型 / 7头身 / 病弱纤薄 / 微微下沉
BD0506,女,精悍型,7.5头身,非战斗肌,自然站姿,女性·精悍型 / 7.5头身 / 非战斗肌 / 自然站姿
BD0507,女,少女型,7.5头身,厚实沉稳,侧身戒备,女性·少女型 / 7.5头身 / 厚实沉稳 / 侧身戒备
BD0508,男,刺客型,8头身,精瘦紧致,侧身戒备,男性·刺客型 / 8头身 / 精瘦紧致 / 侧身戒备
BD0509,女,战斗型,8.5头身,低脂清晰,侧身戒备,女性·战斗型 / 8.5头身 / 低脂清晰 / 侧身戒备
BD0510,男,隐修型,7.5头身,病弱纤薄,重心前倾,男性·隐修型 / 7.5头身 / 病弱纤薄 / 重心前倾
BD0511,男,战士型,6.5头身,少年未成型,重心前倾,男性·战士型 / 6.5头身 / 少年未成型 / 重心前倾
BD0512,女,战斗型,8头身,厚实沉稳,放松垂手,女性·战斗型 / 8头身 / 厚实沉稳 / 放松垂手
BD0513,女,猎手型,7头身,精瘦紧致,手扶武器,女性·猎手型 / 7头身 / 精瘦紧致 / 手扶武器
BD0514,女,异族型,7头身,少年未成型,自然站姿,女性·异族型 / 7头身 / 少年未成型 / 自然站姿
BD0515,男,刺客型,7头身,病弱纤薄,重心后坐,男性·刺客型 / 7头身 / 病弱纤薄 / 重心后坐
BD0516,女,异族型,7.5头身,厚实沉稳,重心后坐,女性·异族型 / 7.5头身 / 厚实沉稳 / 重心后坐
BD0517,男,隐修型,7.5头身,中等紧实,抱臂而立,男性·隐修型 / 7.5头身 / 中等紧实 / 抱臂而立
BD0518,男,瘦长型,7头身,厚实沉稳,侧身戒备,男性·瘦长型 / 7头身 / 厚实沉稳 / 侧身戒备
BD0519,男,战士型,8.5头身,病弱纤薄,放松垂手,男性·战士型 / 8.5头身 / 病弱纤薄 / 放松垂手
BD0520,男,游侠型,7.5头身,饱满力量,手扶武器,男性·游侠型 / 7.5头身 / 饱满力量 / 手扶武器
BD0521,女,战斗型,7头身,精瘦紧致,重心后坐,女性·战斗型 / 7头身 / 精瘦紧致 / 重心后坐
BD0522,女,战斗型,8头身,病弱纤薄,手扶武器,女性·战斗型 / 8头身 / 病弱纤薄 / 手扶武器
BD0523,女,灵巧型,8.5头身,非战斗肌,重心后坐,女性·灵巧型 / 8.5头身 / 非战斗肌 / 重心后坐
BD0524,男,重装型,7.5头身,低脂清晰,重心后坐,男性·重装型 / 7.5头身 / 低脂清晰 / 重心后坐
BD0525,男,重装型,8头身,非战斗肌,放松垂手,男性·重装型 / 8头身 / 非战斗肌 / 放松垂手
BD0526,男,智者型,8.5头身,精瘦紧致,自然站姿,男性·智者型 / 8.5头身 / 精瘦紧致 / 自然站姿
BD0527,男,重装型,8.5头身,厚实沉稳,放松垂手,男性·重装型 / 8.5头身 / 厚实沉稳 / 放松垂手
BD0528,女,灵巧型,8.5头身,低脂清晰,侧身戒备,女性·灵巧型 / 8.5头身 / 低脂清晰 / 侧身戒备
BD0529,男,隐修型,6.5头身,饱满力量,抱臂而立,男性·隐修型 / 6.5头身 / 饱满力量 / 抱臂而立
BD0530,男,重装型,8.5头身,低脂清晰,抱臂而立,男性·重装型 / 8.5头身 / 低脂清晰 / 抱臂而立
BD0531,男,剑士型,6.5头身,非战斗肌,重心后坐,男性·剑士型 / 6.5头身 / 非战斗肌 / 重心后坐
BD0532,男,剑士型,7.5头身,低脂清晰,微微下沉,男性·剑士型 / 7.5头身 / 低脂清晰 / 微微下沉
BD0533,男,瘦长型,8头身,中等紧实,抱臂而立,男性·瘦长型 / 8头身 / 中等紧实 / 抱臂而立
BD0534,男,智者型,6.5头身,低脂清晰,手扶武器,男性·智者型 / 6.5头身 / 低脂清晰 / 手扶武器
BD0535,女,温和型,8.5头身,病弱纤薄,重心后坐,女性·温和型 / 8.5头身 / 病弱纤薄 / 重心后坐
BD0536,男,刺客型,7.5头身,病弱纤薄,重心前倾,男性·刺客型 / 7.5头身 / 病弱纤薄 / 重心前倾
BD0537,男,力士型,8头身,厚实沉稳,侧身戒备,男性·力士型 / 8头身 / 厚实沉稳 / 侧身戒备
BD0538,女,成熟型,7头身,非战斗肌,自然站姿,女性·成熟型 / 7头身 / 非战斗肌 / 自然站姿
BD0539,女,温和型,7头身,饱满力量,放松垂手,女性·温和型 / 7头身 / 饱满力量 / 放松垂手
BD0540,男,剑士型,8头身,低脂清晰,微微下沉,男性·剑士型 / 8头身 / 低脂清晰 / 微微下沉
BD0541,男,隐修型,6.5头身,病弱纤薄,重心后坐,男性·隐修型 / 6.5头身 / 病弱纤薄 / 重心后坐
BD0542,男,均衡型,6.5头身,厚实沉稳,重心前倾,男性·均衡型 / 6.5头身 / 厚实沉稳 / 重心前倾
BD0543,男,均衡型,7.5头身,非战斗肌,重心前倾,男性·均衡型 / 7.5头身 / 非战斗肌 / 重心前倾
BD0544,女,成熟型,7.5头身,饱满力量,自然站姿,女性·成熟型 / 7.5头身 / 饱满力量 / 自然站姿
BD0545,男,智者型,7头身,低脂清晰,抱臂而立,男性·智者型 / 7头身 / 低脂清晰 / 抱臂而立
BD0546,男,隐修型,7头身,精瘦紧致,重心后坐,男性·隐修型 / 7头身 / 精瘦紧致 / 重心后坐
BD0547,女,异族型,6.5头身,非战斗肌,侧身戒备,女性·异族型 / 6.5头身 / 非战斗肌 / 侧身戒备
BD0548,男,力士型,8头身,非战斗肌,抱臂而立,男性·力士型 / 8头身 / 非战斗肌 / 抱臂而立
BD0549,女,成熟型,7头身,中等紧实,自然站姿,女性·成熟型 / 7头身 / 中等紧实 / 自然站姿
BD0550,男,剑士型,7.5头身,少年未成型,放松垂手,男性·剑士型 / 7.5头身 / 少年未成型 / 放松垂手
BD0551,女,修长型,7头身,中等紧实,重心前倾,女性·修长型 / 7头身 / 中等紧实 / 重心前倾
BD0552,女,少女型,7头身,非战斗肌,自然站姿,女性·少女型 / 7头身 / 非战斗肌 / 自然站姿
BD0553,男,刺客型,7头身,非战斗肌,重心后坐,男性·刺客型 / 7头身 / 非战斗肌 / 重心后坐
BD0554,女,少女型,7头身,低脂清晰,重心后坐,女性·少女型 / 7头身 / 低脂清晰 / 重心后坐
BD0555,女,丰盈型,8头身,中等紧实,重心后坐,女性·丰盈型 / 8头身 / 中等紧实 / 重心后坐
BD0556,女,灵巧型,8.5头身,厚实沉稳,自然站姿,女性·灵巧型 / 8.5头身 / 厚实沉稳 / 自然站姿
BD0557,男,游侠型,8.5头身,饱满力量,重心后坐,男性·游侠型 / 8.5头身 / 饱满力量 / 重心后坐
BD0558,女,猎手型,8头身,中等紧实,重心后坐,女性·猎手型 / 8头身 / 中等紧实 / 重心后坐
BD0559,男,隐修型,8头身,精瘦紧致,抱臂而立,男性·隐修型 / 8头身 / 精瘦紧致 / 抱臂而立
BD0560,男,隐修型,8.5头身,低脂清晰,侧身戒备,男性·隐修型 / 8.5头身 / 低脂清晰 / 侧身戒备
