weapon_id,类型,机制,材质,形态,描述
WP0001,幡,收纳空间,晶体,可伸缩,晶体幡·可伸缩；机制：收纳空间
WP0002,笔,铭文启动,寒铁合金,短柄,寒铁合金笔·短柄；机制：铭文启动
WP0003,针,结印增幅,木,可伸缩,木针·可伸缩；机制：结印增幅
WP0004,鞭,收纳空间,木,藏于袖,木鞭·藏于袖；机制：收纳空间
WP0005,钩,吸取记忆,金,可伸缩,金钩·可伸缩；机制：吸取记忆
WP0006,爪,消耗寿命,木,可伸缩,木爪·可伸缩；机制：消耗寿命
WP0007,盾,共鸣震动,玄钢,长柄,玄钢盾·长柄；机制：共鸣震动
WP0008,杖,锁链牵引,青铜,双持,青铜杖·双持；机制：锁链牵引
WP0009,戟,共鸣震动,黑铁,双持,黑铁戟·双持；机制：共鸣震动
WP0010,棍,镜像复制,金,长柄,金棍·长柄；机制：镜像复制
WP0011,弓,消耗寿命,木,无柄悬浮,木弓·无柄悬浮；机制：消耗寿命
WP0012,钟,折叠变形,青铜,缠于手臂,青铜钟·缠于手臂；机制：折叠变形
WP0013,符,以气御使,金,双持,金符·双持；机制：以气御使
WP0014,棍,结印增幅,晶体,长柄,晶体棍·长柄；机制：结印增幅
WP0015,棍,共鸣震动,晶体,可伸缩,晶体棍·可伸缩；机制：共鸣震动
WP0016,单手剑,刀刃自愈,银,可伸缩,银单手剑·可伸缩；机制：刀刃自愈
WP0017,幡,折叠变形,黑铁,缠于手臂,黑铁幡·缠于手臂；机制：折叠变形
WP0018,短刀,重量变化,骨,背负式,骨短刀·背负式；机制：重量变化
WP0019,钟,锁链牵引,金,双持,金钟·双持；机制：锁链牵引
WP0020,弩,折叠变形,晶体,双持,晶体弩·双持；机制：折叠变形
WP0021,印,分体飞击,晶体,缠于手臂,晶体印·缠于手臂；机制：分体飞击
WP0022,钟,折叠变形,晶体,短柄,晶体钟·短柄；机制：折叠变形
WP0023,扇,重量变化,黑铁,无柄悬浮,黑铁扇·无柄悬浮；机制：重量变化
WP0024,笛,共鸣震动,木,长柄,木笛·长柄；机制：共鸣震动
WP0025,幡,共鸣震动,金,双持,金幡·双持；机制：共鸣震动
WP0026,鞭,以气御使,晶体,藏于袖,晶体鞭·藏于袖；机制：以气御使
WP0027,钩,共鸣震动,骨,双持,骨钩·双持；机制：共鸣震动
WP0028,幡,以气御使,玉,长柄,玉幡·长柄；机制：以气御使
WP0029,符,消耗寿命,寒铁合金,缠于手臂,寒铁合金符·缠于手臂；机制：消耗寿命
WP0030,幡,折叠变形,木,短柄,木幡·短柄；机制：折叠变形
WP0031,长刀,刀刃自愈,骨,短柄,骨长刀·短柄；机制：刀刃自愈
WP0032,弩,吸取记忆,玄钢,双持,玄钢弩·双持；机制：吸取记忆
WP0033,枪,折叠变形,骨,藏于袖,骨枪·藏于袖；机制：折叠变形
WP0034,棍,镜像复制,银,藏于袖,银棍·藏于袖；机制：镜像复制
WP0035,笔,共鸣震动,木,背负式,木笔·背负式；机制：共鸣震动
WP0036,钩,结印增幅,金,缠于手臂,金钩·缠于手臂；机制：结印增幅
WP0037,枪,镜像复制,金,缠于手臂,金枪·缠于手臂；机制：镜像复制
WP0038,棍,收纳空间,青铜,缠于手臂,青铜棍·缠于手臂；机制：收纳空间
WP0039,拳套,共鸣震动,骨,缠于手臂,骨拳套·缠于手臂；机制：共鸣震动
WP0040,戟,吸取记忆,晶体,无柄悬浮,晶体戟·无柄悬浮；机制：吸取记忆
WP0041,鞭,共鸣震动,青铜,长柄,青铜鞭·长柄；机制：共鸣震动
WP0042,锤,共鸣震动,黑铁,可伸缩,黑铁锤·可伸缩；机制：共鸣震动
WP0043,笛,折叠变形,晶体,长柄,晶体笛·长柄；机制：折叠变形
WP0044,伞,分体飞击,黑铁,可伸缩,黑铁伞·可伸缩；机制：分体飞击
WP0045,伞,分体飞击,木,短柄,木伞·短柄；机制：分体飞击
WP0046,戟,收纳空间,木,短柄,木戟·短柄；机制：收纳空间
WP0047,印,锁链牵引,骨,双持,骨印·双持；机制：锁链牵引
WP0048,戟,折叠变形,银,可伸缩,银戟·可伸缩；机制：折叠变形
WP0049,弩,吸血反哺,寒铁合金,藏于袖,寒铁合金弩·藏于袖；机制：吸血反哺
WP0050,钩,刀刃自愈,青铜,藏于袖,青铜钩·藏于袖；机制：刀刃自愈
WP0051,弓,吸血反哺,玄钢,藏于袖,玄钢弓·藏于袖；机制：吸血反哺
WP0052,双手巨剑,铭文启动,黑铁,双持,黑铁双手巨剑·双持；机制：铭文启动
WP0053,扇,刀刃自愈,骨,可伸缩,骨扇·可伸缩；机制：刀刃自愈
WP0054,钟,镜像复制,青铜,双持,青铜钟·双持；机制：镜像复制
WP0055,链,共鸣震动,青铜,缠于手臂,青铜链·缠于手臂；机制：共鸣震动
WP0056,盾,消耗寿命,玉,短柄,玉盾·短柄；机制：消耗寿命
WP0057,符,吸血反哺,黑铁,短柄,黑铁符·短柄；机制：吸血反哺
WP0058,盾,分体飞击,青铜,可伸缩,青铜盾·可伸缩；机制：分体飞击
WP0059,幡,折叠变形,骨,可伸缩,骨幡·可伸缩；机制：折叠变形
WP0060,弩,结印增幅,寒铁合金,无柄悬浮,寒铁合金弩·无柄悬浮；机制：结印增幅
WP0061,杖,镜像复制,骨,无柄悬浮,骨杖·无柄悬浮；机制：镜像复制
WP0062,软剑,铭文启动,晶体,无柄悬浮,晶体软剑·无柄悬浮；机制：铭文启动
WP0063,单手剑,折叠变形,玄钢,藏于袖,玄钢单手剑·藏于袖；机制：折叠变形
WP0064,钟,以气御使,玄钢,藏于袖,玄钢钟·藏于袖；机制：以气御使
WP0065,伞,消耗寿命,木,藏于袖,木伞·藏于袖；机制：消耗寿命
WP0066,盾,收纳空间,晶体,双持,晶体盾·双持；机制：收纳空间
WP0067,伞,断节重组,青铜,双持,青铜伞·双持；机制：断节重组
WP0068,镰,断节重组,玉,藏于袖,玉镰·藏于袖；机制：断节重组
WP0069,笔,折叠变形,晶体,双持,晶体笔·双持；机制：折叠变形
WP0070,长刀,消耗寿命,玉,背负式,玉长刀·背负式；机制：消耗寿命
WP0071,盾,镜像复制,玉,双持,玉盾·双持；机制：镜像复制
WP0072,短刀,断节重组,晶体,背负式,晶体短刀·背负式；机制：断节重组
WP0073,枪,重量变化,黑铁,可伸缩,黑铁枪·可伸缩；机制：重量变化
WP0074,伞,吸取记忆,木,藏于袖,木伞·藏于袖；机制：吸取记忆
WP0075,盾,收纳空间,黑铁,背负式,黑铁盾·背负式；机制：收纳空间
WP0076,针,分体飞击,玉,可伸缩,玉针·可伸缩；机制：分体飞击
WP0077,鞭,刀刃自愈,黑铁,长柄,黑铁鞭·长柄；机制：刀刃自愈
WP0078,伞,共鸣震动,黑铁,无柄悬浮,黑铁伞·无柄悬浮；机制：共鸣震动
WP0079,短刀,锁链牵引,木,无柄悬浮,木短刀·无柄悬浮；机制：锁链牵引
WP0080,镰,吸取记忆,木,双持,木镰·双持；机制：吸取记忆
WP0081,针,共鸣震动,玄钢,短柄,玄钢针·短柄；机制：共鸣震动
WP0082,弩,重量变化,青铜,双持,青铜弩·双持；机制：重量变化
WP0083,长刀,结印增幅,青铜,藏于袖,青铜长刀·藏于袖；机制：结印增幅
WP0084,弩,结印增幅,玉,双持,玉弩·双持；机制：结印增幅
WP0085,镰,刀刃自愈,金,双持,金镰·双持；机制：刀刃自愈
WP0086,杖,以气御使,青铜,背负式,青铜杖·背负式；机制：以气御使
WP0087,单手剑,共鸣震动,青铜,短柄,青铜单手剑·短柄；机制：共鸣震动
WP0088,符,折叠变形,青铜,双持,青铜符·双持；机制：折叠变形
WP0089,扇,刀刃自愈,青铜,短柄,青铜扇·短柄；机制：刀刃自愈
WP0090,双手巨剑,分体飞击,寒铁合金,可伸缩,寒铁合金双手巨剑·可伸缩；机制：分体飞击
WP0091,针,收纳空间,青铜,长柄,青铜针·长柄；机制：收纳空间
WP0092,鞭,共鸣震动,木,背负式,木鞭·背负式；机制：共鸣震动
WP0093,爪,分体飞击,寒铁合金,双持,寒铁合金爪·双持；机制：分体飞击
WP0094,笛,铭文启动,金,无柄悬浮,金笛·无柄悬浮；机制：铭文启动
WP0095,单手剑,消耗寿命,黑铁,缠于手臂,黑铁单手剑·缠于手臂；机制：消耗寿命
WP0096,钩,吸血反哺,玉,可伸缩,玉钩·可伸缩；机制：吸血反哺
WP0097,杖,以气御使,黑铁,短柄,黑铁杖·短柄；机制：以气御使
WP0098,链,锁链牵引,寒铁合金,长柄,寒铁合金链·长柄；机制：锁链牵引
WP0099,盾,分体飞击,青铜,无柄悬浮,青铜盾·无柄悬浮；机制：分体飞击
WP0100,盾,镜像复制,金,可伸缩,金盾·可伸缩；机制：镜像复制
WP0101,扇,刀刃自愈,木,藏于袖,木扇·藏于袖；机制：刀刃自愈
WP0102,印,折叠变形,银,背负式,银印·背负式；机制：折叠变形
WP0103,长刀,断节重组,银,可伸缩,银长刀·可伸缩；机制：断节重组
WP0104,爪,锁链牵引,金,缠于手臂,金爪·缠于手臂；机制：锁链牵引
WP0105,拳套,吸血反哺,晶体,双持,晶体拳套·双持；机制：吸血反哺
WP0106,钩,锁链牵引,金,缠于手臂,金钩·缠于手臂；机制：锁链牵引
WP0107,伞,吸取记忆,寒铁合金,双持,寒铁合金伞·双持；机制：吸取记忆
WP0108,双手巨剑,折叠变形,玄钢,长柄,玄钢双手巨剑·长柄；机制：折叠变形
WP0109,镰,分体飞击,寒铁合金,可伸缩,寒铁合金镰·可伸缩；机制：分体飞击
WP0110,琴,结印增幅,骨,长柄,骨琴·长柄；机制：结印增幅
WP0111,伞,锁链牵引,晶体,背负式,晶体伞·背负式；机制：锁链牵引
WP0112,镰,结印增幅,银,无柄悬浮,银镰·无柄悬浮；机制：结印增幅
WP0113,盾,结印增幅,寒铁合金,背负式,寒铁合金盾·背负式；机制：结印增幅
WP0114,软剑,结印增幅,骨,背负式,骨软剑·背负式；机制：结印增幅
WP0115,幡,共鸣震动,木,缠于手臂,木幡·缠于手臂；机制：共鸣震动
WP0116,拳套,以气御使,骨,藏于袖,骨拳套·藏于袖；机制：以气御使
WP0117,针,重量变化,寒铁合金,无柄悬浮,寒铁合金针·无柄悬浮；机制：重量变化
WP0118,长刀,以气御使,青铜,可伸缩,青铜长刀·可伸缩；机制：以气御使
WP0119,镰,重量变化,金,背负式,金镰·背负式；机制：重量变化
WP0120,锤,锁链牵引,木,缠于手臂,木锤·缠于手臂；机制：锁链牵引
WP0121,单手剑,铭文启动,晶体,可伸缩,晶体单手剑·可伸缩；机制：铭文启动
WP0122,爪,镜像复制,玉,长柄,玉爪·长柄；机制：镜像复制
WP0123,链,重量变化,玄钢,藏于袖,玄钢链·藏于袖；机制：重量变化
WP0124,杖,铭文启动,青铜,无柄悬浮,青铜杖·无柄悬浮；机制：铭文启动
WP0125,笛,重量变化,玉,短柄,玉笛·短柄；机制：重量变化
WP0126,双手巨剑,以气御使,晶体,双持,晶体双手巨剑·双持；机制：以气御使
WP0127,笔,消耗寿命,玄钢,双持,玄钢笔·双持；机制：消耗寿命
WP0128,链,铭文启动,金,短柄,金链·短柄；机制：铭文启动
WP0129,鞭,镜像复制,骨,长柄,骨鞭·长柄；机制：镜像复制
WP0130,符,断节重组,金,缠于手臂,金符·缠于手臂；机制：断节重组
WP0131,软剑,镜像复制,骨,无柄悬浮,骨软剑·无柄悬浮；机制：镜像复制
WP0132,笔,刀刃自愈,木,可伸缩,木笔·可伸缩；机制：刀刃自愈
WP0133,锤,结印增幅,玉,藏于袖,玉锤·藏于袖；机制：结印增幅
WP0134,盾,折叠变形,玄钢,无柄悬浮,玄钢盾·无柄悬浮；机制：折叠变形
WP0135,拳套,分体飞击,木,缠于手臂,木拳套·缠于手臂；机制：分体飞击
WP0136,软剑,消耗寿命,骨,双持,骨软剑·双持；机制：消耗寿命
WP0137,双手巨剑,重量变化,玉,可伸缩,玉双手巨剑·可伸缩；机制：重量变化
WP0138,镰,收纳空间,玄钢,双持,玄钢镰·双持；机制：收纳空间
WP0139,棍,以气御使,玄钢,缠于手臂,玄钢棍·缠于手臂；机制：以气御使
WP0140,爪,消耗寿命,晶体,双持,晶体爪·双持；机制：消耗寿命
WP0141,爪,以气御使,晶体,可伸缩,晶体爪·可伸缩；机制：以气御使
WP0142,戟,重量变化,银,短柄,银戟·短柄；机制：重量变化
WP0143,弩,断节重组,青铜,长柄,青铜弩·长柄；机制：断节重组
WP0144,印,断节重组,银,藏于袖,银印·藏于袖；机制：断节重组
WP0145,印,镜像复制,晶体,双持,晶体印·双持；机制：镜像复制
WP0146,环,锁链牵引,晶体,藏于袖,晶体环·藏于袖；机制：锁链牵引
WP0147,弩,刀刃自愈,木,双持,木弩·双持；机制：刀刃自愈
WP0148,环,以气御使,青铜,背负式,青铜环·背负式；机制：以气御使
WP0149,棍,锁链牵引,玄钢,长柄,玄钢棍·长柄；机制：锁链牵引
WP0150,锤,吸血反哺,晶体,缠于手臂,晶体锤·缠于手臂；机制：吸血反哺
WP0151,单手剑,重量变化,骨,无柄悬浮,骨单手剑·无柄悬浮；机制：重量变化
WP0152,长刀,共鸣震动,玉,藏于袖,玉长刀·藏于袖；机制：共鸣震动
WP0153,针,锁链牵引,寒铁合金,缠于手臂,寒铁合金针·缠于手臂；机制：锁链牵引
WP0154,环,刀刃自愈,玄钢,短柄,玄钢环·短柄；机制：刀刃自愈
WP0155,琴,镜像复制,木,缠于手臂,木琴·缠于手臂；机制：镜像复制
WP0156,锤,重量变化,玉,可伸缩,玉锤·可伸缩；机制：重量变化
WP0157,环,折叠变形,金,双持,金环·双持；机制：折叠变形
WP0158,笔,结印增幅,金,短柄,金笔·短柄；机制：结印增幅
WP0159,弩,以气御使,青铜,背负式,青铜弩·背负式；机制：以气御使
WP0160,环,吸血反哺,青铜,双持,青铜环·双持；机制：吸血反哺
WP0161,锤,收纳空间,青铜,无柄悬浮,青铜锤·无柄悬浮；机制：收纳空间
WP0162,拳套,吸血反哺,银,无柄悬浮,银拳套·无柄悬浮；机制：吸血反哺
WP0163,锤,锁链牵引,木,可伸缩,木锤·可伸缩；机制：锁链牵引
WP0164,链,刀刃自愈,青铜,可伸缩,青铜链·可伸缩；机制：刀刃自愈
WP0165,链,断节重组,玉,无柄悬浮,玉链·无柄悬浮；机制：断节重组
WP0166,双手巨剑,锁链牵引,寒铁合金,藏于袖,寒铁合金双手巨剑·藏于袖；机制：锁链牵引
WP0167,伞,消耗寿命,晶体,无柄悬浮,晶体伞·无柄悬浮；机制：消耗寿命
WP0168,琴,镜像复制,木,无柄悬浮,木琴·无柄悬浮；机制：镜像复制
WP0169,短刀,刀刃自愈,木,双持,木短刀·双持；机制：刀刃自愈
WP0170,爪,铭文启动,木,背负式,木爪·背负式；机制：铭文启动
WP0171,伞,结印增幅,青铜,长柄,青铜伞·长柄；机制：结印增幅
WP0172,软剑,分体飞击,玄钢,背负式,玄钢软剑·背负式；机制：分体飞击
WP0173,双手巨剑,刀刃自愈,金,双持,金双手巨剑·双持；机制：刀刃自愈
WP0174,弓,重量变化,玉,短柄,玉弓·短柄；机制：重量变化
WP0175,印,重量变化,木,双持,木印·双持；机制：重量变化
WP0176,镰,结印增幅,骨,藏于袖,骨镰·藏于袖；机制：结印增幅
WP0177,印,重量变化,金,长柄,金印·长柄；机制：重量变化
WP0178,戟,刀刃自愈,黑铁,背负式,黑铁戟·背负式；机制：刀刃自愈
WP0179,钟,吸血反哺,骨,缠于手臂,骨钟·缠于手臂；机制：吸血反哺
WP0180,印,刀刃自愈,晶体,藏于袖,晶体印·藏于袖；机制：刀刃自愈
WP0181,笔,镜像复制,骨,可伸缩,骨笔·可伸缩；机制：镜像复制
WP0182,扇,分体飞击,青铜,无柄悬浮,青铜扇·无柄悬浮；机制：分体飞击
WP0183,幡,折叠变形,寒铁合金,无柄悬浮,寒铁合金幡·无柄悬浮；机制：折叠变形
WP0184,链,锁链牵引,金,短柄,金链·短柄；机制：锁链牵引
WP0185,棍,消耗寿命,黑铁,背负式,黑铁棍·背负式；机制：消耗寿命
WP0186,枪,共鸣震动,晶体,背负式,晶体枪·背负式；机制：共鸣震动
WP0187,锤,以气御使,玄钢,藏于袖,玄钢锤·藏于袖；机制：以气御使
WP0188,链,共鸣震动,骨,长柄,骨链·长柄；机制：共鸣震动
WP0189,盾,共鸣震动,晶体,无柄悬浮,晶体盾·无柄悬浮；机制：共鸣震动
WP0190,拳套,重量变化,青铜,可伸缩,青铜拳套·可伸缩；机制：重量变化
WP0191,伞,吸取记忆,玄钢,背负式,玄钢伞·背负式；机制：吸取记忆
WP0192,杖,重量变化,玄钢,可伸缩,玄钢杖·可伸缩；机制：重量变化
WP0193,拳套,刀刃自愈,黑铁,无柄悬浮,黑铁拳套·无柄悬浮；机制：刀刃自愈
WP0194,双手巨剑,折叠变形,木,短柄,木双手巨剑·短柄；机制：折叠变形
WP0195,琴,以气御使,银,长柄,银琴·长柄；机制：以气御使
WP0196,印,以气御使,骨,长柄,骨印·长柄；机制：以气御使
WP0197,双手巨剑,共鸣震动,寒铁合金,长柄,寒铁合金双手巨剑·长柄；机制：共鸣震动
WP0198,环,铭文启动,寒铁合金,长柄,寒铁合金环·长柄；机制：铭文启动
WP0199,符,锁链牵引,寒铁合金,短柄,寒铁合金符·短柄；机制：锁链牵引
WP0200,盾,锁链牵引,银,无柄悬浮,银盾·无柄悬浮；机制：锁链牵引
WP0201,单手剑,结印增幅,寒铁合金,长柄,寒铁合金单手剑·长柄；机制：结印增幅
WP0202,盾,收纳空间,玉,无柄悬浮,玉盾·无柄悬浮；机制：收纳空间
WP0203,扇,结印增幅,骨,无柄悬浮,骨扇·无柄悬浮；机制：结印增幅
WP0204,琴,断节重组,青铜,藏于袖,青铜琴·藏于袖；机制：断节重组
WP0205,环,消耗寿命,寒铁合金,短柄,寒铁合金环·短柄；机制：消耗寿命
WP0206,钩,收纳空间,金,无柄悬浮,金钩·无柄悬浮；机制：收纳空间
WP0207,单手剑,共鸣震动,木,双持,木单手剑·双持；机制：共鸣震动
WP0208,链,锁链牵引,骨,双持,骨链·双持；机制：锁链牵引
WP0209,枪,吸取记忆,青铜,背负式,青铜枪·背负式；机制：吸取记忆
WP0210,弓,共鸣震动,寒铁合金,无柄悬浮,寒铁合金弓·无柄悬浮；机制：共鸣震动
WP0211,钩,吸血反哺,寒铁合金,无柄悬浮,寒铁合金钩·无柄悬浮；机制：吸血反哺
WP0212,短刀,分体飞击,玉,长柄,玉短刀·长柄；机制：分体飞击
WP0213,幡,铭文启动,晶体,短柄,晶体幡·短柄；机制：铭文启动
WP0214,杖,结印增幅,黑铁,背负式,黑铁杖·背负式；机制：结印增幅
WP0215,伞,镜像复制,木,藏于袖,木伞·藏于袖；机制：镜像复制
WP0216,钟,折叠变形,黑铁,无柄悬浮,黑铁钟·无柄悬浮；机制：折叠变形
WP0217,软剑,以气御使,银,藏于袖,银软剑·藏于袖；机制：以气御使
WP0218,琴,刀刃自愈,玉,短柄,玉琴·短柄；机制：刀刃自愈
WP0219,笛,重量变化,银,缠于手臂,银笛·缠于手臂；机制：重量变化
WP0220,棍,消耗寿命,青铜,长柄,青铜棍·长柄；机制：消耗寿命
WP0221,锤,折叠变形,寒铁合金,背负式,寒铁合金锤·背负式；机制：折叠变形
WP0222,符,以气御使,玉,藏于袖,玉符·藏于袖；机制：以气御使
WP0223,符,锁链牵引,青铜,藏于袖,青铜符·藏于袖；机制：锁链牵引
WP0224,戟,折叠变形,寒铁合金,背负式,寒铁合金戟·背负式；机制：折叠变形
WP0225,拳套,镜像复制,晶体,长柄,晶体拳套·长柄；机制：镜像复制
WP0226,拳套,镜像复制,晶体,短柄,晶体拳套·短柄；机制：镜像复制
WP0227,软剑,结印增幅,玄钢,藏于袖,玄钢软剑·藏于袖；机制：结印增幅
WP0228,钟,吸血反哺,青铜,长柄,青铜钟·长柄；机制：吸血反哺
WP0229,棍,锁链牵引,青铜,双持,青铜棍·双持；机制：锁链牵引
WP0230,拳套,分体飞击,玉,无柄悬浮,玉拳套·无柄悬浮；机制：分体飞击
WP0231,钩,消耗寿命,玉,长柄,玉钩·长柄；机制：消耗寿命
WP0232,棍,镜像复制,晶体,背负式,晶体棍·背负式；机制：镜像复制
WP0233,拳套,分体飞击,银,短柄,银拳套·短柄；机制：分体飞击
WP0234,短刀,以气御使,寒铁合金,短柄,寒铁合金短刀·短柄；机制：以气御使
WP0235,软剑,锁链牵引,银,双持,银软剑·双持；机制：锁链牵引
WP0236,枪,锁链牵引,青铜,背负式,青铜枪·背负式；机制：锁链牵引
WP0237,枪,以气御使,玉,可伸缩,玉枪·可伸缩；机制：以气御使
WP0238,弓,刀刃自愈,银,缠于手臂,银弓·缠于手臂；机制：刀刃自愈
WP0239,镰,断节重组,木,短柄,木镰·短柄；机制：断节重组
WP0240,拳套,消耗寿命,木,缠于手臂,木拳套·缠于手臂；机制：消耗寿命
WP0241,长刀,断节重组,银,背负式,银长刀·背负式；机制：断节重组
WP0242,扇,重量变化,黑铁,缠于手臂,黑铁扇·缠于手臂；机制：重量变化
WP0243,弓,刀刃自愈,金,长柄,金弓·长柄；机制：刀刃自愈
WP0244,笔,共鸣震动,晶体,藏于袖,晶体笔·藏于袖；机制：共鸣震动
WP0245,链,重量变化,银,无柄悬浮,银链·无柄悬浮；机制：重量变化
WP0246,短刀,分体飞击,木,可伸缩,木短刀·可伸缩；机制：分体飞击
WP0247,鞭,锁链牵引,金,短柄,金鞭·短柄；机制：锁链牵引
WP0248,拳套,以气御使,青铜,短柄,青铜拳套·短柄；机制：以气御使
WP0249,符,吸血反哺,木,双持,木符·双持；机制：吸血反哺
WP0250,幡,消耗寿命,银,可伸缩,银幡·可伸缩；机制：消耗寿命
WP0251,弓,锁链牵引,玄钢,长柄,玄钢弓·长柄；机制：锁链牵引
WP0252,盾,铭文启动,银,无柄悬浮,银盾·无柄悬浮；机制：铭文启动
WP0253,笔,断节重组,银,双持,银笔·双持；机制：断节重组
WP0254,符,消耗寿命,玄钢,双持,玄钢符·双持；机制：消耗寿命
WP0255,笔,结印增幅,玄钢,无柄悬浮,玄钢笔·无柄悬浮；机制：结印增幅
WP0256,长刀,共鸣震动,木,背负式,木长刀·背负式；机制：共鸣震动
WP0257,弓,锁链牵引,玉,短柄,玉弓·短柄；机制：锁链牵引
WP0258,印,消耗寿命,木,缠于手臂,木印·缠于手臂；机制：消耗寿命
WP0259,弓,镜像复制,青铜,长柄,青铜弓·长柄；机制：镜像复制
WP0260,镰,锁链牵引,青铜,可伸缩,青铜镰·可伸缩；机制：锁链牵引
WP0261,盾,吸血反哺,骨,双持,骨盾·双持；机制：吸血反哺
WP0262,单手剑,镜像复制,木,短柄,木单手剑·短柄；机制：镜像复制
WP0263,笔,结印增幅,玄钢,双持,玄钢笔·双持；机制：结印增幅
WP0264,杖,吸血反哺,玄钢,无柄悬浮,玄钢杖·无柄悬浮；机制：吸血反哺
WP0265,针,镜像复制,玄钢,可伸缩,玄钢针·可伸缩；机制：镜像复制
WP0266,单手剑,分体飞击,金,长柄,金单手剑·长柄；机制：分体飞击
WP0267,鞭,以气御使,木,可伸缩,木鞭·可伸缩；机制：以气御使
WP0268,鞭,收纳空间,骨,无柄悬浮,骨鞭·无柄悬浮；机制：收纳空间
WP0269,琴,重量变化,骨,藏于袖,骨琴·藏于袖；机制：重量变化
WP0270,符,消耗寿命,黑铁,短柄,黑铁符·短柄；机制：消耗寿命
WP0271,弩,重量变化,晶体,长柄,晶体弩·长柄；机制：重量变化
WP0272,弩,收纳空间,玉,短柄,玉弩·短柄；机制：收纳空间
WP0273,琴,锁链牵引,寒铁合金,双持,寒铁合金琴·双持；机制：锁链牵引
WP0274,钩,吸取记忆,玄钢,无柄悬浮,玄钢钩·无柄悬浮；机制：吸取记忆
WP0275,伞,分体飞击,木,双持,木伞·双持；机制：分体飞击
WP0276,链,锁链牵引,玄钢,缠于手臂,玄钢链·缠于手臂；机制：锁链牵引
WP0277,弓,断节重组,寒铁合金,长柄,寒铁合金弓·长柄；机制：断节重组
WP0278,钟,重量变化,玉,可伸缩,玉钟·可伸缩；机制：重量变化
WP0279,弓,吸血反哺,晶体,无柄悬浮,晶体弓·无柄悬浮；机制：吸血反哺
WP0280,弩,断节重组,青铜,双持,青铜弩·双持；机制：断节重组
WP0281,伞,分体飞击,银,藏于袖,银伞·藏于袖；机制：分体飞击
WP0282,针,吸取记忆,银,短柄,银针·短柄；机制：吸取记忆
WP0283,符,吸血反哺,金,藏于袖,金符·藏于袖；机制：吸血反哺
WP0284,杖,结印增幅,寒铁合金,短柄,寒铁合金杖·短柄；机制：结印增幅
WP0285,长刀,共鸣震动,金,双持,金长刀·双持；机制：共鸣震动
WP0286,短刀,刀刃自愈,玉,长柄,玉短刀·长柄；机制：刀刃自愈
WP0287,鞭,共鸣震动,骨,无柄悬浮,骨鞭·无柄悬浮；机制：共鸣震动
WP0288,针,消耗寿命,骨,双持,骨针·双持；机制：消耗寿命
WP0289,镰,收纳空间,金,长柄,金镰·长柄；机制：收纳空间
WP0290,钟,断节重组,金,可伸缩,金钟·可伸缩；机制：断节重组
WP0291,镰,吸血反哺,骨,双持,骨镰·双持；机制：吸血反哺
WP0292,弩,刀刃自愈,晶体,可伸缩,晶体弩·可伸缩；机制：刀刃自愈
WP0293,钟,收纳空间,黑铁,长柄,黑铁钟·长柄；机制：收纳空间
WP0294,爪,刀刃自愈,晶体,长柄,晶体爪·长柄；机制：刀刃自愈
WP0295,软剑,消耗寿命,黑铁,长柄,黑铁软剑·长柄；机制：消耗寿命
WP0296,戟,分体飞击,银,短柄,银戟·短柄；机制：分体飞击
WP0297,双手巨剑,结印增幅,晶体,长柄,晶体双手巨剑·长柄；机制：结印增幅
WP0298,双手巨剑,消耗寿命,玄钢,缠于手臂,玄钢双手巨剑·缠于手臂；机制：消耗寿命
WP0299,盾,镜像复制,青铜,缠于手臂,青铜盾·缠于手臂；机制：镜像复制
WP0300,弩,吸血反哺,晶体,背负式,晶体弩·背负式；机制：吸血反哺
WP0301,笔,刀刃自愈,寒铁合金,背负式,寒铁合金笔·背负式；机制：刀刃自愈
WP0302,短刀,刀刃自愈,玉,缠于手臂,玉短刀·缠于手臂；机制：刀刃自愈
WP0303,杖,镜像复制,玉,可伸缩,玉杖·可伸缩；机制：镜像复制
WP0304,拳套,重量变化,晶体,藏于袖,晶体拳套·藏于袖；机制：重量变化
WP0305,弓,折叠变形,骨,短柄,骨弓·短柄；机制：折叠变形
WP0306,单手剑,铭文启动,金,短柄,金单手剑·短柄；机制：铭文启动
WP0307,杖,重量变化,寒铁合金,缠于手臂,寒铁合金杖·缠于手臂；机制：重量变化
WP0308,枪,共鸣震动,黑铁,长柄,黑铁枪·长柄；机制：共鸣震动
WP0309,锤,共鸣震动,寒铁合金,短柄,寒铁合金锤·短柄；机制：共鸣震动
WP0310,琴,分体飞击,玄钢,双持,玄钢琴·双持；机制：分体飞击
WP0311,笛,断节重组,银,无柄悬浮,银笛·无柄悬浮；机制：断节重组
WP0312,笔,分体飞击,银,双持,银笔·双持；机制：分体飞击
WP0313,针,结印增幅,骨,双持,骨针·双持；机制：结印增幅
WP0314,弓,吸取记忆,银,长柄,银弓·长柄；机制：吸取记忆
WP0315,扇,重量变化,青铜,短柄,青铜扇·短柄；机制：重量变化
WP0316,杖,消耗寿命,玉,短柄,玉杖·短柄；机制：消耗寿命
WP0317,棍,吸血反哺,木,短柄,木棍·短柄；机制：吸血反哺
WP0318,枪,结印增幅,寒铁合金,无柄悬浮,寒铁合金枪·无柄悬浮；机制：结印增幅
WP0319,环,重量变化,木,无柄悬浮,木环·无柄悬浮；机制：重量变化
WP0320,棍,结印增幅,金,藏于袖,金棍·藏于袖；机制：结印增幅
WP0321,镰,结印增幅,晶体,双持,晶体镰·双持；机制：结印增幅
WP0322,弓,断节重组,寒铁合金,可伸缩,寒铁合金弓·可伸缩；机制：断节重组
WP0323,伞,锁链牵引,黑铁,无柄悬浮,黑铁伞·无柄悬浮；机制：锁链牵引
WP0324,钟,断节重组,黑铁,短柄,黑铁钟·短柄；机制：断节重组
WP0325,鞭,共鸣震动,骨,藏于袖,骨鞭·藏于袖；机制：共鸣震动
WP0326,长刀,吸取记忆,骨,背负式,骨长刀·背负式；机制：吸取记忆
WP0327,笔,锁链牵引,黑铁,无柄悬浮,黑铁笔·无柄悬浮；机制：锁链牵引
WP0328,伞,共鸣震动,玉,缠于手臂,玉伞·缠于手臂；机制：共鸣震动
WP0329,幡,收纳空间,寒铁合金,短柄,寒铁合金幡·短柄；机制：收纳空间
WP0330,短刀,吸血反哺,青铜,缠于手臂,青铜短刀·缠于手臂；机制：吸血反哺
WP0331,弩,结印增幅,玄钢,背负式,玄钢弩·背负式；机制：结印增幅
WP0332,盾,锁链牵引,金,短柄,金盾·短柄；机制：锁链牵引
WP0333,笔,重量变化,青铜,短柄,青铜笔·短柄；机制：重量变化
WP0334,枪,以气御使,玄钢,双持,玄钢枪·双持；机制：以气御使
WP0335,鞭,折叠变形,银,藏于袖,银鞭·藏于袖；机制：折叠变形
WP0336,符,共鸣震动,银,藏于袖,银符·藏于袖；机制：共鸣震动
WP0337,锤,断节重组,玄钢,背负式,玄钢锤·背负式；机制：断节重组
WP0338,幡,吸取记忆,金,长柄,金幡·长柄；机制：吸取记忆
WP0339,软剑,断节重组,玉,无柄悬浮,玉软剑·无柄悬浮；机制：断节重组
WP0340,杖,以气御使,青铜,可伸缩,青铜杖·可伸缩；机制：以气御使
WP0341,弓,吸取记忆,木,缠于手臂,木弓·缠于手臂；机制：吸取记忆
WP0342,扇,共鸣震动,玉,缠于手臂,玉扇·缠于手臂；机制：共鸣震动
WP0343,短刀,铭文启动,金,短柄,金短刀·短柄；机制：铭文启动
WP0344,单手剑,重量变化,银,短柄,银单手剑·短柄；机制：重量变化
WP0345,琴,吸取记忆,骨,短柄,骨琴·短柄；机制：吸取记忆
WP0346,链,收纳空间,玉,无柄悬浮,玉链·无柄悬浮；机制：收纳空间
WP0347,幡,分体飞击,银,可伸缩,银幡·可伸缩；机制：分体飞击
WP0348,枪,吸血反哺,木,缠于手臂,木枪·缠于手臂；机制：吸血反哺
WP0349,印,吸血反哺,玄钢,长柄,玄钢印·长柄；机制：吸血反哺
WP0350,长刀,吸取记忆,银,双持,银长刀·双持；机制：吸取记忆
WP0351,枪,吸血反哺,木,无柄悬浮,木枪·无柄悬浮；机制：吸血反哺
WP0352,笛,以气御使,玄钢,长柄,玄钢笛·长柄；机制：以气御使
WP0353,弩,镜像复制,晶体,无柄悬浮,晶体弩·无柄悬浮；机制：镜像复制
WP0354,单手剑,收纳空间,骨,无柄悬浮,骨单手剑·无柄悬浮；机制：收纳空间
WP0355,笔,以气御使,银,无柄悬浮,银笔·无柄悬浮；机制：以气御使
WP0356,枪,以气御使,骨,背负式,骨枪·背负式；机制：以气御使
WP0357,长刀,分体飞击,晶体,双持,晶体长刀·双持；机制：分体飞击
WP0358,伞,断节重组,玄钢,短柄,玄钢伞·短柄；机制：断节重组
WP0359,双手巨剑,收纳空间,木,长柄,木双手巨剑·长柄；机制：收纳空间
WP0360,弓,折叠变形,青铜,长柄,青铜弓·长柄；机制：折叠变形
WP0361,幡,吸取记忆,玉,可伸缩,玉幡·可伸缩；机制：吸取记忆
WP0362,戟,以气御使,玉,长柄,玉戟·长柄；机制：以气御使
WP0363,盾,重量变化,玉,短柄,玉盾·短柄；机制：重量变化
WP0364,单手剑,吸取记忆,寒铁合金,双持,寒铁合金单手剑·双持；机制：吸取记忆
WP0365,弩,锁链牵引,银,双持,银弩·双持；机制：锁链牵引
WP0366,笛,收纳空间,晶体,藏于袖,晶体笛·藏于袖；机制：收纳空间
WP0367,幡,镜像复制,木,无柄悬浮,木幡·无柄悬浮；机制：镜像复制
WP0368,弓,断节重组,木,无柄悬浮,木弓·无柄悬浮；机制：断节重组
WP0369,拳套,铭文启动,玄钢,可伸缩,玄钢拳套·可伸缩；机制：铭文启动
WP0370,单手剑,断节重组,木,长柄,木单手剑·长柄；机制：断节重组
WP0371,符,分体飞击,青铜,无柄悬浮,青铜符·无柄悬浮；机制：分体飞击
WP0372,锤,重量变化,银,双持,银锤·双持；机制：重量变化
WP0373,琴,重量变化,晶体,短柄,晶体琴·短柄；机制：重量变化
WP0374,弩,共鸣震动,青铜,可伸缩,青铜弩·可伸缩；机制：共鸣震动
WP0375,单手剑,折叠变形,黑铁,长柄,黑铁单手剑·长柄；机制：折叠变形
WP0376,戟,收纳空间,玉,背负式,玉戟·背负式；机制：收纳空间
WP0377,镰,刀刃自愈,寒铁合金,可伸缩,寒铁合金镰·可伸缩；机制：刀刃自愈
WP0378,软剑,刀刃自愈,骨,双持,骨软剑·双持；机制：刀刃自愈
WP0379,弩,折叠变形,银,缠于手臂,银弩·缠于手臂；机制：折叠变形
WP0380,锤,刀刃自愈,黑铁,背负式,黑铁锤·背负式；机制：刀刃自愈
WP0381,笔,铭文启动,银,背负式,银笔·背负式；机制：铭文启动
WP0382,枪,重量变化,晶体,背负式,晶体枪·背负式；机制：重量变化
WP0383,印,吸血反哺,银,短柄,银印·短柄；机制：吸血反哺
WP0384,软剑,镜像复制,玄钢,缠于手臂,玄钢软剑·缠于手臂；机制：镜像复制
WP0385,弓,铭文启动,玉,背负式,玉弓·背负式；机制：铭文启动
WP0386,弩,吸取记忆,银,可伸缩,银弩·可伸缩；机制：吸取记忆
WP0387,双手巨剑,吸血反哺,寒铁合金,长柄,寒铁合金双手巨剑·长柄；机制：吸血反哺
WP0388,枪,收纳空间,木,无柄悬浮,木枪·无柄悬浮；机制：收纳空间
WP0389,伞,镜像复制,青铜,背负式,青铜伞·背负式；机制：镜像复制
WP0390,软剑,铭文启动,寒铁合金,双持,寒铁合金软剑·双持；机制：铭文启动
WP0391,符,断节重组,晶体,可伸缩,晶体符·可伸缩；机制：断节重组
WP0392,印,收纳空间,银,可伸缩,银印·可伸缩；机制：收纳空间
WP0393,符,铭文启动,晶体,长柄,晶体符·长柄；机制：铭文启动
WP0394,拳套,吸取记忆,玉,双持,玉拳套·双持；机制：吸取记忆
WP0395,弩,锁链牵引,寒铁合金,缠于手臂,寒铁合金弩·缠于手臂；机制：锁链牵引
WP0396,拳套,消耗寿命,金,无柄悬浮,金拳套·无柄悬浮；机制：消耗寿命
WP0397,符,消耗寿命,黑铁,长柄,黑铁符·长柄；机制：消耗寿命
WP0398,环,吸取记忆,玉,藏于袖,玉环·藏于袖；机制：吸取记忆
WP0399,幡,结印增幅,银,可伸缩,银幡·可伸缩；机制：结印增幅
WP0400,长刀,结印增幅,玄钢,双持,玄钢长刀·双持；机制：结印增幅
WP0401,鞭,刀刃自愈,金,可伸缩,金鞭·可伸缩；机制：刀刃自愈
WP0402,长刀,断节重组,金,短柄,金长刀·短柄；机制：断节重组
WP0403,鞭,刀刃自愈,金,藏于袖,金鞭·藏于袖；机制：刀刃自愈
WP0404,短刀,收纳空间,寒铁合金,短柄,寒铁合金短刀·短柄；机制：收纳空间
WP0405,棍,镜像复制,寒铁合金,双持,寒铁合金棍·双持；机制：镜像复制
WP0406,链,折叠变形,木,可伸缩,木链·可伸缩；机制：折叠变形
WP0407,软剑,刀刃自愈,玄钢,短柄,玄钢软剑·短柄；机制：刀刃自愈
WP0408,针,共鸣震动,晶体,无柄悬浮,晶体针·无柄悬浮；机制：共鸣震动
WP0409,枪,消耗寿命,玉,藏于袖,玉枪·藏于袖；机制：消耗寿命
WP0410,软剑,收纳空间,银,缠于手臂,银软剑·缠于手臂；机制：收纳空间
WP0411,拳套,结印增幅,玄钢,短柄,玄钢拳套·短柄；机制：结印增幅
WP0412,短刀,重量变化,骨,长柄,骨短刀·长柄；机制：重量变化
WP0413,鞭,重量变化,木,无柄悬浮,木鞭·无柄悬浮；机制：重量变化
WP0414,琴,消耗寿命,黑铁,背负式,黑铁琴·背负式；机制：消耗寿命
WP0415,单手剑,分体飞击,玄钢,短柄,玄钢单手剑·短柄；机制：分体飞击
WP0416,杖,折叠变形,骨,可伸缩,骨杖·可伸缩；机制：折叠变形
WP0417,链,消耗寿命,玉,可伸缩,玉链·可伸缩；机制：消耗寿命
WP0418,符,断节重组,玉,双持,玉符·双持；机制：断节重组
WP0419,杖,铭文启动,骨,可伸缩,骨杖·可伸缩；机制：铭文启动
WP0420,鞭,锁链牵引,金,可伸缩,金鞭·可伸缩；机制：锁链牵引
WP0421,拳套,结印增幅,骨,缠于手臂,骨拳套·缠于手臂；机制：结印增幅
WP0422,杖,共鸣震动,骨,无柄悬浮,骨杖·无柄悬浮；机制：共鸣震动
WP0423,环,吸取记忆,金,长柄,金环·长柄；机制：吸取记忆
WP0424,扇,以气御使,青铜,背负式,青铜扇·背负式；机制：以气御使
WP0425,锤,以气御使,玉,双持,玉锤·双持；机制：以气御使
WP0426,环,吸血反哺,金,可伸缩,金环·可伸缩；机制：吸血反哺
WP0427,杖,吸血反哺,黑铁,藏于袖,黑铁杖·藏于袖；机制：吸血反哺
WP0428,杖,刀刃自愈,玉,缠于手臂,玉杖·缠于手臂；机制：刀刃自愈
WP0429,镰,吸血反哺,金,可伸缩,金镰·可伸缩；机制：吸血反哺
WP0430,戟,以气御使,金,无柄悬浮,金戟·无柄悬浮；机制：以气御使
WP0431,长刀,分体飞击,银,短柄,银长刀·短柄；机制：分体飞击
WP0432,符,断节重组,青铜,背负式,青铜符·背负式；机制：断节重组
WP0433,扇,分体飞击,银,背负式,银扇·背负式；机制：分体飞击
WP0434,符,共鸣震动,寒铁合金,短柄,寒铁合金符·短柄；机制：共鸣震动
WP0435,镰,共鸣震动,黑铁,可伸缩,黑铁镰·可伸缩；机制：共鸣震动
WP0436,拳套,共鸣震动,木,双持,木拳套·双持；机制：共鸣震动
WP0437,印,消耗寿命,玄钢,背负式,玄钢印·背负式；机制：消耗寿命
WP0438,符,刀刃自愈,玉,短柄,玉符·短柄；机制：刀刃自愈
WP0439,弓,收纳空间,玉,可伸缩,玉弓·可伸缩；机制：收纳空间
WP0440,盾,吸取记忆,银,缠于手臂,银盾·缠于手臂；机制：吸取记忆
WP0441,鞭,重量变化,木,长柄,木鞭·长柄；机制：重量变化
WP0442,钩,铭文启动,银,长柄,银钩·长柄；机制：铭文启动
WP0443,符,以气御使,玉,背负式,玉符·背负式；机制：以气御使
WP0444,弩,收纳空间,银,背负式,银弩·背负式；机制：收纳空间
WP0445,杖,刀刃自愈,寒铁合金,短柄,寒铁合金杖·短柄；机制：刀刃自愈
WP0446,棍,结印增幅,木,短柄,木棍·短柄；机制：结印增幅
WP0447,环,折叠变形,寒铁合金,长柄,寒铁合金环·长柄；机制：折叠变形
WP0448,拳套,共鸣震动,骨,背负式,骨拳套·背负式；机制：共鸣震动
WP0449,钩,以气御使,骨,无柄悬浮,骨钩·无柄悬浮；机制：以气御使
WP0450,镰,铭文启动,寒铁合金,背负式,寒铁合金镰·背负式；机制：铭文启动
WP0451,链,吸血反哺,银,长柄,银链·长柄；机制：吸血反哺
WP0452,杖,以气御使,寒铁合金,无柄悬浮,寒铁合金杖·无柄悬浮；机制：以气御使
WP0453,戟,以气御使,青铜,缠于手臂,青铜戟·缠于手臂；机制：以气御使
WP0454,笔,铭文启动,寒铁合金,藏于袖,寒铁合金笔·藏于袖；机制：铭文启动
WP0455,针,重量变化,银,短柄,银针·短柄；机制：重量变化
WP0456,钟,结印增幅,黑铁,藏于袖,黑铁钟·藏于袖；机制：结印增幅
WP0457,琴,吸取记忆,青铜,背负式,青铜琴·背负式；机制：吸取记忆
WP0458,锤,吸取记忆,黑铁,藏于袖,黑铁锤·藏于袖；机制：吸取记忆
WP0459,钩,折叠变形,玄钢,短柄,玄钢钩·短柄；机制：折叠变形
WP0460,笛,吸血反哺,银,无柄悬浮,银笛·无柄悬浮；机制：吸血反哺
WP0461,弓,铭文启动,黑铁,藏于袖,黑铁弓·藏于袖；机制：铭文启动
WP0462,琴,铭文启动,玄钢,可伸缩,玄钢琴·可伸缩；机制：铭文启动
WP0463,针,重量变化,寒铁合金,双持,寒铁合金针·双持；机制：重量变化
WP0464,戟,重量变化,玉,无柄悬浮,玉戟·无柄悬浮；机制：重量变化
WP0465,印,断节重组,金,缠于手臂,金印·缠于手臂；机制：断节重组
WP0466,弩,共鸣震动,晶体,长柄,晶体弩·长柄；机制：共鸣震动
WP0467,戟,铭文启动,黑铁,背负式,黑铁戟·背负式；机制：铭文启动
WP0468,伞,刀刃自愈,寒铁合金,可伸缩,寒铁合金伞·可伸缩；机制：刀刃自愈
WP0469,爪,刀刃自愈,青铜,缠于手臂,青铜爪·缠于手臂；机制：刀刃自愈
WP0470,盾,消耗寿命,黑铁,长柄,黑铁盾·长柄；机制：消耗寿命
WP0471,长刀,断节重组,银,藏于袖,银长刀·藏于袖；机制：断节重组
WP0472,琴,锁链牵引,黑铁,缠于手臂,黑铁琴·缠于手臂；机制：锁链牵引
WP0473,钟,折叠变形,木,背负式,木钟·背负式；机制：折叠变形
WP0474,笔,吸血反哺,玉,短柄,玉笔·短柄；机制：吸血反哺
WP0475,印,镜像复制,玄钢,背负式,玄钢印·背负式；机制：镜像复制
WP0476,链,以气御使,金,背负式,金链·背负式；机制：以气御使
WP0477,环,刀刃自愈,玉,背负式,玉环·背负式；机制：刀刃自愈
WP0478,弩,断节重组,玉,无柄悬浮,玉弩·无柄悬浮；机制：断节重组
WP0479,笔,镜像复制,黑铁,双持,黑铁笔·双持；机制：镜像复制
WP0480,鞭,重量变化,晶体,双持,晶体鞭·双持；机制：重量变化
WP0481,戟,结印增幅,骨,背负式,骨戟·背负式；机制：结印增幅
WP0482,棍,重量变化,青铜,双持,青铜棍·双持；机制：重量变化
WP0483,幡,收纳空间,黑铁,双持,黑铁幡·双持；机制：收纳空间
WP0484,扇,吸取记忆,木,无柄悬浮,木扇·无柄悬浮；机制：吸取记忆
WP0485,锤,吸取记忆,玄钢,无柄悬浮,玄钢锤·无柄悬浮；机制：吸取记忆
WP0486,弓,折叠变形,青铜,可伸缩,青铜弓·可伸缩；机制：折叠变形
WP0487,钟,吸取记忆,金,藏于袖,金钟·藏于袖；机制：吸取记忆
WP0488,环,收纳空间,玉,藏于袖,玉环·藏于袖；机制：收纳空间
WP0489,钟,消耗寿命,玉,可伸缩,玉钟·可伸缩；机制：消耗寿命
WP0490,鞭,铭文启动,银,藏于袖,银鞭·藏于袖；机制：铭文启动
WP0491,锤,吸血反哺,银,无柄悬浮,银锤·无柄悬浮；机制：吸血反哺
WP0492,盾,重量变化,玄钢,无柄悬浮,玄钢盾·无柄悬浮；机制：重量变化
WP0493,鞭,镜像复制,骨,短柄,骨鞭·短柄；机制：镜像复制
WP0494,弩,吸取记忆,金,无柄悬浮,金弩·无柄悬浮；机制：吸取记忆
WP0495,棍,以气御使,金,双持,金棍·双持；机制：以气御使
WP0496,弩,消耗寿命,银,背负式,银弩·背负式；机制：消耗寿命
WP0497,枪,锁链牵引,银,无柄悬浮,银枪·无柄悬浮；机制：锁链牵引
WP0498,印,断节重组,青铜,可伸缩,青铜印·可伸缩；机制：断节重组
WP0499,钩,吸取记忆,晶体,双持,晶体钩·双持；机制：吸取记忆
WP0500,笛,结印增幅,金,短柄,金笛·短柄；机制：结印增幅
WP0501,棍,锁链牵引,玄钢,藏于袖,玄钢棍·藏于袖；机制：锁链牵引
WP0502,杖,重量变化,玄钢,双持,玄钢杖·双持；机制：重量变化
WP0503,笔,吸血反哺,寒铁合金,缠于手臂,寒铁合金笔·缠于手臂；机制：吸血反哺
WP0504,伞,消耗寿命,黑铁,背负式,黑铁伞·背负式；机制：消耗寿命
WP0505,拳套,锁链牵引,晶体,短柄,晶体拳套·短柄；机制：锁链牵引
WP0506,笔,吸血反哺,骨,可伸缩,骨笔·可伸缩；机制：吸血反哺
WP0507,印,折叠变形,青铜,可伸缩,青铜印·可伸缩；机制：折叠变形
WP0508,软剑,以气御使,晶体,背负式,晶体软剑·背负式；机制：以气御使
WP0509,链,铭文启动,青铜,长柄,青铜链·长柄；机制：铭文启动
WP0510,扇,铭文启动,黑铁,长柄,黑铁扇·长柄；机制：铭文启动
WP0511,弩,结印增幅,金,藏于袖,金弩·藏于袖；机制：结印增幅
WP0512,幡,以气御使,木,短柄,木幡·短柄；机制：以气御使
WP0513,爪,锁链牵引,青铜,长柄,青铜爪·长柄；机制：锁链牵引
WP0514,印,分体飞击,玉,长柄,玉印·长柄；机制：分体飞击
WP0515,短刀,断节重组,骨,长柄,骨短刀·长柄；机制：断节重组
WP0516,琴,重量变化,玄钢,缠于手臂,玄钢琴·缠于手臂；机制：重量变化
WP0517,锤,收纳空间,黑铁,双持,黑铁锤·双持；机制：收纳空间
WP0518,棍,消耗寿命,银,短柄,银棍·短柄；机制：消耗寿命
WP0519,长刀,铭文启动,寒铁合金,长柄,寒铁合金长刀·长柄；机制：铭文启动
WP0520,笔,收纳空间,晶体,可伸缩,晶体笔·可伸缩；机制：收纳空间
WP0521,爪,镜像复制,木,可伸缩,木爪·可伸缩；机制：镜像复制
WP0522,拳套,锁链牵引,寒铁合金,可伸缩,寒铁合金拳套·可伸缩；机制：锁链牵引
WP0523,符,镜像复制,寒铁合金,藏于袖,寒铁合金符·藏于袖；机制：镜像复制
WP0524,笔,断节重组,木,背负式,木笔·背负式；机制：断节重组
WP0525,软剑,分体飞击,黑铁,可伸缩,黑铁软剑·可伸缩；机制：分体飞击
WP0526,枪,消耗寿命,青铜,缠于手臂,青铜枪·缠于手臂；机制：消耗寿命
WP0527,钩,锁链牵引,玄钢,可伸缩,玄钢钩·可伸缩；机制：锁链牵引
WP0528,单手剑,折叠变形,青铜,短柄,青铜单手剑·短柄；机制：折叠变形
WP0529,棍,分体飞击,玉,缠于手臂,玉棍·缠于手臂；机制：分体飞击
WP0530,戟,吸取记忆,青铜,双持,青铜戟·双持；机制：吸取记忆
WP0531,弓,断节重组,寒铁合金,缠于手臂,寒铁合金弓·缠于手臂；机制：断节重组
WP0532,环,消耗寿命,金,藏于袖,金环·藏于袖；机制：消耗寿命
WP0533,锤,重量变化,木,背负式,木锤·背负式；机制：重量变化
WP0534,长刀,分体飞击,青铜,可伸缩,青铜长刀·可伸缩；机制：分体飞击
WP0535,长刀,消耗寿命,玄钢,藏于袖,玄钢长刀·藏于袖；机制：消耗寿命
WP0536,戟,锁链牵引,骨,短柄,骨戟·短柄；机制：锁链牵引
WP0537,链,折叠变形,玄钢,藏于袖,玄钢链·藏于袖；机制：折叠变形
WP0538,符,折叠变形,晶体,无柄悬浮,晶体符·无柄悬浮；机制：折叠变形
WP0539,链,折叠变形,骨,短柄,骨链·短柄；机制：折叠变形
WP0540,幡,铭文启动,银,双持,银幡·双持；机制：铭文启动
WP0541,弓,重量变化,骨,双持,骨弓·双持；机制：重量变化
WP0542,枪,铭文启动,木,短柄,木枪·短柄；机制：铭文启动
WP0543,软剑,铭文启动,木,短柄,木软剑·短柄；机制：铭文启动
WP0544,棍,吸血反哺,木,长柄,木棍·长柄；机制：吸血反哺
WP0545,印,镜像复制,青铜,短柄,青铜印·短柄；机制：镜像复制
WP0546,环,吸血反哺,晶体,短柄,晶体环·短柄；机制：吸血反哺
WP0547,符,折叠变形,金,缠于手臂,金符·缠于手臂；机制：折叠变形
WP0548,钟,镜像复制,寒铁合金,背负式,寒铁合金钟·背负式；机制：镜像复制
WP0549,笔,吸取记忆,青铜,藏于袖,青铜笔·藏于袖；机制：吸取记忆
WP0550,弓,以气御使,青铜,双持,青铜弓·双持；机制：以气御使
WP0551,杖,刀刃自愈,黑铁,双持,黑铁杖·双持；机制：刀刃自愈
WP0552,琴,消耗寿命,玉,双持,玉琴·双持；机制：消耗寿命
WP0553,笔,以气御使,晶体,可伸缩,晶体笔·可伸缩；机制：以气御使
WP0554,杖,以气御使,玉,双持,玉杖·双持；机制：以气御使
WP0555,镰,以气御使,玄钢,短柄,玄钢镰·短柄；机制：以气御使
WP0556,杖,锁链牵引,银,缠于手臂,银杖·缠于手臂；机制：锁链牵引
WP0557,爪,结印增幅,金,无柄悬浮,金爪·无柄悬浮；机制：结印增幅
WP0558,笛,吸血反哺,木,缠于手臂,木笛·缠于手臂；机制：吸血反哺
WP0559,双手巨剑,锁链牵引,木,缠于手臂,木双手巨剑·缠于手臂；机制：锁链牵引
WP0560,幡,锁链牵引,晶体,可伸缩,晶体幡·可伸缩；机制：锁链牵引
