p_id,第一眼,第二眼,第三眼,关键词串,视觉化要点,一句话
PS00001,神秘,通透,温润,神秘、通透、温润,神秘→收紧动作幅度与表情；通透→锐利眼型；温润→层叠结构,第一眼神秘，第二眼通透，第三眼温润
PS00002,温柔,阴郁,悲悯,温柔、阴郁、悲悯,温柔→收紧动作幅度与表情；阴郁→锐利眼型；悲悯→破损细节,第一眼温柔，第二眼阴郁，第三眼悲悯
PS00003,沉稳,温雅,虔诚,沉稳、温雅、虔诚,沉稳→收紧动作幅度与表情；温雅→非人平静；虔诚→简洁剪影,第一眼沉稳，第二眼温雅，第三眼虔诚
PS00004,狠戾,温雅,坚毅,狠戾、温雅、坚毅,狠戾→收紧动作幅度与表情；温雅→稳定眼神；坚毅→破损细节,第一眼狠戾，第二眼温雅，第三眼坚毅
PS00005,神性,克己,悲悯,神性、克己、悲悯,神性→收紧动作幅度与表情；克己→强烈轮廓；悲悯→破损细节,第一眼神性，第二眼克己，第三眼悲悯
PS00006,明亮,神性,天真,明亮、神性、天真,明亮→收紧动作幅度与表情；神性→放松眼尾/嘴角；天真→破损细节,第一眼明亮，第二眼神性，第三眼天真
PS00007,直率,躁动,明亮,直率、躁动、明亮,直率→收紧动作幅度与表情；躁动→稳定眼神；明亮→层叠结构,第一眼直率，第二眼躁动，第三眼明亮
PS00008,慵懒,明亮,凌厉,慵懒、明亮、凌厉,慵懒→收紧动作幅度与表情；明亮→稳定眼神；凌厉→层叠结构,第一眼慵懒，第二眼明亮，第三眼凌厉
PS00009,凌厉,暴烈,柔软,凌厉、暴烈、柔软,凌厉→收紧动作幅度与表情；暴烈→非人平静；柔软→破损细节,第一眼凌厉，第二眼暴烈，第三眼柔软
PS00010,沧桑,沉稳,张扬,沧桑、沉稳、张扬,沧桑→收紧动作幅度与表情；沉稳→非人平静；张扬→简洁剪影,第一眼沧桑，第二眼沉稳，第三眼张扬
PS00011,放纵,克己,虔诚,放纵、克己、虔诚,放纵→收紧动作幅度与表情；克己→放松眼尾/嘴角；虔诚→层叠结构,第一眼放纵，第二眼克己，第三眼虔诚
PS00012,通透,隐忍,疯狂,通透、隐忍、疯狂,通透→收紧动作幅度与表情；隐忍→放松眼尾/嘴角；疯狂→高洁材质,第一眼通透，第二眼隐忍，第三眼疯狂
PS00013,疯狂,神性,警觉,疯狂、神性、警觉,疯狂→收紧动作幅度与表情；神性→放松眼尾/嘴角；警觉→层叠结构,第一眼疯狂，第二眼神性，第三眼警觉
PS00014,高贵,强健,躁动,高贵、强健、躁动,高贵→收紧动作幅度与表情；强健→稳定眼神；躁动→层叠结构,第一眼高贵，第二眼强健，第三眼躁动
PS00015,温润,沉稳,野性,温润、沉稳、野性,温润→收紧动作幅度与表情；沉稳→锐利眼型；野性→简洁剪影,第一眼温润，第二眼沉稳，第三眼野性
PS00016,悲悯,沧桑,柔软,悲悯、沧桑、柔软,悲悯→收紧动作幅度与表情；沧桑→锐利眼型；柔软→高洁材质,第一眼悲悯，第二眼沧桑，第三眼柔软
PS00017,聪慧,市井,局促,聪慧、市井、局促,聪慧→收紧动作幅度与表情；市井→强烈轮廓；局促→反差配色,第一眼聪慧，第二眼市井，第三眼局促
PS00018,病弱,沉静,危险,病弱、沉静、危险,病弱→收紧动作幅度与表情；沉静→强烈轮廓；危险→破损细节,第一眼病弱，第二眼沉静，第三眼危险
PS00019,病弱,阴郁,叛逆,病弱、阴郁、叛逆,病弱→收紧动作幅度与表情；阴郁→放松眼尾/嘴角；叛逆→简洁剪影,第一眼病弱，第二眼阴郁，第三眼叛逆
PS00020,散漫,叛逆,高贵,散漫、叛逆、高贵,散漫→收紧动作幅度与表情；叛逆→强烈轮廓；高贵→层叠结构,第一眼散漫，第二眼叛逆，第三眼高贵
PS00021,沧桑,局促,天真,沧桑、局促、天真,沧桑→收紧动作幅度与表情；局促→结构不对称；天真→简洁剪影,第一眼沧桑，第二眼局促，第三眼天真
PS00022,市井,放纵,狠戾,市井、放纵、狠戾,市井→收紧动作幅度与表情；放纵→锐利眼型；狠戾→破损细节,第一眼市井，第二眼放纵，第三眼狠戾
PS00023,清冷,疯狂,坦然,清冷、疯狂、坦然,清冷→收紧动作幅度与表情；疯狂→稳定眼神；坦然→层叠结构,第一眼清冷，第二眼疯狂，第三眼坦然
PS00024,克制,通透,高贵,克制、通透、高贵,克制→收紧动作幅度与表情；通透→结构不对称；高贵→高洁材质,第一眼克制，第二眼通透，第三眼高贵
PS00025,清冷,狠戾,妖异,清冷、狠戾、妖异,清冷→收紧动作幅度与表情；狠戾→放松眼尾/嘴角；妖异→反差配色,第一眼清冷，第二眼狠戾，第三眼妖异
PS00026,高贵,克制,躁动,高贵、克制、躁动,高贵→收紧动作幅度与表情；克制→强烈轮廓；躁动→简洁剪影,第一眼高贵，第二眼克制，第三眼躁动
PS00027,高贵,执拗,狠戾,高贵、执拗、狠戾,高贵→收紧动作幅度与表情；执拗→稳定眼神；狠戾→反差配色,第一眼高贵，第二眼执拗，第三眼狠戾
PS00028,坚毅,叛逆,冷酷,坚毅、叛逆、冷酷,坚毅→收紧动作幅度与表情；叛逆→非人平静；冷酷→简洁剪影,第一眼坚毅，第二眼叛逆，第三眼冷酷
PS00029,放纵,明亮,躁动,放纵、明亮、躁动,放纵→收紧动作幅度与表情；明亮→结构不对称；躁动→高洁材质,第一眼放纵，第二眼明亮，第三眼躁动
PS00030,高贵,天真,疏离,高贵、天真、疏离,高贵→收紧动作幅度与表情；天真→非人平静；疏离→破损细节,第一眼高贵，第二眼天真，第三眼疏离
PS00031,冷酷,强健,亲和,冷酷、强健、亲和,冷酷→收紧动作幅度与表情；强健→放松眼尾/嘴角；亲和→层叠结构,第一眼冷酷，第二眼强健，第三眼亲和
PS00032,通透,疏离,野性,通透、疏离、野性,通透→收紧动作幅度与表情；疏离→材质温润；野性→反差配色,第一眼通透，第二眼疏离，第三眼野性
PS00033,疏离,慵懒,温雅,疏离、慵懒、温雅,疏离→收紧动作幅度与表情；慵懒→放松眼尾/嘴角；温雅→破损细节,第一眼疏离，第二眼慵懒，第三眼温雅
PS00034,妖异,叛逆,慵懒,妖异、叛逆、慵懒,妖异→收紧动作幅度与表情；叛逆→稳定眼神；慵懒→破损细节,第一眼妖异，第二眼叛逆，第三眼慵懒
PS00035,市井,张扬,野性,市井、张扬、野性,市井→收紧动作幅度与表情；张扬→结构不对称；野性→简洁剪影,第一眼市井，第二眼张扬，第三眼野性
PS00036,聪慧,病弱,从容,聪慧、病弱、从容,聪慧→收紧动作幅度与表情；病弱→锐利眼型；从容→简洁剪影,第一眼聪慧，第二眼病弱，第三眼从容
PS00037,柔软,虔诚,隐忍,柔软、虔诚、隐忍,柔软→收紧动作幅度与表情；虔诚→结构不对称；隐忍→反差配色,第一眼柔软，第二眼虔诚，第三眼隐忍
PS00038,阴郁,坦然,聪慧,阴郁、坦然、聪慧,阴郁→收紧动作幅度与表情；坦然→非人平静；聪慧→高洁材质,第一眼阴郁，第二眼坦然，第三眼聪慧
PS00039,疏离,神秘,温雅,疏离、神秘、温雅,疏离→收紧动作幅度与表情；神秘→强烈轮廓；温雅→反差配色,第一眼疏离，第二眼神秘，第三眼温雅
PS00040,凌厉,妖异,从容,凌厉、妖异、从容,凌厉→收紧动作幅度与表情；妖异→稳定眼神；从容→高洁材质,第一眼凌厉，第二眼妖异，第三眼从容
PS00041,躁动,疯狂,执拗,躁动、疯狂、执拗,躁动→收紧动作幅度与表情；疯狂→材质温润；执拗→反差配色,第一眼躁动，第二眼疯狂，第三眼执拗
PS00042,克制,沧桑,执拗,克制、沧桑、执拗,克制→收紧动作幅度与表情；沧桑→结构不对称；执拗→反差配色,第一眼克制，第二眼沧桑，第三眼执拗
PS00043,局促,冷酷,执拗,局促、冷酷、执拗,局促→收紧动作幅度与表情；冷酷→结构不对称；执拗→简洁剪影,第一眼局促，第二眼冷酷，第三眼执拗
PS00044,孤傲,沉静,冷酷,孤傲、沉静、冷酷,孤傲→收紧动作幅度与表情；沉静→强烈轮廓；冷酷→简洁剪影,第一眼孤傲，第二眼沉静，第三眼冷酷
PS00045,病弱,天真,执拗,病弱、天真、执拗,病弱→收紧动作幅度与表情；天真→强烈轮廓；执拗→高洁材质,第一眼病弱，第二眼天真，第三眼执拗
PS00046,冷酷,悲悯,市井,冷酷、悲悯、市井,冷酷→收紧动作幅度与表情；悲悯→锐利眼型；市井→高洁材质,第一眼冷酷，第二眼悲悯，第三眼市井
PS00047,阴郁,神性,危险,阴郁、神性、危险,阴郁→收紧动作幅度与表情；神性→强烈轮廓；危险→破损细节,第一眼阴郁，第二眼神性，第三眼危险
PS00048,克己,妖异,通透,克己、妖异、通透,克己→收紧动作幅度与表情；妖异→锐利眼型；通透→破损细节,第一眼克己，第二眼妖异，第三眼通透
PS00049,强健,亲和,温柔,强健、亲和、温柔,强健→收紧动作幅度与表情；亲和→强烈轮廓；温柔→破损细节,第一眼强健，第二眼亲和，第三眼温柔
PS00050,沉静,凌厉,警觉,沉静、凌厉、警觉,沉静→收紧动作幅度与表情；凌厉→材质温润；警觉→破损细节,第一眼沉静，第二眼凌厉，第三眼警觉
PS00051,阴郁,坚毅,温雅,阴郁、坚毅、温雅,阴郁→收紧动作幅度与表情；坚毅→强烈轮廓；温雅→反差配色,第一眼阴郁，第二眼坚毅，第三眼温雅
PS00052,野性,散漫,神秘,野性、散漫、神秘,野性→收紧动作幅度与表情；散漫→材质温润；神秘→层叠结构,第一眼野性，第二眼散漫，第三眼神秘
PS00053,市井,放纵,克己,市井、放纵、克己,市井→收紧动作幅度与表情；放纵→强烈轮廓；克己→破损细节,第一眼市井，第二眼放纵，第三眼克己
PS00054,可靠,躁动,局促,可靠、躁动、局促,可靠→收紧动作幅度与表情；躁动→结构不对称；局促→层叠结构,第一眼可靠，第二眼躁动，第三眼局促
PS00055,通透,疏离,克己,通透、疏离、克己,通透→收紧动作幅度与表情；疏离→非人平静；克己→高洁材质,第一眼通透，第二眼疏离，第三眼克己
PS00056,阴郁,坦然,直率,阴郁、坦然、直率,阴郁→收紧动作幅度与表情；坦然→非人平静；直率→破损细节,第一眼阴郁，第二眼坦然，第三眼直率
PS00057,危险,清冷,坚毅,危险、清冷、坚毅,危险→收紧动作幅度与表情；清冷→非人平静；坚毅→层叠结构,第一眼危险，第二眼清冷，第三眼坚毅
PS00058,坚毅,温润,疯狂,坚毅、温润、疯狂,坚毅→收紧动作幅度与表情；温润→放松眼尾/嘴角；疯狂→层叠结构,第一眼坚毅，第二眼温润，第三眼疯狂
PS00059,高贵,沉静,虔诚,高贵、沉静、虔诚,高贵→收紧动作幅度与表情；沉静→锐利眼型；虔诚→简洁剪影,第一眼高贵，第二眼沉静，第三眼虔诚
PS00060,强健,神性,冷酷,强健、神性、冷酷,强健→收紧动作幅度与表情；神性→放松眼尾/嘴角；冷酷→层叠结构,第一眼强健，第二眼神性，第三眼冷酷
PS00061,明亮,坚毅,神秘,明亮、坚毅、神秘,明亮→收紧动作幅度与表情；坚毅→结构不对称；神秘→简洁剪影,第一眼明亮，第二眼坚毅，第三眼神秘
PS00062,明亮,温柔,野性,明亮、温柔、野性,明亮→收紧动作幅度与表情；温柔→强烈轮廓；野性→层叠结构,第一眼明亮，第二眼温柔，第三眼野性
PS00063,高贵,妖异,沧桑,高贵、妖异、沧桑,高贵→收紧动作幅度与表情；妖异→稳定眼神；沧桑→高洁材质,第一眼高贵，第二眼妖异，第三眼沧桑
PS00064,沉稳,悲悯,坚毅,沉稳、悲悯、坚毅,沉稳→收紧动作幅度与表情；悲悯→放松眼尾/嘴角；坚毅→破损细节,第一眼沉稳，第二眼悲悯，第三眼坚毅
PS00065,从容,聪慧,妖异,从容、聪慧、妖异,从容→收紧动作幅度与表情；聪慧→锐利眼型；妖异→破损细节,第一眼从容，第二眼聪慧，第三眼妖异
PS00066,坚毅,孤傲,高贵,坚毅、孤傲、高贵,坚毅→收紧动作幅度与表情；孤傲→稳定眼神；高贵→简洁剪影,第一眼坚毅，第二眼孤傲，第三眼高贵
PS00067,直率,悲悯,孤傲,直率、悲悯、孤傲,直率→收紧动作幅度与表情；悲悯→稳定眼神；孤傲→简洁剪影,第一眼直率，第二眼悲悯，第三眼孤傲
PS00068,慵懒,疯狂,沉稳,慵懒、疯狂、沉稳,慵懒→收紧动作幅度与表情；疯狂→锐利眼型；沉稳→简洁剪影,第一眼慵懒，第二眼疯狂，第三眼沉稳
PS00069,凌厉,神性,放纵,凌厉、神性、放纵,凌厉→收紧动作幅度与表情；神性→锐利眼型；放纵→反差配色,第一眼凌厉，第二眼神性，第三眼放纵
PS00070,柔软,危险,市井,柔软、危险、市井,柔软→收紧动作幅度与表情；危险→非人平静；市井→反差配色,第一眼柔软，第二眼危险，第三眼市井
PS00071,疏离,隐忍,克己,疏离、隐忍、克己,疏离→收紧动作幅度与表情；隐忍→强烈轮廓；克己→简洁剪影,第一眼疏离，第二眼隐忍，第三眼克己
PS00072,慵懒,孤傲,聪慧,慵懒、孤傲、聪慧,慵懒→收紧动作幅度与表情；孤傲→材质温润；聪慧→层叠结构,第一眼慵懒，第二眼孤傲，第三眼聪慧
PS00073,悲悯,狠戾,疏离,悲悯、狠戾、疏离,悲悯→收紧动作幅度与表情；狠戾→非人平静；疏离→反差配色,第一眼悲悯，第二眼狠戾，第三眼疏离
PS00074,暴烈,直率,柔软,暴烈、直率、柔软,暴烈→收紧动作幅度与表情；直率→放松眼尾/嘴角；柔软→反差配色,第一眼暴烈，第二眼直率，第三眼柔软
PS00075,坦然,局促,沉稳,坦然、局促、沉稳,坦然→收紧动作幅度与表情；局促→材质温润；沉稳→反差配色,第一眼坦然，第二眼局促，第三眼沉稳
PS00076,可靠,危险,叛逆,可靠、危险、叛逆,可靠→收紧动作幅度与表情；危险→材质温润；叛逆→破损细节,第一眼可靠，第二眼危险，第三眼叛逆
PS00077,放纵,散漫,慵懒,放纵、散漫、慵懒,放纵→收紧动作幅度与表情；散漫→锐利眼型；慵懒→反差配色,第一眼放纵，第二眼散漫，第三眼慵懒
PS00078,从容,躁动,虔诚,从容、躁动、虔诚,从容→收紧动作幅度与表情；躁动→放松眼尾/嘴角；虔诚→简洁剪影,第一眼从容，第二眼躁动，第三眼虔诚
PS00079,危险,疯狂,孤傲,危险、疯狂、孤傲,危险→收紧动作幅度与表情；疯狂→结构不对称；孤傲→简洁剪影,第一眼危险，第二眼疯狂，第三眼孤傲
PS00080,神秘,高贵,明亮,神秘、高贵、明亮,神秘→收紧动作幅度与表情；高贵→非人平静；明亮→简洁剪影,第一眼神秘，第二眼高贵，第三眼明亮
PS00081,张扬,坚毅,叛逆,张扬、坚毅、叛逆,张扬→收紧动作幅度与表情；坚毅→锐利眼型；叛逆→简洁剪影,第一眼张扬，第二眼坚毅，第三眼叛逆
PS00082,温雅,柔软,聪慧,温雅、柔软、聪慧,温雅→收紧动作幅度与表情；柔软→结构不对称；聪慧→反差配色,第一眼温雅，第二眼柔软，第三眼聪慧
PS00083,张扬,坚毅,孤傲,张扬、坚毅、孤傲,张扬→收紧动作幅度与表情；坚毅→稳定眼神；孤傲→层叠结构,第一眼张扬，第二眼坚毅，第三眼孤傲
PS00084,妖异,危险,张扬,妖异、危险、张扬,妖异→收紧动作幅度与表情；危险→结构不对称；张扬→破损细节,第一眼妖异，第二眼危险，第三眼张扬
PS00085,危险,克己,疯狂,危险、克己、疯狂,危险→收紧动作幅度与表情；克己→强烈轮廓；疯狂→层叠结构,第一眼危险，第二眼克己，第三眼疯狂
PS00086,放纵,躁动,神秘,放纵、躁动、神秘,放纵→收紧动作幅度与表情；躁动→锐利眼型；神秘→反差配色,第一眼放纵，第二眼躁动，第三眼神秘
PS00087,疯狂,市井,躁动,疯狂、市井、躁动,疯狂→收紧动作幅度与表情；市井→结构不对称；躁动→高洁材质,第一眼疯狂，第二眼市井，第三眼躁动
PS00088,可靠,聪慧,神性,可靠、聪慧、神性,可靠→收紧动作幅度与表情；聪慧→结构不对称；神性→反差配色,第一眼可靠，第二眼聪慧，第三眼神性
PS00089,执拗,沉静,慵懒,执拗、沉静、慵懒,执拗→收紧动作幅度与表情；沉静→非人平静；慵懒→高洁材质,第一眼执拗，第二眼沉静，第三眼慵懒
PS00090,凌厉,沉稳,警觉,凌厉、沉稳、警觉,凌厉→收紧动作幅度与表情；沉稳→稳定眼神；警觉→层叠结构,第一眼凌厉，第二眼沉稳，第三眼警觉
PS00091,亲和,散漫,天真,亲和、散漫、天真,亲和→收紧动作幅度与表情；散漫→材质温润；天真→破损细节,第一眼亲和，第二眼散漫，第三眼天真
PS00092,市井,可靠,执拗,市井、可靠、执拗,市井→收紧动作幅度与表情；可靠→材质温润；执拗→简洁剪影,第一眼市井，第二眼可靠，第三眼执拗
PS00093,柔软,慵懒,阴郁,柔软、慵懒、阴郁,柔软→收紧动作幅度与表情；慵懒→材质温润；阴郁→层叠结构,第一眼柔软，第二眼慵懒，第三眼阴郁
PS00094,温润,放纵,孤傲,温润、放纵、孤傲,温润→收紧动作幅度与表情；放纵→非人平静；孤傲→高洁材质,第一眼温润，第二眼放纵，第三眼孤傲
PS00095,可靠,躁动,明亮,可靠、躁动、明亮,可靠→收紧动作幅度与表情；躁动→非人平静；明亮→反差配色,第一眼可靠，第二眼躁动，第三眼明亮
PS00096,悲悯,躁动,温雅,悲悯、躁动、温雅,悲悯→收紧动作幅度与表情；躁动→材质温润；温雅→破损细节,第一眼悲悯，第二眼躁动，第三眼温雅
PS00097,狠戾,直率,隐忍,狠戾、直率、隐忍,狠戾→收紧动作幅度与表情；直率→材质温润；隐忍→简洁剪影,第一眼狠戾，第二眼直率，第三眼隐忍
PS00098,高贵,疯狂,病弱,高贵、疯狂、病弱,高贵→收紧动作幅度与表情；疯狂→材质温润；病弱→反差配色,第一眼高贵，第二眼疯狂，第三眼病弱
PS00099,妖异,克制,温润,妖异、克制、温润,妖异→收紧动作幅度与表情；克制→锐利眼型；温润→简洁剪影,第一眼妖异，第二眼克制，第三眼温润
PS00100,叛逆,高贵,坦然,叛逆、高贵、坦然,叛逆→收紧动作幅度与表情；高贵→稳定眼神；坦然→破损细节,第一眼叛逆，第二眼高贵，第三眼坦然
PS00101,阴郁,放纵,聪慧,阴郁、放纵、聪慧,阴郁→收紧动作幅度与表情；放纵→放松眼尾/嘴角；聪慧→简洁剪影,第一眼阴郁，第二眼放纵，第三眼聪慧
PS00102,疏离,警觉,温润,疏离、警觉、温润,疏离→收紧动作幅度与表情；警觉→结构不对称；温润→简洁剪影,第一眼疏离，第二眼警觉，第三眼温润
PS00103,暴烈,明亮,可靠,暴烈、明亮、可靠,暴烈→收紧动作幅度与表情；明亮→材质温润；可靠→反差配色,第一眼暴烈，第二眼明亮，第三眼可靠
PS00104,市井,天真,孤傲,市井、天真、孤傲,市井→收紧动作幅度与表情；天真→强烈轮廓；孤傲→层叠结构,第一眼市井，第二眼天真，第三眼孤傲
PS00105,强健,通透,克己,强健、通透、克己,强健→收紧动作幅度与表情；通透→材质温润；克己→破损细节,第一眼强健，第二眼通透，第三眼克己
PS00106,狠戾,坚毅,克制,狠戾、坚毅、克制,狠戾→收紧动作幅度与表情；坚毅→强烈轮廓；克制→反差配色,第一眼狠戾，第二眼坚毅，第三眼克制
PS00107,温雅,野性,孤傲,温雅、野性、孤傲,温雅→收紧动作幅度与表情；野性→强烈轮廓；孤傲→高洁材质,第一眼温雅，第二眼野性，第三眼孤傲
PS00108,暴烈,阴郁,聪慧,暴烈、阴郁、聪慧,暴烈→收紧动作幅度与表情；阴郁→非人平静；聪慧→高洁材质,第一眼暴烈，第二眼阴郁，第三眼聪慧
PS00109,柔软,隐忍,悲悯,柔软、隐忍、悲悯,柔软→收紧动作幅度与表情；隐忍→放松眼尾/嘴角；悲悯→反差配色,第一眼柔软，第二眼隐忍，第三眼悲悯
PS00110,直率,强健,狠戾,直率、强健、狠戾,直率→收紧动作幅度与表情；强健→结构不对称；狠戾→破损细节,第一眼直率，第二眼强健，第三眼狠戾
PS00111,沧桑,悲悯,沉稳,沧桑、悲悯、沉稳,沧桑→收紧动作幅度与表情；悲悯→稳定眼神；沉稳→破损细节,第一眼沧桑，第二眼悲悯，第三眼沉稳
PS00112,躁动,叛逆,沉静,躁动、叛逆、沉静,躁动→收紧动作幅度与表情；叛逆→强烈轮廓；沉静→高洁材质,第一眼躁动，第二眼叛逆，第三眼沉静
PS00113,克制,明亮,叛逆,克制、明亮、叛逆,克制→收紧动作幅度与表情；明亮→锐利眼型；叛逆→破损细节,第一眼克制，第二眼明亮，第三眼叛逆
PS00114,市井,神性,警觉,市井、神性、警觉,市井→收紧动作幅度与表情；神性→结构不对称；警觉→层叠结构,第一眼市井，第二眼神性，第三眼警觉
PS00115,神秘,沧桑,从容,神秘、沧桑、从容,神秘→收紧动作幅度与表情；沧桑→稳定眼神；从容→简洁剪影,第一眼神秘，第二眼沧桑，第三眼从容
PS00116,孤傲,清冷,阴郁,孤傲、清冷、阴郁,孤傲→收紧动作幅度与表情；清冷→稳定眼神；阴郁→反差配色,第一眼孤傲，第二眼清冷，第三眼阴郁
PS00117,警觉,疯狂,天真,警觉、疯狂、天真,警觉→收紧动作幅度与表情；疯狂→强烈轮廓；天真→破损细节,第一眼警觉，第二眼疯狂，第三眼天真
PS00118,明亮,温雅,执拗,明亮、温雅、执拗,明亮→收紧动作幅度与表情；温雅→锐利眼型；执拗→高洁材质,第一眼明亮，第二眼温雅，第三眼执拗
PS00119,柔软,躁动,明亮,柔软、躁动、明亮,柔软→收紧动作幅度与表情；躁动→非人平静；明亮→层叠结构,第一眼柔软，第二眼躁动，第三眼明亮
PS00120,冷酷,沉静,病弱,冷酷、沉静、病弱,冷酷→收紧动作幅度与表情；沉静→稳定眼神；病弱→简洁剪影,第一眼冷酷，第二眼沉静，第三眼病弱
PS00121,克己,张扬,局促,克己、张扬、局促,克己→收紧动作幅度与表情；张扬→稳定眼神；局促→层叠结构,第一眼克己，第二眼张扬，第三眼局促
PS00122,叛逆,阴郁,聪慧,叛逆、阴郁、聪慧,叛逆→收紧动作幅度与表情；阴郁→稳定眼神；聪慧→反差配色,第一眼叛逆，第二眼阴郁，第三眼聪慧
PS00123,神秘,可靠,叛逆,神秘、可靠、叛逆,神秘→收紧动作幅度与表情；可靠→放松眼尾/嘴角；叛逆→简洁剪影,第一眼神秘，第二眼可靠，第三眼叛逆
PS00124,沧桑,神秘,明亮,沧桑、神秘、明亮,沧桑→收紧动作幅度与表情；神秘→放松眼尾/嘴角；明亮→破损细节,第一眼沧桑，第二眼神秘，第三眼明亮
PS00125,清冷,张扬,警觉,清冷、张扬、警觉,清冷→收紧动作幅度与表情；张扬→稳定眼神；警觉→层叠结构,第一眼清冷，第二眼张扬，第三眼警觉
PS00126,柔软,躁动,神秘,柔软、躁动、神秘,柔软→收紧动作幅度与表情；躁动→材质温润；神秘→简洁剪影,第一眼柔软，第二眼躁动，第三眼神秘
PS00127,凌厉,坦然,明亮,凌厉、坦然、明亮,凌厉→收紧动作幅度与表情；坦然→结构不对称；明亮→层叠结构,第一眼凌厉，第二眼坦然，第三眼明亮
PS00128,局促,叛逆,克己,局促、叛逆、克己,局促→收紧动作幅度与表情；叛逆→放松眼尾/嘴角；克己→反差配色,第一眼局促，第二眼叛逆，第三眼克己
PS00129,温润,狠戾,散漫,温润、狠戾、散漫,温润→收紧动作幅度与表情；狠戾→强烈轮廓；散漫→简洁剪影,第一眼温润，第二眼狠戾，第三眼散漫
PS00130,沉静,张扬,明亮,沉静、张扬、明亮,沉静→收紧动作幅度与表情；张扬→结构不对称；明亮→破损细节,第一眼沉静，第二眼张扬，第三眼明亮
PS00131,可靠,躁动,柔软,可靠、躁动、柔软,可靠→收紧动作幅度与表情；躁动→强烈轮廓；柔软→反差配色,第一眼可靠，第二眼躁动，第三眼柔软
PS00132,危险,通透,聪慧,危险、通透、聪慧,危险→收紧动作幅度与表情；通透→结构不对称；聪慧→高洁材质,第一眼危险，第二眼通透，第三眼聪慧
PS00133,孤傲,野性,张扬,孤傲、野性、张扬,孤傲→收紧动作幅度与表情；野性→强烈轮廓；张扬→反差配色,第一眼孤傲，第二眼野性，第三眼张扬
PS00134,凌厉,神秘,温雅,凌厉、神秘、温雅,凌厉→收紧动作幅度与表情；神秘→锐利眼型；温雅→破损细节,第一眼凌厉，第二眼神秘，第三眼温雅
PS00135,温雅,克制,亲和,温雅、克制、亲和,温雅→收紧动作幅度与表情；克制→稳定眼神；亲和→简洁剪影,第一眼温雅，第二眼克制，第三眼亲和
PS00136,孤傲,危险,躁动,孤傲、危险、躁动,孤傲→收紧动作幅度与表情；危险→锐利眼型；躁动→破损细节,第一眼孤傲，第二眼危险，第三眼躁动
PS00137,清冷,温雅,叛逆,清冷、温雅、叛逆,清冷→收紧动作幅度与表情；温雅→非人平静；叛逆→高洁材质,第一眼清冷，第二眼温雅，第三眼叛逆
PS00138,阴郁,可靠,凌厉,阴郁、可靠、凌厉,阴郁→收紧动作幅度与表情；可靠→稳定眼神；凌厉→反差配色,第一眼阴郁，第二眼可靠，第三眼凌厉
PS00139,强健,局促,沧桑,强健、局促、沧桑,强健→收紧动作幅度与表情；局促→强烈轮廓；沧桑→层叠结构,第一眼强健，第二眼局促，第三眼沧桑
PS00140,神性,野性,凌厉,神性、野性、凌厉,神性→收紧动作幅度与表情；野性→锐利眼型；凌厉→破损细节,第一眼神性，第二眼野性，第三眼凌厉
PS00141,通透,疯狂,阴郁,通透、疯狂、阴郁,通透→收紧动作幅度与表情；疯狂→非人平静；阴郁→简洁剪影,第一眼通透，第二眼疯狂，第三眼阴郁
PS00142,叛逆,危险,执拗,叛逆、危险、执拗,叛逆→收紧动作幅度与表情；危险→非人平静；执拗→层叠结构,第一眼叛逆，第二眼危险，第三眼执拗
PS00143,虔诚,慵懒,神秘,虔诚、慵懒、神秘,虔诚→收紧动作幅度与表情；慵懒→稳定眼神；神秘→高洁材质,第一眼虔诚，第二眼慵懒，第三眼神秘
PS00144,病弱,危险,孤傲,病弱、危险、孤傲,病弱→收紧动作幅度与表情；危险→放松眼尾/嘴角；孤傲→高洁材质,第一眼病弱，第二眼危险，第三眼孤傲
PS00145,放纵,慵懒,局促,放纵、慵懒、局促,放纵→收紧动作幅度与表情；慵懒→放松眼尾/嘴角；局促→破损细节,第一眼放纵，第二眼慵懒，第三眼局促
PS00146,高贵,警觉,通透,高贵、警觉、通透,高贵→收紧动作幅度与表情；警觉→非人平静；通透→简洁剪影,第一眼高贵，第二眼警觉，第三眼通透
PS00147,危险,叛逆,坚毅,危险、叛逆、坚毅,危险→收紧动作幅度与表情；叛逆→结构不对称；坚毅→层叠结构,第一眼危险，第二眼叛逆，第三眼坚毅
PS00148,悲悯,疯狂,亲和,悲悯、疯狂、亲和,悲悯→收紧动作幅度与表情；疯狂→稳定眼神；亲和→高洁材质,第一眼悲悯，第二眼疯狂，第三眼亲和
PS00149,柔软,暴烈,凌厉,柔软、暴烈、凌厉,柔软→收紧动作幅度与表情；暴烈→非人平静；凌厉→高洁材质,第一眼柔软，第二眼暴烈，第三眼凌厉
PS00150,狠戾,坦然,散漫,狠戾、坦然、散漫,狠戾→收紧动作幅度与表情；坦然→材质温润；散漫→高洁材质,第一眼狠戾，第二眼坦然，第三眼散漫
PS00151,孤傲,清冷,坚毅,孤傲、清冷、坚毅,孤傲→收紧动作幅度与表情；清冷→非人平静；坚毅→破损细节,第一眼孤傲，第二眼清冷，第三眼坚毅
PS00152,病弱,坚毅,张扬,病弱、坚毅、张扬,病弱→收紧动作幅度与表情；坚毅→结构不对称；张扬→层叠结构,第一眼病弱，第二眼坚毅，第三眼张扬
PS00153,聪慧,疯狂,疏离,聪慧、疯狂、疏离,聪慧→收紧动作幅度与表情；疯狂→稳定眼神；疏离→简洁剪影,第一眼聪慧，第二眼疯狂，第三眼疏离
PS00154,温柔,市井,凌厉,温柔、市井、凌厉,温柔→收紧动作幅度与表情；市井→稳定眼神；凌厉→高洁材质,第一眼温柔，第二眼市井，第三眼凌厉
PS00155,可靠,沧桑,虔诚,可靠、沧桑、虔诚,可靠→收紧动作幅度与表情；沧桑→结构不对称；虔诚→破损细节,第一眼可靠，第二眼沧桑，第三眼虔诚
PS00156,阴郁,清冷,温润,阴郁、清冷、温润,阴郁→收紧动作幅度与表情；清冷→结构不对称；温润→简洁剪影,第一眼阴郁，第二眼清冷，第三眼温润
PS00157,孤傲,神性,清冷,孤傲、神性、清冷,孤傲→收紧动作幅度与表情；神性→放松眼尾/嘴角；清冷→简洁剪影,第一眼孤傲，第二眼神性，第三眼清冷
PS00158,柔软,躁动,隐忍,柔软、躁动、隐忍,柔软→收紧动作幅度与表情；躁动→锐利眼型；隐忍→破损细节,第一眼柔软，第二眼躁动，第三眼隐忍
PS00159,坚毅,直率,危险,坚毅、直率、危险,坚毅→收紧动作幅度与表情；直率→锐利眼型；危险→破损细节,第一眼坚毅，第二眼直率，第三眼危险
PS00160,坦然,虔诚,疏离,坦然、虔诚、疏离,坦然→收紧动作幅度与表情；虔诚→稳定眼神；疏离→高洁材质,第一眼坦然，第二眼虔诚，第三眼疏离
PS00161,执拗,孤傲,疯狂,执拗、孤傲、疯狂,执拗→收紧动作幅度与表情；孤傲→结构不对称；疯狂→反差配色,第一眼执拗，第二眼孤傲，第三眼疯狂
PS00162,神秘,阴郁,局促,神秘、阴郁、局促,神秘→收紧动作幅度与表情；阴郁→非人平静；局促→高洁材质,第一眼神秘，第二眼阴郁，第三眼局促
PS00163,温柔,直率,执拗,温柔、直率、执拗,温柔→收紧动作幅度与表情；直率→材质温润；执拗→层叠结构,第一眼温柔，第二眼直率，第三眼执拗
PS00164,放纵,通透,叛逆,放纵、通透、叛逆,放纵→收紧动作幅度与表情；通透→强烈轮廓；叛逆→高洁材质,第一眼放纵，第二眼通透，第三眼叛逆
PS00165,聪慧,狠戾,天真,聪慧、狠戾、天真,聪慧→收紧动作幅度与表情；狠戾→锐利眼型；天真→反差配色,第一眼聪慧，第二眼狠戾，第三眼天真
PS00166,警觉,阴郁,局促,警觉、阴郁、局促,警觉→收紧动作幅度与表情；阴郁→强烈轮廓；局促→高洁材质,第一眼警觉，第二眼阴郁，第三眼局促
PS00167,慵懒,高贵,明亮,慵懒、高贵、明亮,慵懒→收紧动作幅度与表情；高贵→放松眼尾/嘴角；明亮→反差配色,第一眼慵懒，第二眼高贵，第三眼明亮
PS00168,沉静,亲和,清冷,沉静、亲和、清冷,沉静→收紧动作幅度与表情；亲和→非人平静；清冷→简洁剪影,第一眼沉静，第二眼亲和，第三眼清冷
PS00169,温润,温柔,阴郁,温润、温柔、阴郁,温润→收紧动作幅度与表情；温柔→非人平静；阴郁→高洁材质,第一眼温润，第二眼温柔，第三眼阴郁
PS00170,沉静,神性,凌厉,沉静、神性、凌厉,沉静→收紧动作幅度与表情；神性→稳定眼神；凌厉→高洁材质,第一眼沉静，第二眼神性，第三眼凌厉
PS00171,克制,执拗,温雅,克制、执拗、温雅,克制→收紧动作幅度与表情；执拗→结构不对称；温雅→反差配色,第一眼克制，第二眼执拗，第三眼温雅
PS00172,叛逆,野性,可靠,叛逆、野性、可靠,叛逆→收紧动作幅度与表情；野性→结构不对称；可靠→反差配色,第一眼叛逆，第二眼野性，第三眼可靠
PS00173,沉稳,冷酷,暴烈,沉稳、冷酷、暴烈,沉稳→收紧动作幅度与表情；冷酷→非人平静；暴烈→破损细节,第一眼沉稳，第二眼冷酷，第三眼暴烈
PS00174,凌厉,通透,慵懒,凌厉、通透、慵懒,凌厉→收紧动作幅度与表情；通透→锐利眼型；慵懒→层叠结构,第一眼凌厉，第二眼通透，第三眼慵懒
PS00175,悲悯,警觉,可靠,悲悯、警觉、可靠,悲悯→收紧动作幅度与表情；警觉→放松眼尾/嘴角；可靠→层叠结构,第一眼悲悯，第二眼警觉，第三眼可靠
PS00176,沧桑,狠戾,温雅,沧桑、狠戾、温雅,沧桑→收紧动作幅度与表情；狠戾→非人平静；温雅→反差配色,第一眼沧桑，第二眼狠戾，第三眼温雅
PS00177,坦然,神秘,通透,坦然、神秘、通透,坦然→收紧动作幅度与表情；神秘→结构不对称；通透→反差配色,第一眼坦然，第二眼神秘，第三眼通透
PS00178,疯狂,局促,暴烈,疯狂、局促、暴烈,疯狂→收紧动作幅度与表情；局促→结构不对称；暴烈→高洁材质,第一眼疯狂，第二眼局促，第三眼暴烈
PS00179,强健,张扬,狠戾,强健、张扬、狠戾,强健→收紧动作幅度与表情；张扬→强烈轮廓；狠戾→高洁材质,第一眼强健，第二眼张扬，第三眼狠戾
PS00180,妖异,局促,疏离,妖异、局促、疏离,妖异→收紧动作幅度与表情；局促→放松眼尾/嘴角；疏离→简洁剪影,第一眼妖异，第二眼局促，第三眼疏离
PS00181,疏离,冷酷,聪慧,疏离、冷酷、聪慧,疏离→收紧动作幅度与表情；冷酷→放松眼尾/嘴角；聪慧→高洁材质,第一眼疏离，第二眼冷酷，第三眼聪慧
PS00182,叛逆,直率,坦然,叛逆、直率、坦然,叛逆→收紧动作幅度与表情；直率→非人平静；坦然→反差配色,第一眼叛逆，第二眼直率，第三眼坦然
PS00183,克制,危险,野性,克制、危险、野性,克制→收紧动作幅度与表情；危险→结构不对称；野性→层叠结构,第一眼克制，第二眼危险，第三眼野性
PS00184,柔软,沉稳,危险,柔软、沉稳、危险,柔软→收紧动作幅度与表情；沉稳→稳定眼神；危险→层叠结构,第一眼柔软，第二眼沉稳，第三眼危险
PS00185,克制,沉稳,通透,克制、沉稳、通透,克制→收紧动作幅度与表情；沉稳→结构不对称；通透→反差配色,第一眼克制，第二眼沉稳，第三眼通透
PS00186,孤傲,叛逆,柔软,孤傲、叛逆、柔软,孤傲→收紧动作幅度与表情；叛逆→强烈轮廓；柔软→反差配色,第一眼孤傲，第二眼叛逆，第三眼柔软
PS00187,散漫,可靠,狠戾,散漫、可靠、狠戾,散漫→收紧动作幅度与表情；可靠→放松眼尾/嘴角；狠戾→简洁剪影,第一眼散漫，第二眼可靠，第三眼狠戾
PS00188,天真,沉静,警觉,天真、沉静、警觉,天真→收紧动作幅度与表情；沉静→稳定眼神；警觉→层叠结构,第一眼天真，第二眼沉静，第三眼警觉
PS00189,明亮,坦然,坚毅,明亮、坦然、坚毅,明亮→收紧动作幅度与表情；坦然→结构不对称；坚毅→破损细节,第一眼明亮，第二眼坦然，第三眼坚毅
PS00190,市井,温柔,狠戾,市井、温柔、狠戾,市井→收紧动作幅度与表情；温柔→锐利眼型；狠戾→高洁材质,第一眼市井，第二眼温柔，第三眼狠戾
PS00191,张扬,放纵,狠戾,张扬、放纵、狠戾,张扬→收紧动作幅度与表情；放纵→锐利眼型；狠戾→破损细节,第一眼张扬，第二眼放纵，第三眼狠戾
PS00192,妖异,暴烈,沉静,妖异、暴烈、沉静,妖异→收紧动作幅度与表情；暴烈→材质温润；沉静→反差配色,第一眼妖异，第二眼暴烈，第三眼沉静
PS00193,清冷,张扬,局促,清冷、张扬、局促,清冷→收紧动作幅度与表情；张扬→非人平静；局促→高洁材质,第一眼清冷，第二眼张扬，第三眼局促
PS00194,疯狂,警觉,病弱,疯狂、警觉、病弱,疯狂→收紧动作幅度与表情；警觉→锐利眼型；病弱→反差配色,第一眼疯狂，第二眼警觉，第三眼病弱
PS00195,克己,病弱,疯狂,克己、病弱、疯狂,克己→收紧动作幅度与表情；病弱→结构不对称；疯狂→反差配色,第一眼克己，第二眼病弱，第三眼疯狂
PS00196,局促,狠戾,叛逆,局促、狠戾、叛逆,局促→收紧动作幅度与表情；狠戾→稳定眼神；叛逆→反差配色,第一眼局促，第二眼狠戾，第三眼叛逆
PS00197,温柔,阴郁,克己,温柔、阴郁、克己,温柔→收紧动作幅度与表情；阴郁→稳定眼神；克己→高洁材质,第一眼温柔，第二眼阴郁，第三眼克己
PS00198,克制,温雅,柔软,克制、温雅、柔软,克制→收紧动作幅度与表情；温雅→强烈轮廓；柔软→破损细节,第一眼克制，第二眼温雅，第三眼柔软
PS00199,沧桑,直率,暴烈,沧桑、直率、暴烈,沧桑→收紧动作幅度与表情；直率→放松眼尾/嘴角；暴烈→反差配色,第一眼沧桑，第二眼直率，第三眼暴烈
PS00200,病弱,神性,清冷,病弱、神性、清冷,病弱→收紧动作幅度与表情；神性→非人平静；清冷→层叠结构,第一眼病弱，第二眼神性，第三眼清冷
PS00201,直率,阴郁,虔诚,直率、阴郁、虔诚,直率→收紧动作幅度与表情；阴郁→锐利眼型；虔诚→反差配色,第一眼直率，第二眼阴郁，第三眼虔诚
PS00202,沉静,张扬,阴郁,沉静、张扬、阴郁,沉静→收紧动作幅度与表情；张扬→强烈轮廓；阴郁→反差配色,第一眼沉静，第二眼张扬，第三眼阴郁
PS00203,暴烈,放纵,散漫,暴烈、放纵、散漫,暴烈→收紧动作幅度与表情；放纵→锐利眼型；散漫→破损细节,第一眼暴烈，第二眼放纵，第三眼散漫
PS00204,散漫,警觉,张扬,散漫、警觉、张扬,散漫→收紧动作幅度与表情；警觉→材质温润；张扬→反差配色,第一眼散漫，第二眼警觉，第三眼张扬
PS00205,坦然,慵懒,暴烈,坦然、慵懒、暴烈,坦然→收紧动作幅度与表情；慵懒→非人平静；暴烈→反差配色,第一眼坦然，第二眼慵懒，第三眼暴烈
PS00206,躁动,执拗,神秘,躁动、执拗、神秘,躁动→收紧动作幅度与表情；执拗→材质温润；神秘→简洁剪影,第一眼躁动，第二眼执拗，第三眼神秘
PS00207,妖异,明亮,狠戾,妖异、明亮、狠戾,妖异→收紧动作幅度与表情；明亮→锐利眼型；狠戾→反差配色,第一眼妖异，第二眼明亮，第三眼狠戾
PS00208,从容,聪慧,沧桑,从容、聪慧、沧桑,从容→收紧动作幅度与表情；聪慧→稳定眼神；沧桑→层叠结构,第一眼从容，第二眼聪慧，第三眼沧桑
PS00209,危险,病弱,克己,危险、病弱、克己,危险→收紧动作幅度与表情；病弱→放松眼尾/嘴角；克己→简洁剪影,第一眼危险，第二眼病弱，第三眼克己
PS00210,执拗,沉静,清冷,执拗、沉静、清冷,执拗→收紧动作幅度与表情；沉静→锐利眼型；清冷→高洁材质,第一眼执拗，第二眼沉静，第三眼清冷
PS00211,妖异,亲和,野性,妖异、亲和、野性,妖异→收紧动作幅度与表情；亲和→非人平静；野性→高洁材质,第一眼妖异，第二眼亲和，第三眼野性
PS00212,虔诚,隐忍,散漫,虔诚、隐忍、散漫,虔诚→收紧动作幅度与表情；隐忍→锐利眼型；散漫→反差配色,第一眼虔诚，第二眼隐忍，第三眼散漫
PS00213,张扬,慵懒,散漫,张扬、慵懒、散漫,张扬→收紧动作幅度与表情；慵懒→强烈轮廓；散漫→反差配色,第一眼张扬，第二眼慵懒，第三眼散漫
PS00214,神秘,亲和,执拗,神秘、亲和、执拗,神秘→收紧动作幅度与表情；亲和→稳定眼神；执拗→破损细节,第一眼神秘，第二眼亲和，第三眼执拗
PS00215,危险,局促,直率,危险、局促、直率,危险→收紧动作幅度与表情；局促→放松眼尾/嘴角；直率→高洁材质,第一眼危险，第二眼局促，第三眼直率
PS00216,沉稳,隐忍,沉静,沉稳、隐忍、沉静,沉稳→收紧动作幅度与表情；隐忍→放松眼尾/嘴角；沉静→层叠结构,第一眼沉稳，第二眼隐忍，第三眼沉静
PS00217,暴烈,虔诚,病弱,暴烈、虔诚、病弱,暴烈→收紧动作幅度与表情；虔诚→强烈轮廓；病弱→简洁剪影,第一眼暴烈，第二眼虔诚，第三眼病弱
PS00218,柔软,清冷,警觉,柔软、清冷、警觉,柔软→收紧动作幅度与表情；清冷→强烈轮廓；警觉→破损细节,第一眼柔软，第二眼清冷，第三眼警觉
PS00219,张扬,天真,孤傲,张扬、天真、孤傲,张扬→收紧动作幅度与表情；天真→锐利眼型；孤傲→高洁材质,第一眼张扬，第二眼天真，第三眼孤傲
PS00220,狠戾,慵懒,沉静,狠戾、慵懒、沉静,狠戾→收紧动作幅度与表情；慵懒→强烈轮廓；沉静→反差配色,第一眼狠戾，第二眼慵懒，第三眼沉静
PS00221,克己,高贵,从容,克己、高贵、从容,克己→收紧动作幅度与表情；高贵→结构不对称；从容→破损细节,第一眼克己，第二眼高贵，第三眼从容
PS00222,市井,克制,克己,市井、克制、克己,市井→收紧动作幅度与表情；克制→非人平静；克己→层叠结构,第一眼市井，第二眼克制，第三眼克己
PS00223,坦然,柔软,阴郁,坦然、柔软、阴郁,坦然→收紧动作幅度与表情；柔软→强烈轮廓；阴郁→高洁材质,第一眼坦然，第二眼柔软，第三眼阴郁
PS00224,警觉,亲和,天真,警觉、亲和、天真,警觉→收紧动作幅度与表情；亲和→非人平静；天真→破损细节,第一眼警觉，第二眼亲和，第三眼天真
PS00225,通透,躁动,天真,通透、躁动、天真,通透→收紧动作幅度与表情；躁动→强烈轮廓；天真→反差配色,第一眼通透，第二眼躁动，第三眼天真
PS00226,天真,执拗,明亮,天真、执拗、明亮,天真→收紧动作幅度与表情；执拗→材质温润；明亮→高洁材质,第一眼天真，第二眼执拗，第三眼明亮
PS00227,悲悯,柔软,直率,悲悯、柔软、直率,悲悯→收紧动作幅度与表情；柔软→材质温润；直率→破损细节,第一眼悲悯，第二眼柔软，第三眼直率
PS00228,聪慧,悲悯,克己,聪慧、悲悯、克己,聪慧→收紧动作幅度与表情；悲悯→强烈轮廓；克己→层叠结构,第一眼聪慧，第二眼悲悯，第三眼克己
PS00229,聪慧,沉静,明亮,聪慧、沉静、明亮,聪慧→收紧动作幅度与表情；沉静→稳定眼神；明亮→高洁材质,第一眼聪慧，第二眼沉静，第三眼明亮
PS00230,克己,坚毅,阴郁,克己、坚毅、阴郁,克己→收紧动作幅度与表情；坚毅→非人平静；阴郁→反差配色,第一眼克己，第二眼坚毅，第三眼阴郁
PS00231,明亮,散漫,凌厉,明亮、散漫、凌厉,明亮→收紧动作幅度与表情；散漫→强烈轮廓；凌厉→反差配色,第一眼明亮，第二眼散漫，第三眼凌厉
PS00232,冷酷,克制,阴郁,冷酷、克制、阴郁,冷酷→收紧动作幅度与表情；克制→放松眼尾/嘴角；阴郁→破损细节,第一眼冷酷，第二眼克制，第三眼阴郁
PS00233,温雅,强健,危险,温雅、强健、危险,温雅→收紧动作幅度与表情；强健→结构不对称；危险→简洁剪影,第一眼温雅，第二眼强健，第三眼危险
PS00234,野性,聪慧,克制,野性、聪慧、克制,野性→收紧动作幅度与表情；聪慧→放松眼尾/嘴角；克制→反差配色,第一眼野性，第二眼聪慧，第三眼克制
PS00235,市井,孤傲,局促,市井、孤傲、局促,市井→收紧动作幅度与表情；孤傲→强烈轮廓；局促→破损细节,第一眼市井，第二眼孤傲，第三眼局促
PS00236,坦然,温雅,张扬,坦然、温雅、张扬,坦然→收紧动作幅度与表情；温雅→放松眼尾/嘴角；张扬→层叠结构,第一眼坦然，第二眼温雅，第三眼张扬
PS00237,张扬,阴郁,通透,张扬、阴郁、通透,张扬→收紧动作幅度与表情；阴郁→放松眼尾/嘴角；通透→简洁剪影,第一眼张扬，第二眼阴郁，第三眼通透
PS00238,放纵,疏离,可靠,放纵、疏离、可靠,放纵→收紧动作幅度与表情；疏离→稳定眼神；可靠→高洁材质,第一眼放纵，第二眼疏离，第三眼可靠
PS00239,直率,执拗,沧桑,直率、执拗、沧桑,直率→收紧动作幅度与表情；执拗→非人平静；沧桑→简洁剪影,第一眼直率，第二眼执拗，第三眼沧桑
PS00240,市井,温雅,沉稳,市井、温雅、沉稳,市井→收紧动作幅度与表情；温雅→稳定眼神；沉稳→简洁剪影,第一眼市井，第二眼温雅，第三眼沉稳
PS00241,高贵,妖异,亲和,高贵、妖异、亲和,高贵→收紧动作幅度与表情；妖异→放松眼尾/嘴角；亲和→高洁材质,第一眼高贵，第二眼妖异，第三眼亲和
PS00242,柔软,沧桑,孤傲,柔软、沧桑、孤傲,柔软→收紧动作幅度与表情；沧桑→材质温润；孤傲→简洁剪影,第一眼柔软，第二眼沧桑，第三眼孤傲
PS00243,隐忍,执拗,病弱,隐忍、执拗、病弱,隐忍→收紧动作幅度与表情；执拗→结构不对称；病弱→高洁材质,第一眼隐忍，第二眼执拗，第三眼病弱
PS00244,散漫,野性,柔软,散漫、野性、柔软,散漫→收紧动作幅度与表情；野性→非人平静；柔软→反差配色,第一眼散漫，第二眼野性，第三眼柔软
PS00245,疏离,危险,妖异,疏离、危险、妖异,疏离→收紧动作幅度与表情；危险→材质温润；妖异→破损细节,第一眼疏离，第二眼危险，第三眼妖异
PS00246,虔诚,柔软,从容,虔诚、柔软、从容,虔诚→收紧动作幅度与表情；柔软→放松眼尾/嘴角；从容→反差配色,第一眼虔诚，第二眼柔软，第三眼从容
PS00247,沉静,沧桑,沉稳,沉静、沧桑、沉稳,沉静→收紧动作幅度与表情；沧桑→稳定眼神；沉稳→层叠结构,第一眼沉静，第二眼沧桑，第三眼沉稳
PS00248,执拗,柔软,温柔,执拗、柔软、温柔,执拗→收紧动作幅度与表情；柔软→材质温润；温柔→破损细节,第一眼执拗，第二眼柔软，第三眼温柔
PS00249,温柔,悲悯,直率,温柔、悲悯、直率,温柔→收紧动作幅度与表情；悲悯→强烈轮廓；直率→破损细节,第一眼温柔，第二眼悲悯，第三眼直率
PS00250,虔诚,通透,疯狂,虔诚、通透、疯狂,虔诚→收紧动作幅度与表情；通透→稳定眼神；疯狂→高洁材质,第一眼虔诚，第二眼通透，第三眼疯狂
PS00251,沉稳,放纵,躁动,沉稳、放纵、躁动,沉稳→收紧动作幅度与表情；放纵→稳定眼神；躁动→层叠结构,第一眼沉稳，第二眼放纵，第三眼躁动
PS00252,虔诚,孤傲,沧桑,虔诚、孤傲、沧桑,虔诚→收紧动作幅度与表情；孤傲→锐利眼型；沧桑→高洁材质,第一眼虔诚，第二眼孤傲，第三眼沧桑
PS00253,沧桑,亲和,悲悯,沧桑、亲和、悲悯,沧桑→收紧动作幅度与表情；亲和→强烈轮廓；悲悯→简洁剪影,第一眼沧桑，第二眼亲和，第三眼悲悯
PS00254,妖异,明亮,慵懒,妖异、明亮、慵懒,妖异→收紧动作幅度与表情；明亮→稳定眼神；慵懒→层叠结构,第一眼妖异，第二眼明亮，第三眼慵懒
PS00255,慵懒,凌厉,坦然,慵懒、凌厉、坦然,慵懒→收紧动作幅度与表情；凌厉→结构不对称；坦然→高洁材质,第一眼慵懒，第二眼凌厉，第三眼坦然
PS00256,执拗,通透,坚毅,执拗、通透、坚毅,执拗→收紧动作幅度与表情；通透→结构不对称；坚毅→破损细节,第一眼执拗，第二眼通透，第三眼坚毅
PS00257,张扬,暴烈,温雅,张扬、暴烈、温雅,张扬→收紧动作幅度与表情；暴烈→稳定眼神；温雅→层叠结构,第一眼张扬，第二眼暴烈，第三眼温雅
PS00258,妖异,清冷,从容,妖异、清冷、从容,妖异→收紧动作幅度与表情；清冷→稳定眼神；从容→简洁剪影,第一眼妖异，第二眼清冷，第三眼从容
PS00259,张扬,悲悯,神性,张扬、悲悯、神性,张扬→收紧动作幅度与表情；悲悯→锐利眼型；神性→高洁材质,第一眼张扬，第二眼悲悯，第三眼神性
PS00260,温润,沉静,散漫,温润、沉静、散漫,温润→收紧动作幅度与表情；沉静→材质温润；散漫→层叠结构,第一眼温润，第二眼沉静，第三眼散漫
PS00261,温柔,明亮,克己,温柔、明亮、克己,温柔→收紧动作幅度与表情；明亮→锐利眼型；克己→高洁材质,第一眼温柔，第二眼明亮，第三眼克己
PS00262,柔软,可靠,放纵,柔软、可靠、放纵,柔软→收紧动作幅度与表情；可靠→放松眼尾/嘴角；放纵→反差配色,第一眼柔软，第二眼可靠，第三眼放纵
PS00263,冷酷,慵懒,野性,冷酷、慵懒、野性,冷酷→收紧动作幅度与表情；慵懒→非人平静；野性→反差配色,第一眼冷酷，第二眼慵懒，第三眼野性
PS00264,温雅,沉稳,温润,温雅、沉稳、温润,温雅→收紧动作幅度与表情；沉稳→锐利眼型；温润→简洁剪影,第一眼温雅，第二眼沉稳，第三眼温润
PS00265,沉静,局促,放纵,沉静、局促、放纵,沉静→收紧动作幅度与表情；局促→放松眼尾/嘴角；放纵→层叠结构,第一眼沉静，第二眼局促，第三眼放纵
PS00266,坚毅,克制,阴郁,坚毅、克制、阴郁,坚毅→收紧动作幅度与表情；克制→非人平静；阴郁→简洁剪影,第一眼坚毅，第二眼克制，第三眼阴郁
PS00267,温柔,直率,坚毅,温柔、直率、坚毅,温柔→收紧动作幅度与表情；直率→结构不对称；坚毅→简洁剪影,第一眼温柔，第二眼直率，第三眼坚毅
PS00268,阴郁,凌厉,虔诚,阴郁、凌厉、虔诚,阴郁→收紧动作幅度与表情；凌厉→结构不对称；虔诚→反差配色,第一眼阴郁，第二眼凌厉，第三眼虔诚
PS00269,清冷,温柔,坚毅,清冷、温柔、坚毅,清冷→收紧动作幅度与表情；温柔→强烈轮廓；坚毅→层叠结构,第一眼清冷，第二眼温柔，第三眼坚毅
PS00270,神性,温雅,放纵,神性、温雅、放纵,神性→收紧动作幅度与表情；温雅→放松眼尾/嘴角；放纵→反差配色,第一眼神性，第二眼温雅，第三眼放纵
PS00271,沉稳,危险,沉静,沉稳、危险、沉静,沉稳→收紧动作幅度与表情；危险→放松眼尾/嘴角；沉静→高洁材质,第一眼沉稳，第二眼危险，第三眼沉静
PS00272,从容,妖异,高贵,从容、妖异、高贵,从容→收紧动作幅度与表情；妖异→稳定眼神；高贵→破损细节,第一眼从容，第二眼妖异，第三眼高贵
PS00273,病弱,直率,强健,病弱、直率、强健,病弱→收紧动作幅度与表情；直率→稳定眼神；强健→反差配色,第一眼病弱，第二眼直率，第三眼强健
PS00274,凌厉,悲悯,温雅,凌厉、悲悯、温雅,凌厉→收紧动作幅度与表情；悲悯→结构不对称；温雅→简洁剪影,第一眼凌厉，第二眼悲悯，第三眼温雅
PS00275,通透,天真,躁动,通透、天真、躁动,通透→收紧动作幅度与表情；天真→稳定眼神；躁动→破损细节,第一眼通透，第二眼天真，第三眼躁动
PS00276,隐忍,张扬,虔诚,隐忍、张扬、虔诚,隐忍→收紧动作幅度与表情；张扬→放松眼尾/嘴角；虔诚→破损细节,第一眼隐忍，第二眼张扬，第三眼虔诚
PS00277,沉稳,亲和,聪慧,沉稳、亲和、聪慧,沉稳→收紧动作幅度与表情；亲和→放松眼尾/嘴角；聪慧→高洁材质,第一眼沉稳，第二眼亲和，第三眼聪慧
PS00278,执拗,妖异,市井,执拗、妖异、市井,执拗→收紧动作幅度与表情；妖异→稳定眼神；市井→高洁材质,第一眼执拗，第二眼妖异，第三眼市井
PS00279,通透,暴烈,强健,通透、暴烈、强健,通透→收紧动作幅度与表情；暴烈→稳定眼神；强健→层叠结构,第一眼通透，第二眼暴烈，第三眼强健
PS00280,沧桑,暴烈,克制,沧桑、暴烈、克制,沧桑→收紧动作幅度与表情；暴烈→稳定眼神；克制→层叠结构,第一眼沧桑，第二眼暴烈，第三眼克制
PS00281,温柔,警觉,强健,温柔、警觉、强健,温柔→收紧动作幅度与表情；警觉→强烈轮廓；强健→层叠结构,第一眼温柔，第二眼警觉，第三眼强健
PS00282,明亮,执拗,暴烈,明亮、执拗、暴烈,明亮→收紧动作幅度与表情；执拗→结构不对称；暴烈→破损细节,第一眼明亮，第二眼执拗，第三眼暴烈
PS00283,疯狂,疏离,叛逆,疯狂、疏离、叛逆,疯狂→收紧动作幅度与表情；疏离→放松眼尾/嘴角；叛逆→破损细节,第一眼疯狂，第二眼疏离，第三眼叛逆
PS00284,聪慧,隐忍,市井,聪慧、隐忍、市井,聪慧→收紧动作幅度与表情；隐忍→放松眼尾/嘴角；市井→简洁剪影,第一眼聪慧，第二眼隐忍，第三眼市井
PS00285,冷酷,温柔,凌厉,冷酷、温柔、凌厉,冷酷→收紧动作幅度与表情；温柔→强烈轮廓；凌厉→高洁材质,第一眼冷酷，第二眼温柔，第三眼凌厉
PS00286,克己,从容,可靠,克己、从容、可靠,克己→收紧动作幅度与表情；从容→材质温润；可靠→层叠结构,第一眼克己，第二眼从容，第三眼可靠
PS00287,市井,暴烈,直率,市井、暴烈、直率,市井→收紧动作幅度与表情；暴烈→强烈轮廓；直率→反差配色,第一眼市井，第二眼暴烈，第三眼直率
PS00288,天真,危险,可靠,天真、危险、可靠,天真→收紧动作幅度与表情；危险→锐利眼型；可靠→反差配色,第一眼天真，第二眼危险，第三眼可靠
PS00289,清冷,局促,强健,清冷、局促、强健,清冷→收紧动作幅度与表情；局促→结构不对称；强健→高洁材质,第一眼清冷，第二眼局促，第三眼强健
PS00290,柔软,病弱,妖异,柔软、病弱、妖异,柔软→收紧动作幅度与表情；病弱→结构不对称；妖异→高洁材质,第一眼柔软，第二眼病弱，第三眼妖异
PS00291,坚毅,柔软,危险,坚毅、柔软、危险,坚毅→收紧动作幅度与表情；柔软→材质温润；危险→高洁材质,第一眼坚毅，第二眼柔软，第三眼危险
PS00292,沧桑,清冷,狠戾,沧桑、清冷、狠戾,沧桑→收紧动作幅度与表情；清冷→结构不对称；狠戾→高洁材质,第一眼沧桑，第二眼清冷，第三眼狠戾
PS00293,疏离,野性,危险,疏离、野性、危险,疏离→收紧动作幅度与表情；野性→非人平静；危险→高洁材质,第一眼疏离，第二眼野性，第三眼危险
PS00294,亲和,坚毅,放纵,亲和、坚毅、放纵,亲和→收紧动作幅度与表情；坚毅→放松眼尾/嘴角；放纵→反差配色,第一眼亲和，第二眼坚毅，第三眼放纵
PS00295,沧桑,慵懒,孤傲,沧桑、慵懒、孤傲,沧桑→收紧动作幅度与表情；慵懒→结构不对称；孤傲→破损细节,第一眼沧桑，第二眼慵懒，第三眼孤傲
PS00296,隐忍,孤傲,放纵,隐忍、孤傲、放纵,隐忍→收紧动作幅度与表情；孤傲→材质温润；放纵→破损细节,第一眼隐忍，第二眼孤傲，第三眼放纵
PS00297,疯狂,温雅,通透,疯狂、温雅、通透,疯狂→收紧动作幅度与表情；温雅→锐利眼型；通透→破损细节,第一眼疯狂，第二眼温雅，第三眼通透
PS00298,通透,清冷,神秘,通透、清冷、神秘,通透→收紧动作幅度与表情；清冷→非人平静；神秘→破损细节,第一眼通透，第二眼清冷，第三眼神秘
PS00299,散漫,高贵,可靠,散漫、高贵、可靠,散漫→收紧动作幅度与表情；高贵→稳定眼神；可靠→高洁材质,第一眼散漫，第二眼高贵，第三眼可靠
PS00300,市井,凌厉,执拗,市井、凌厉、执拗,市井→收紧动作幅度与表情；凌厉→锐利眼型；执拗→反差配色,第一眼市井，第二眼凌厉，第三眼执拗
PS00301,警觉,凌厉,坦然,警觉、凌厉、坦然,警觉→收紧动作幅度与表情；凌厉→结构不对称；坦然→破损细节,第一眼警觉，第二眼凌厉，第三眼坦然
PS00302,沧桑,温柔,散漫,沧桑、温柔、散漫,沧桑→收紧动作幅度与表情；温柔→稳定眼神；散漫→破损细节,第一眼沧桑，第二眼温柔，第三眼散漫
PS00303,虔诚,清冷,局促,虔诚、清冷、局促,虔诚→收紧动作幅度与表情；清冷→非人平静；局促→反差配色,第一眼虔诚，第二眼清冷，第三眼局促
PS00304,悲悯,慵懒,放纵,悲悯、慵懒、放纵,悲悯→收紧动作幅度与表情；慵懒→稳定眼神；放纵→层叠结构,第一眼悲悯，第二眼慵懒，第三眼放纵
PS00305,柔软,神秘,妖异,柔软、神秘、妖异,柔软→收紧动作幅度与表情；神秘→放松眼尾/嘴角；妖异→层叠结构,第一眼柔软，第二眼神秘，第三眼妖异
PS00306,高贵,沧桑,危险,高贵、沧桑、危险,高贵→收紧动作幅度与表情；沧桑→材质温润；危险→简洁剪影,第一眼高贵，第二眼沧桑，第三眼危险
PS00307,市井,坚毅,沧桑,市井、坚毅、沧桑,市井→收紧动作幅度与表情；坚毅→放松眼尾/嘴角；沧桑→反差配色,第一眼市井，第二眼坚毅，第三眼沧桑
PS00308,坦然,阴郁,执拗,坦然、阴郁、执拗,坦然→收紧动作幅度与表情；阴郁→强烈轮廓；执拗→高洁材质,第一眼坦然，第二眼阴郁，第三眼执拗
PS00309,克己,从容,柔软,克己、从容、柔软,克己→收紧动作幅度与表情；从容→锐利眼型；柔软→反差配色,第一眼克己，第二眼从容，第三眼柔软
PS00310,放纵,坚毅,张扬,放纵、坚毅、张扬,放纵→收紧动作幅度与表情；坚毅→非人平静；张扬→简洁剪影,第一眼放纵，第二眼坚毅，第三眼张扬
PS00311,狠戾,执拗,躁动,狠戾、执拗、躁动,狠戾→收紧动作幅度与表情；执拗→结构不对称；躁动→简洁剪影,第一眼狠戾，第二眼执拗，第三眼躁动
PS00312,通透,放纵,神性,通透、放纵、神性,通透→收紧动作幅度与表情；放纵→放松眼尾/嘴角；神性→反差配色,第一眼通透，第二眼放纵，第三眼神性
PS00313,柔软,通透,隐忍,柔软、通透、隐忍,柔软→收紧动作幅度与表情；通透→锐利眼型；隐忍→简洁剪影,第一眼柔软，第二眼通透，第三眼隐忍
PS00314,危险,明亮,强健,危险、明亮、强健,危险→收紧动作幅度与表情；明亮→强烈轮廓；强健→层叠结构,第一眼危险，第二眼明亮，第三眼强健
PS00315,躁动,阴郁,沉静,躁动、阴郁、沉静,躁动→收紧动作幅度与表情；阴郁→稳定眼神；沉静→层叠结构,第一眼躁动，第二眼阴郁，第三眼沉静
PS00316,放纵,野性,警觉,放纵、野性、警觉,放纵→收紧动作幅度与表情；野性→材质温润；警觉→破损细节,第一眼放纵，第二眼野性，第三眼警觉
PS00317,隐忍,沉静,市井,隐忍、沉静、市井,隐忍→收紧动作幅度与表情；沉静→放松眼尾/嘴角；市井→破损细节,第一眼隐忍，第二眼沉静，第三眼市井
PS00318,沉静,强健,狠戾,沉静、强健、狠戾,沉静→收紧动作幅度与表情；强健→结构不对称；狠戾→层叠结构,第一眼沉静，第二眼强健，第三眼狠戾
PS00319,可靠,孤傲,危险,可靠、孤傲、危险,可靠→收紧动作幅度与表情；孤傲→结构不对称；危险→层叠结构,第一眼可靠，第二眼孤傲，第三眼危险
PS00320,聪慧,凌厉,天真,聪慧、凌厉、天真,聪慧→收紧动作幅度与表情；凌厉→材质温润；天真→高洁材质,第一眼聪慧，第二眼凌厉，第三眼天真
PS00321,隐忍,悲悯,温润,隐忍、悲悯、温润,隐忍→收紧动作幅度与表情；悲悯→强烈轮廓；温润→反差配色,第一眼隐忍，第二眼悲悯，第三眼温润
PS00322,市井,狠戾,虔诚,市井、狠戾、虔诚,市井→收紧动作幅度与表情；狠戾→强烈轮廓；虔诚→破损细节,第一眼市井，第二眼狠戾，第三眼虔诚
PS00323,温润,亲和,从容,温润、亲和、从容,温润→收紧动作幅度与表情；亲和→材质温润；从容→高洁材质,第一眼温润，第二眼亲和，第三眼从容
PS00324,清冷,危险,高贵,清冷、危险、高贵,清冷→收紧动作幅度与表情；危险→强烈轮廓；高贵→简洁剪影,第一眼清冷，第二眼危险，第三眼高贵
PS00325,温润,沉静,执拗,温润、沉静、执拗,温润→收紧动作幅度与表情；沉静→非人平静；执拗→破损细节,第一眼温润，第二眼沉静，第三眼执拗
PS00326,直率,明亮,可靠,直率、明亮、可靠,直率→收紧动作幅度与表情；明亮→强烈轮廓；可靠→简洁剪影,第一眼直率，第二眼明亮，第三眼可靠
PS00327,警觉,躁动,放纵,警觉、躁动、放纵,警觉→收紧动作幅度与表情；躁动→材质温润；放纵→高洁材质,第一眼警觉，第二眼躁动，第三眼放纵
PS00328,躁动,清冷,冷酷,躁动、清冷、冷酷,躁动→收紧动作幅度与表情；清冷→放松眼尾/嘴角；冷酷→反差配色,第一眼躁动，第二眼清冷，第三眼冷酷
PS00329,坦然,隐忍,直率,坦然、隐忍、直率,坦然→收紧动作幅度与表情；隐忍→强烈轮廓；直率→层叠结构,第一眼坦然，第二眼隐忍，第三眼直率
PS00330,狠戾,放纵,可靠,狠戾、放纵、可靠,狠戾→收紧动作幅度与表情；放纵→锐利眼型；可靠→反差配色,第一眼狠戾，第二眼放纵，第三眼可靠
PS00331,坦然,狠戾,沉稳,坦然、狠戾、沉稳,坦然→收紧动作幅度与表情；狠戾→锐利眼型；沉稳→高洁材质,第一眼坦然，第二眼狠戾，第三眼沉稳
PS00332,冷酷,隐忍,高贵,冷酷、隐忍、高贵,冷酷→收紧动作幅度与表情；隐忍→稳定眼神；高贵→反差配色,第一眼冷酷，第二眼隐忍，第三眼高贵
PS00333,沧桑,从容,局促,沧桑、从容、局促,沧桑→收紧动作幅度与表情；从容→锐利眼型；局促→简洁剪影,第一眼沧桑，第二眼从容，第三眼局促
PS00334,散漫,野性,强健,散漫、野性、强健,散漫→收紧动作幅度与表情；野性→材质温润；强健→破损细节,第一眼散漫，第二眼野性，第三眼强健
PS00335,坚毅,坦然,温润,坚毅、坦然、温润,坚毅→收紧动作幅度与表情；坦然→材质温润；温润→简洁剪影,第一眼坚毅，第二眼坦然，第三眼温润
PS00336,阴郁,克己,警觉,阴郁、克己、警觉,阴郁→收紧动作幅度与表情；克己→结构不对称；警觉→高洁材质,第一眼阴郁，第二眼克己，第三眼警觉
PS00337,悲悯,通透,坦然,悲悯、通透、坦然,悲悯→收紧动作幅度与表情；通透→非人平静；坦然→反差配色,第一眼悲悯，第二眼通透，第三眼坦然
PS00338,直率,可靠,病弱,直率、可靠、病弱,直率→收紧动作幅度与表情；可靠→非人平静；病弱→高洁材质,第一眼直率，第二眼可靠，第三眼病弱
PS00339,从容,高贵,直率,从容、高贵、直率,从容→收紧动作幅度与表情；高贵→材质温润；直率→高洁材质,第一眼从容，第二眼高贵，第三眼直率
PS00340,坦然,放纵,危险,坦然、放纵、危险,坦然→收紧动作幅度与表情；放纵→非人平静；危险→层叠结构,第一眼坦然，第二眼放纵，第三眼危险
PS00341,通透,执拗,聪慧,通透、执拗、聪慧,通透→收紧动作幅度与表情；执拗→结构不对称；聪慧→高洁材质,第一眼通透，第二眼执拗，第三眼聪慧
PS00342,从容,局促,危险,从容、局促、危险,从容→收紧动作幅度与表情；局促→锐利眼型；危险→层叠结构,第一眼从容，第二眼局促，第三眼危险
PS00343,慵懒,悲悯,警觉,慵懒、悲悯、警觉,慵懒→收紧动作幅度与表情；悲悯→强烈轮廓；警觉→简洁剪影,第一眼慵懒，第二眼悲悯，第三眼警觉
PS00344,神秘,温柔,阴郁,神秘、温柔、阴郁,神秘→收紧动作幅度与表情；温柔→锐利眼型；阴郁→层叠结构,第一眼神秘，第二眼温柔，第三眼阴郁
PS00345,克己,柔软,沉静,克己、柔软、沉静,克己→收紧动作幅度与表情；柔软→强烈轮廓；沉静→破损细节,第一眼克己，第二眼柔软，第三眼沉静
PS00346,孤傲,隐忍,警觉,孤傲、隐忍、警觉,孤傲→收紧动作幅度与表情；隐忍→锐利眼型；警觉→反差配色,第一眼孤傲，第二眼隐忍，第三眼警觉
PS00347,聪慧,慵懒,沉静,聪慧、慵懒、沉静,聪慧→收紧动作幅度与表情；慵懒→结构不对称；沉静→简洁剪影,第一眼聪慧，第二眼慵懒，第三眼沉静
PS00348,神性,直率,野性,神性、直率、野性,神性→收紧动作幅度与表情；直率→放松眼尾/嘴角；野性→简洁剪影,第一眼神性，第二眼直率，第三眼野性
PS00349,躁动,温雅,从容,躁动、温雅、从容,躁动→收紧动作幅度与表情；温雅→材质温润；从容→层叠结构,第一眼躁动，第二眼温雅，第三眼从容
PS00350,天真,慵懒,执拗,天真、慵懒、执拗,天真→收紧动作幅度与表情；慵懒→结构不对称；执拗→反差配色,第一眼天真，第二眼慵懒，第三眼执拗
PS00351,沧桑,冷酷,克制,沧桑、冷酷、克制,沧桑→收紧动作幅度与表情；冷酷→结构不对称；克制→高洁材质,第一眼沧桑，第二眼冷酷，第三眼克制
PS00352,虔诚,暴烈,疯狂,虔诚、暴烈、疯狂,虔诚→收紧动作幅度与表情；暴烈→锐利眼型；疯狂→破损细节,第一眼虔诚，第二眼暴烈，第三眼疯狂
PS00353,坚毅,悲悯,执拗,坚毅、悲悯、执拗,坚毅→收紧动作幅度与表情；悲悯→锐利眼型；执拗→高洁材质,第一眼坚毅，第二眼悲悯，第三眼执拗
PS00354,市井,野性,危险,市井、野性、危险,市井→收紧动作幅度与表情；野性→强烈轮廓；危险→层叠结构,第一眼市井，第二眼野性，第三眼危险
PS00355,克制,隐忍,高贵,克制、隐忍、高贵,克制→收紧动作幅度与表情；隐忍→非人平静；高贵→高洁材质,第一眼克制，第二眼隐忍，第三眼高贵
PS00356,明亮,暴烈,沧桑,明亮、暴烈、沧桑,明亮→收紧动作幅度与表情；暴烈→锐利眼型；沧桑→层叠结构,第一眼明亮，第二眼暴烈，第三眼沧桑
PS00357,野性,散漫,可靠,野性、散漫、可靠,野性→收紧动作幅度与表情；散漫→放松眼尾/嘴角；可靠→高洁材质,第一眼野性，第二眼散漫，第三眼可靠
PS00358,病弱,叛逆,局促,病弱、叛逆、局促,病弱→收紧动作幅度与表情；叛逆→锐利眼型；局促→高洁材质,第一眼病弱，第二眼叛逆，第三眼局促
PS00359,妖异,神性,虔诚,妖异、神性、虔诚,妖异→收紧动作幅度与表情；神性→结构不对称；虔诚→高洁材质,第一眼妖异，第二眼神性，第三眼虔诚
PS00360,散漫,局促,直率,散漫、局促、直率,散漫→收紧动作幅度与表情；局促→强烈轮廓；直率→层叠结构,第一眼散漫，第二眼局促，第三眼直率
PS00361,温柔,野性,温润,温柔、野性、温润,温柔→收紧动作幅度与表情；野性→放松眼尾/嘴角；温润→简洁剪影,第一眼温柔，第二眼野性，第三眼温润
PS00362,隐忍,疯狂,温润,隐忍、疯狂、温润,隐忍→收紧动作幅度与表情；疯狂→稳定眼神；温润→破损细节,第一眼隐忍，第二眼疯狂，第三眼温润
PS00363,神秘,温雅,警觉,神秘、温雅、警觉,神秘→收紧动作幅度与表情；温雅→强烈轮廓；警觉→简洁剪影,第一眼神秘，第二眼温雅，第三眼警觉
PS00364,高贵,凌厉,温雅,高贵、凌厉、温雅,高贵→收紧动作幅度与表情；凌厉→放松眼尾/嘴角；温雅→高洁材质,第一眼高贵，第二眼凌厉，第三眼温雅
PS00365,狠戾,坚毅,清冷,狠戾、坚毅、清冷,狠戾→收紧动作幅度与表情；坚毅→结构不对称；清冷→高洁材质,第一眼狠戾，第二眼坚毅，第三眼清冷
PS00366,冷酷,克制,神秘,冷酷、克制、神秘,冷酷→收紧动作幅度与表情；克制→锐利眼型；神秘→反差配色,第一眼冷酷，第二眼克制，第三眼神秘
PS00367,强健,温柔,市井,强健、温柔、市井,强健→收紧动作幅度与表情；温柔→材质温润；市井→简洁剪影,第一眼强健，第二眼温柔，第三眼市井
PS00368,妖异,沉稳,直率,妖异、沉稳、直率,妖异→收紧动作幅度与表情；沉稳→结构不对称；直率→高洁材质,第一眼妖异，第二眼沉稳，第三眼直率
PS00369,警觉,慵懒,阴郁,警觉、慵懒、阴郁,警觉→收紧动作幅度与表情；慵懒→锐利眼型；阴郁→破损细节,第一眼警觉，第二眼慵懒，第三眼阴郁
PS00370,温柔,执拗,克己,温柔、执拗、克己,温柔→收紧动作幅度与表情；执拗→强烈轮廓；克己→高洁材质,第一眼温柔，第二眼执拗，第三眼克己
PS00371,可靠,温润,躁动,可靠、温润、躁动,可靠→收紧动作幅度与表情；温润→稳定眼神；躁动→破损细节,第一眼可靠，第二眼温润，第三眼躁动
PS00372,强健,亲和,警觉,强健、亲和、警觉,强健→收紧动作幅度与表情；亲和→结构不对称；警觉→层叠结构,第一眼强健，第二眼亲和，第三眼警觉
PS00373,冷酷,市井,直率,冷酷、市井、直率,冷酷→收紧动作幅度与表情；市井→强烈轮廓；直率→反差配色,第一眼冷酷，第二眼市井，第三眼直率
PS00374,叛逆,可靠,清冷,叛逆、可靠、清冷,叛逆→收紧动作幅度与表情；可靠→非人平静；清冷→层叠结构,第一眼叛逆，第二眼可靠，第三眼清冷
PS00375,疯狂,通透,慵懒,疯狂、通透、慵懒,疯狂→收紧动作幅度与表情；通透→强烈轮廓；慵懒→破损细节,第一眼疯狂，第二眼通透，第三眼慵懒
PS00376,坦然,明亮,神性,坦然、明亮、神性,坦然→收紧动作幅度与表情；明亮→放松眼尾/嘴角；神性→反差配色,第一眼坦然，第二眼明亮，第三眼神性
PS00377,沉稳,神秘,明亮,沉稳、神秘、明亮,沉稳→收紧动作幅度与表情；神秘→材质温润；明亮→高洁材质,第一眼沉稳，第二眼神秘，第三眼明亮
PS00378,疯狂,强健,清冷,疯狂、强健、清冷,疯狂→收紧动作幅度与表情；强健→结构不对称；清冷→简洁剪影,第一眼疯狂，第二眼强健，第三眼清冷
PS00379,沧桑,强健,天真,沧桑、强健、天真,沧桑→收紧动作幅度与表情；强健→非人平静；天真→层叠结构,第一眼沧桑，第二眼强健，第三眼天真
PS00380,局促,克制,明亮,局促、克制、明亮,局促→收紧动作幅度与表情；克制→强烈轮廓；明亮→高洁材质,第一眼局促，第二眼克制，第三眼明亮
PS00381,温润,亲和,局促,温润、亲和、局促,温润→收紧动作幅度与表情；亲和→稳定眼神；局促→破损细节,第一眼温润，第二眼亲和，第三眼局促
PS00382,高贵,市井,强健,高贵、市井、强健,高贵→收紧动作幅度与表情；市井→结构不对称；强健→简洁剪影,第一眼高贵，第二眼市井，第三眼强健
PS00383,直率,放纵,神性,直率、放纵、神性,直率→收紧动作幅度与表情；放纵→稳定眼神；神性→层叠结构,第一眼直率，第二眼放纵，第三眼神性
PS00384,危险,坚毅,凌厉,危险、坚毅、凌厉,危险→收紧动作幅度与表情；坚毅→材质温润；凌厉→破损细节,第一眼危险，第二眼坚毅，第三眼凌厉
PS00385,危险,局促,柔软,危险、局促、柔软,危险→收紧动作幅度与表情；局促→放松眼尾/嘴角；柔软→反差配色,第一眼危险，第二眼局促，第三眼柔软
PS00386,疯狂,坦然,狠戾,疯狂、坦然、狠戾,疯狂→收紧动作幅度与表情；坦然→稳定眼神；狠戾→层叠结构,第一眼疯狂，第二眼坦然，第三眼狠戾
PS00387,隐忍,疯狂,坚毅,隐忍、疯狂、坚毅,隐忍→收紧动作幅度与表情；疯狂→稳定眼神；坚毅→反差配色,第一眼隐忍，第二眼疯狂，第三眼坚毅
PS00388,清冷,市井,叛逆,清冷、市井、叛逆,清冷→收紧动作幅度与表情；市井→锐利眼型；叛逆→高洁材质,第一眼清冷，第二眼市井，第三眼叛逆
PS00389,虔诚,叛逆,坦然,虔诚、叛逆、坦然,虔诚→收紧动作幅度与表情；叛逆→结构不对称；坦然→反差配色,第一眼虔诚，第二眼叛逆，第三眼坦然
PS00390,可靠,慵懒,暴烈,可靠、慵懒、暴烈,可靠→收紧动作幅度与表情；慵懒→非人平静；暴烈→层叠结构,第一眼可靠，第二眼慵懒，第三眼暴烈
PS00391,清冷,妖异,可靠,清冷、妖异、可靠,清冷→收紧动作幅度与表情；妖异→非人平静；可靠→简洁剪影,第一眼清冷，第二眼妖异，第三眼可靠
PS00392,神性,清冷,神秘,神性、清冷、神秘,神性→收紧动作幅度与表情；清冷→放松眼尾/嘴角；神秘→层叠结构,第一眼神性，第二眼清冷，第三眼神秘
PS00393,温雅,温柔,悲悯,温雅、温柔、悲悯,温雅→收紧动作幅度与表情；温柔→结构不对称；悲悯→高洁材质,第一眼温雅，第二眼温柔，第三眼悲悯
PS00394,克制,沉静,明亮,克制、沉静、明亮,克制→收紧动作幅度与表情；沉静→锐利眼型；明亮→破损细节,第一眼克制，第二眼沉静，第三眼明亮
PS00395,躁动,虔诚,沧桑,躁动、虔诚、沧桑,躁动→收紧动作幅度与表情；虔诚→非人平静；沧桑→高洁材质,第一眼躁动，第二眼虔诚，第三眼沧桑
PS00396,疯狂,阴郁,凌厉,疯狂、阴郁、凌厉,疯狂→收紧动作幅度与表情；阴郁→稳定眼神；凌厉→高洁材质,第一眼疯狂，第二眼阴郁，第三眼凌厉
PS00397,通透,危险,强健,通透、危险、强健,通透→收紧动作幅度与表情；危险→锐利眼型；强健→反差配色,第一眼通透，第二眼危险，第三眼强健
PS00398,柔软,沉稳,温润,柔软、沉稳、温润,柔软→收紧动作幅度与表情；沉稳→非人平静；温润→破损细节,第一眼柔软，第二眼沉稳，第三眼温润
PS00399,明亮,狠戾,放纵,明亮、狠戾、放纵,明亮→收紧动作幅度与表情；狠戾→结构不对称；放纵→层叠结构,第一眼明亮，第二眼狠戾，第三眼放纵
PS00400,天真,沉稳,温润,天真、沉稳、温润,天真→收紧动作幅度与表情；沉稳→非人平静；温润→反差配色,第一眼天真，第二眼沉稳，第三眼温润
PS00401,悲悯,暴烈,温润,悲悯、暴烈、温润,悲悯→收紧动作幅度与表情；暴烈→非人平静；温润→层叠结构,第一眼悲悯，第二眼暴烈，第三眼温润
PS00402,坚毅,危险,野性,坚毅、危险、野性,坚毅→收紧动作幅度与表情；危险→稳定眼神；野性→高洁材质,第一眼坚毅，第二眼危险，第三眼野性
PS00403,坦然,局促,克己,坦然、局促、克己,坦然→收紧动作幅度与表情；局促→材质温润；克己→简洁剪影,第一眼坦然，第二眼局促，第三眼克己
PS00404,温润,叛逆,坦然,温润、叛逆、坦然,温润→收紧动作幅度与表情；叛逆→材质温润；坦然→简洁剪影,第一眼温润，第二眼叛逆，第三眼坦然
PS00405,悲悯,散漫,温雅,悲悯、散漫、温雅,悲悯→收紧动作幅度与表情；散漫→放松眼尾/嘴角；温雅→反差配色,第一眼悲悯，第二眼散漫，第三眼温雅
PS00406,病弱,沉稳,危险,病弱、沉稳、危险,病弱→收紧动作幅度与表情；沉稳→放松眼尾/嘴角；危险→层叠结构,第一眼病弱，第二眼沉稳，第三眼危险
PS00407,清冷,凌厉,叛逆,清冷、凌厉、叛逆,清冷→收紧动作幅度与表情；凌厉→非人平静；叛逆→简洁剪影,第一眼清冷，第二眼凌厉，第三眼叛逆
PS00408,凌厉,悲悯,高贵,凌厉、悲悯、高贵,凌厉→收紧动作幅度与表情；悲悯→稳定眼神；高贵→简洁剪影,第一眼凌厉，第二眼悲悯，第三眼高贵
PS00409,温柔,温润,慵懒,温柔、温润、慵懒,温柔→收紧动作幅度与表情；温润→放松眼尾/嘴角；慵懒→高洁材质,第一眼温柔，第二眼温润，第三眼慵懒
PS00410,从容,明亮,温润,从容、明亮、温润,从容→收紧动作幅度与表情；明亮→结构不对称；温润→破损细节,第一眼从容，第二眼明亮，第三眼温润
PS00411,狠戾,执拗,沧桑,狠戾、执拗、沧桑,狠戾→收紧动作幅度与表情；执拗→材质温润；沧桑→层叠结构,第一眼狠戾，第二眼执拗，第三眼沧桑
PS00412,高贵,狠戾,亲和,高贵、狠戾、亲和,高贵→收紧动作幅度与表情；狠戾→结构不对称；亲和→反差配色,第一眼高贵，第二眼狠戾，第三眼亲和
PS00413,从容,虔诚,温雅,从容、虔诚、温雅,从容→收紧动作幅度与表情；虔诚→非人平静；温雅→反差配色,第一眼从容，第二眼虔诚，第三眼温雅
PS00414,虔诚,通透,亲和,虔诚、通透、亲和,虔诚→收紧动作幅度与表情；通透→结构不对称；亲和→层叠结构,第一眼虔诚，第二眼通透，第三眼亲和
PS00415,神秘,警觉,高贵,神秘、警觉、高贵,神秘→收紧动作幅度与表情；警觉→材质温润；高贵→简洁剪影,第一眼神秘，第二眼警觉，第三眼高贵
PS00416,虔诚,市井,温雅,虔诚、市井、温雅,虔诚→收紧动作幅度与表情；市井→结构不对称；温雅→破损细节,第一眼虔诚，第二眼市井，第三眼温雅
PS00417,警觉,温润,直率,警觉、温润、直率,警觉→收紧动作幅度与表情；温润→材质温润；直率→简洁剪影,第一眼警觉，第二眼温润，第三眼直率
PS00418,妖异,虔诚,叛逆,妖异、虔诚、叛逆,妖异→收紧动作幅度与表情；虔诚→结构不对称；叛逆→反差配色,第一眼妖异，第二眼虔诚，第三眼叛逆
PS00419,隐忍,沧桑,温润,隐忍、沧桑、温润,隐忍→收紧动作幅度与表情；沧桑→锐利眼型；温润→层叠结构,第一眼隐忍，第二眼沧桑，第三眼温润
PS00420,从容,坦然,清冷,从容、坦然、清冷,从容→收紧动作幅度与表情；坦然→强烈轮廓；清冷→简洁剪影,第一眼从容，第二眼坦然，第三眼清冷
PS00421,从容,温柔,危险,从容、温柔、危险,从容→收紧动作幅度与表情；温柔→材质温润；危险→简洁剪影,第一眼从容，第二眼温柔，第三眼危险
PS00422,阴郁,躁动,危险,阴郁、躁动、危险,阴郁→收紧动作幅度与表情；躁动→材质温润；危险→简洁剪影,第一眼阴郁，第二眼躁动，第三眼危险
PS00423,温雅,孤傲,聪慧,温雅、孤傲、聪慧,温雅→收紧动作幅度与表情；孤傲→强烈轮廓；聪慧→反差配色,第一眼温雅，第二眼孤傲，第三眼聪慧
PS00424,执拗,隐忍,散漫,执拗、隐忍、散漫,执拗→收紧动作幅度与表情；隐忍→锐利眼型；散漫→层叠结构,第一眼执拗，第二眼隐忍，第三眼散漫
PS00425,散漫,野性,局促,散漫、野性、局促,散漫→收紧动作幅度与表情；野性→材质温润；局促→反差配色,第一眼散漫，第二眼野性，第三眼局促
PS00426,克己,叛逆,明亮,克己、叛逆、明亮,克己→收紧动作幅度与表情；叛逆→强烈轮廓；明亮→反差配色,第一眼克己，第二眼叛逆，第三眼明亮
PS00427,柔软,冷酷,野性,柔软、冷酷、野性,柔软→收紧动作幅度与表情；冷酷→结构不对称；野性→破损细节,第一眼柔软，第二眼冷酷，第三眼野性
PS00428,聪慧,散漫,沉稳,聪慧、散漫、沉稳,聪慧→收紧动作幅度与表情；散漫→锐利眼型；沉稳→高洁材质,第一眼聪慧，第二眼散漫，第三眼沉稳
PS00429,警觉,克制,孤傲,警觉、克制、孤傲,警觉→收紧动作幅度与表情；克制→强烈轮廓；孤傲→层叠结构,第一眼警觉，第二眼克制，第三眼孤傲
PS00430,凌厉,散漫,局促,凌厉、散漫、局促,凌厉→收紧动作幅度与表情；散漫→非人平静；局促→破损细节,第一眼凌厉，第二眼散漫，第三眼局促
PS00431,市井,慵懒,温柔,市井、慵懒、温柔,市井→收紧动作幅度与表情；慵懒→强烈轮廓；温柔→高洁材质,第一眼市井，第二眼慵懒，第三眼温柔
PS00432,悲悯,阴郁,张扬,悲悯、阴郁、张扬,悲悯→收紧动作幅度与表情；阴郁→强烈轮廓；张扬→破损细节,第一眼悲悯，第二眼阴郁，第三眼张扬
PS00433,孤傲,高贵,病弱,孤傲、高贵、病弱,孤傲→收紧动作幅度与表情；高贵→材质温润；病弱→反差配色,第一眼孤傲，第二眼高贵，第三眼病弱
PS00434,孤傲,叛逆,执拗,孤傲、叛逆、执拗,孤傲→收紧动作幅度与表情；叛逆→放松眼尾/嘴角；执拗→简洁剪影,第一眼孤傲，第二眼叛逆，第三眼执拗
PS00435,冷酷,亲和,直率,冷酷、亲和、直率,冷酷→收紧动作幅度与表情；亲和→稳定眼神；直率→高洁材质,第一眼冷酷，第二眼亲和，第三眼直率
PS00436,市井,警觉,野性,市井、警觉、野性,市井→收紧动作幅度与表情；警觉→锐利眼型；野性→高洁材质,第一眼市井，第二眼警觉，第三眼野性
PS00437,凌厉,悲悯,野性,凌厉、悲悯、野性,凌厉→收紧动作幅度与表情；悲悯→锐利眼型；野性→层叠结构,第一眼凌厉，第二眼悲悯，第三眼野性
PS00438,危险,沧桑,通透,危险、沧桑、通透,危险→收紧动作幅度与表情；沧桑→强烈轮廓；通透→反差配色,第一眼危险，第二眼沧桑，第三眼通透
PS00439,阴郁,危险,张扬,阴郁、危险、张扬,阴郁→收紧动作幅度与表情；危险→非人平静；张扬→层叠结构,第一眼阴郁，第二眼危险，第三眼张扬
PS00440,沉稳,放纵,亲和,沉稳、放纵、亲和,沉稳→收紧动作幅度与表情；放纵→强烈轮廓；亲和→反差配色,第一眼沉稳，第二眼放纵，第三眼亲和
PS00441,沉静,放纵,阴郁,沉静、放纵、阴郁,沉静→收紧动作幅度与表情；放纵→结构不对称；阴郁→简洁剪影,第一眼沉静，第二眼放纵，第三眼阴郁
PS00442,放纵,温润,强健,放纵、温润、强健,放纵→收紧动作幅度与表情；温润→锐利眼型；强健→破损细节,第一眼放纵，第二眼温润，第三眼强健
PS00443,明亮,强健,疏离,明亮、强健、疏离,明亮→收紧动作幅度与表情；强健→非人平静；疏离→破损细节,第一眼明亮，第二眼强健，第三眼疏离
PS00444,危险,明亮,温雅,危险、明亮、温雅,危险→收紧动作幅度与表情；明亮→非人平静；温雅→反差配色,第一眼危险，第二眼明亮，第三眼温雅
PS00445,凌厉,疏离,坚毅,凌厉、疏离、坚毅,凌厉→收紧动作幅度与表情；疏离→材质温润；坚毅→层叠结构,第一眼凌厉，第二眼疏离，第三眼坚毅
PS00446,阴郁,沧桑,隐忍,阴郁、沧桑、隐忍,阴郁→收紧动作幅度与表情；沧桑→非人平静；隐忍→破损细节,第一眼阴郁，第二眼沧桑，第三眼隐忍
PS00447,警觉,狠戾,暴烈,警觉、狠戾、暴烈,警觉→收紧动作幅度与表情；狠戾→锐利眼型；暴烈→高洁材质,第一眼警觉，第二眼狠戾，第三眼暴烈
PS00448,神性,温柔,柔软,神性、温柔、柔软,神性→收紧动作幅度与表情；温柔→稳定眼神；柔软→层叠结构,第一眼神性，第二眼温柔，第三眼柔软
PS00449,虔诚,温雅,通透,虔诚、温雅、通透,虔诚→收紧动作幅度与表情；温雅→材质温润；通透→高洁材质,第一眼虔诚，第二眼温雅，第三眼通透
PS00450,阴郁,清冷,克己,阴郁、清冷、克己,阴郁→收紧动作幅度与表情；清冷→强烈轮廓；克己→破损细节,第一眼阴郁，第二眼清冷，第三眼克己
PS00451,野性,市井,神性,野性、市井、神性,野性→收紧动作幅度与表情；市井→材质温润；神性→层叠结构,第一眼野性，第二眼市井，第三眼神性
PS00452,隐忍,张扬,从容,隐忍、张扬、从容,隐忍→收紧动作幅度与表情；张扬→结构不对称；从容→高洁材质,第一眼隐忍，第二眼张扬，第三眼从容
PS00453,沉静,沉稳,执拗,沉静、沉稳、执拗,沉静→收紧动作幅度与表情；沉稳→结构不对称；执拗→层叠结构,第一眼沉静，第二眼沉稳，第三眼执拗
PS00454,孤傲,野性,疏离,孤傲、野性、疏离,孤傲→收紧动作幅度与表情；野性→结构不对称；疏离→反差配色,第一眼孤傲，第二眼野性，第三眼疏离
PS00455,聪慧,慵懒,神秘,聪慧、慵懒、神秘,聪慧→收紧动作幅度与表情；慵懒→材质温润；神秘→破损细节,第一眼聪慧，第二眼慵懒，第三眼神秘
PS00456,温柔,沉稳,聪慧,温柔、沉稳、聪慧,温柔→收紧动作幅度与表情；沉稳→材质温润；聪慧→层叠结构,第一眼温柔，第二眼沉稳，第三眼聪慧
PS00457,高贵,悲悯,柔软,高贵、悲悯、柔软,高贵→收紧动作幅度与表情；悲悯→锐利眼型；柔软→反差配色,第一眼高贵，第二眼悲悯，第三眼柔软
PS00458,散漫,沧桑,放纵,散漫、沧桑、放纵,散漫→收紧动作幅度与表情；沧桑→锐利眼型；放纵→层叠结构,第一眼散漫，第二眼沧桑，第三眼放纵
PS00459,散漫,沉静,悲悯,散漫、沉静、悲悯,散漫→收紧动作幅度与表情；沉静→非人平静；悲悯→简洁剪影,第一眼散漫，第二眼沉静，第三眼悲悯
PS00460,凌厉,野性,躁动,凌厉、野性、躁动,凌厉→收紧动作幅度与表情；野性→锐利眼型；躁动→高洁材质,第一眼凌厉，第二眼野性，第三眼躁动
PS00461,可靠,慵懒,孤傲,可靠、慵懒、孤傲,可靠→收紧动作幅度与表情；慵懒→强烈轮廓；孤傲→高洁材质,第一眼可靠，第二眼慵懒，第三眼孤傲
PS00462,张扬,冷酷,聪慧,张扬、冷酷、聪慧,张扬→收紧动作幅度与表情；冷酷→放松眼尾/嘴角；聪慧→简洁剪影,第一眼张扬，第二眼冷酷，第三眼聪慧
PS00463,强健,隐忍,克制,强健、隐忍、克制,强健→收紧动作幅度与表情；隐忍→材质温润；克制→破损细节,第一眼强健，第二眼隐忍，第三眼克制
PS00464,慵懒,高贵,冷酷,慵懒、高贵、冷酷,慵懒→收紧动作幅度与表情；高贵→放松眼尾/嘴角；冷酷→简洁剪影,第一眼慵懒，第二眼高贵，第三眼冷酷
PS00465,阴郁,温雅,冷酷,阴郁、温雅、冷酷,阴郁→收紧动作幅度与表情；温雅→锐利眼型；冷酷→简洁剪影,第一眼阴郁，第二眼温雅，第三眼冷酷
PS00466,聪慧,悲悯,妖异,聪慧、悲悯、妖异,聪慧→收紧动作幅度与表情；悲悯→锐利眼型；妖异→高洁材质,第一眼聪慧，第二眼悲悯，第三眼妖异
PS00467,执拗,狠戾,温润,执拗、狠戾、温润,执拗→收紧动作幅度与表情；狠戾→锐利眼型；温润→反差配色,第一眼执拗，第二眼狠戾，第三眼温润
PS00468,躁动,从容,隐忍,躁动、从容、隐忍,躁动→收紧动作幅度与表情；从容→材质温润；隐忍→高洁材质,第一眼躁动，第二眼从容，第三眼隐忍
PS00469,天真,克制,柔软,天真、克制、柔软,天真→收紧动作幅度与表情；克制→稳定眼神；柔软→高洁材质,第一眼天真，第二眼克制，第三眼柔软
PS00470,克制,危险,市井,克制、危险、市井,克制→收紧动作幅度与表情；危险→材质温润；市井→简洁剪影,第一眼克制，第二眼危险，第三眼市井
PS00471,聪慧,暴烈,强健,聪慧、暴烈、强健,聪慧→收紧动作幅度与表情；暴烈→放松眼尾/嘴角；强健→反差配色,第一眼聪慧，第二眼暴烈，第三眼强健
PS00472,温雅,神秘,孤傲,温雅、神秘、孤傲,温雅→收紧动作幅度与表情；神秘→放松眼尾/嘴角；孤傲→破损细节,第一眼温雅，第二眼神秘，第三眼孤傲
PS00473,坚毅,虔诚,妖异,坚毅、虔诚、妖异,坚毅→收紧动作幅度与表情；虔诚→锐利眼型；妖异→简洁剪影,第一眼坚毅，第二眼虔诚，第三眼妖异
PS00474,神性,从容,叛逆,神性、从容、叛逆,神性→收紧动作幅度与表情；从容→放松眼尾/嘴角；叛逆→简洁剪影,第一眼神性，第二眼从容，第三眼叛逆
PS00475,疯狂,通透,野性,疯狂、通透、野性,疯狂→收紧动作幅度与表情；通透→锐利眼型；野性→破损细节,第一眼疯狂，第二眼通透，第三眼野性
PS00476,克己,隐忍,亲和,克己、隐忍、亲和,克己→收紧动作幅度与表情；隐忍→非人平静；亲和→反差配色,第一眼克己，第二眼隐忍，第三眼亲和
PS00477,坚毅,直率,悲悯,坚毅、直率、悲悯,坚毅→收紧动作幅度与表情；直率→锐利眼型；悲悯→层叠结构,第一眼坚毅，第二眼直率，第三眼悲悯
PS00478,天真,神性,沉静,天真、神性、沉静,天真→收紧动作幅度与表情；神性→非人平静；沉静→反差配色,第一眼天真，第二眼神性，第三眼沉静
PS00479,温雅,凌厉,妖异,温雅、凌厉、妖异,温雅→收紧动作幅度与表情；凌厉→锐利眼型；妖异→破损细节,第一眼温雅，第二眼凌厉，第三眼妖异
PS00480,冷酷,狠戾,病弱,冷酷、狠戾、病弱,冷酷→收紧动作幅度与表情；狠戾→稳定眼神；病弱→破损细节,第一眼冷酷，第二眼狠戾，第三眼病弱
PS00481,聪慧,清冷,高贵,聪慧、清冷、高贵,聪慧→收紧动作幅度与表情；清冷→放松眼尾/嘴角；高贵→破损细节,第一眼聪慧，第二眼清冷，第三眼高贵
PS00482,隐忍,疏离,凌厉,隐忍、疏离、凌厉,隐忍→收紧动作幅度与表情；疏离→放松眼尾/嘴角；凌厉→层叠结构,第一眼隐忍，第二眼疏离，第三眼凌厉
PS00483,警觉,躁动,坚毅,警觉、躁动、坚毅,警觉→收紧动作幅度与表情；躁动→材质温润；坚毅→破损细节,第一眼警觉，第二眼躁动，第三眼坚毅
PS00484,强健,张扬,妖异,强健、张扬、妖异,强健→收紧动作幅度与表情；张扬→非人平静；妖异→简洁剪影,第一眼强健，第二眼张扬，第三眼妖异
PS00485,克己,局促,病弱,克己、局促、病弱,克己→收紧动作幅度与表情；局促→材质温润；病弱→高洁材质,第一眼克己，第二眼局促，第三眼病弱
PS00486,病弱,危险,温雅,病弱、危险、温雅,病弱→收紧动作幅度与表情；危险→材质温润；温雅→简洁剪影,第一眼病弱，第二眼危险，第三眼温雅
PS00487,直率,执拗,警觉,直率、执拗、警觉,直率→收紧动作幅度与表情；执拗→结构不对称；警觉→层叠结构,第一眼直率，第二眼执拗，第三眼警觉
PS00488,孤傲,凌厉,躁动,孤傲、凌厉、躁动,孤傲→收紧动作幅度与表情；凌厉→锐利眼型；躁动→反差配色,第一眼孤傲，第二眼凌厉，第三眼躁动
PS00489,可靠,局促,沉静,可靠、局促、沉静,可靠→收紧动作幅度与表情；局促→锐利眼型；沉静→破损细节,第一眼可靠，第二眼局促，第三眼沉静
PS00490,张扬,清冷,从容,张扬、清冷、从容,张扬→收紧动作幅度与表情；清冷→非人平静；从容→简洁剪影,第一眼张扬，第二眼清冷，第三眼从容
PS00491,野性,局促,可靠,野性、局促、可靠,野性→收紧动作幅度与表情；局促→非人平静；可靠→反差配色,第一眼野性，第二眼局促，第三眼可靠
PS00492,放纵,强健,慵懒,放纵、强健、慵懒,放纵→收紧动作幅度与表情；强健→放松眼尾/嘴角；慵懒→反差配色,第一眼放纵，第二眼强健，第三眼慵懒
PS00493,阴郁,从容,明亮,阴郁、从容、明亮,阴郁→收紧动作幅度与表情；从容→稳定眼神；明亮→层叠结构,第一眼阴郁，第二眼从容，第三眼明亮
PS00494,妖异,沧桑,克制,妖异、沧桑、克制,妖异→收紧动作幅度与表情；沧桑→锐利眼型；克制→层叠结构,第一眼妖异，第二眼沧桑，第三眼克制
PS00495,张扬,孤傲,强健,张扬、孤傲、强健,张扬→收紧动作幅度与表情；孤傲→放松眼尾/嘴角；强健→简洁剪影,第一眼张扬，第二眼孤傲，第三眼强健
PS00496,通透,疏离,放纵,通透、疏离、放纵,通透→收紧动作幅度与表情；疏离→材质温润；放纵→反差配色,第一眼通透，第二眼疏离，第三眼放纵
PS00497,市井,妖异,散漫,市井、妖异、散漫,市井→收紧动作幅度与表情；妖异→结构不对称；散漫→破损细节,第一眼市井，第二眼妖异，第三眼散漫
PS00498,可靠,温雅,危险,可靠、温雅、危险,可靠→收紧动作幅度与表情；温雅→非人平静；危险→层叠结构,第一眼可靠，第二眼温雅，第三眼危险
PS00499,放纵,张扬,疯狂,放纵、张扬、疯狂,放纵→收紧动作幅度与表情；张扬→放松眼尾/嘴角；疯狂→高洁材质,第一眼放纵，第二眼张扬，第三眼疯狂
PS00500,柔软,克制,市井,柔软、克制、市井,柔软→收紧动作幅度与表情；克制→放松眼尾/嘴角；市井→破损细节,第一眼柔软，第二眼克制，第三眼市井
PS00501,暴烈,坦然,危险,暴烈、坦然、危险,暴烈→收紧动作幅度与表情；坦然→稳定眼神；危险→层叠结构,第一眼暴烈，第二眼坦然，第三眼危险
PS00502,孤傲,疯狂,坦然,孤傲、疯狂、坦然,孤傲→收紧动作幅度与表情；疯狂→放松眼尾/嘴角；坦然→简洁剪影,第一眼孤傲，第二眼疯狂，第三眼坦然
PS00503,冷酷,慵懒,阴郁,冷酷、慵懒、阴郁,冷酷→收紧动作幅度与表情；慵懒→强烈轮廓；阴郁→破损细节,第一眼冷酷，第二眼慵懒，第三眼阴郁
PS00504,沉静,沉稳,放纵,沉静、沉稳、放纵,沉静→收紧动作幅度与表情；沉稳→放松眼尾/嘴角；放纵→反差配色,第一眼沉静，第二眼沉稳，第三眼放纵
PS00505,坚毅,强健,凌厉,坚毅、强健、凌厉,坚毅→收紧动作幅度与表情；强健→结构不对称；凌厉→层叠结构,第一眼坚毅，第二眼强健，第三眼凌厉
PS00506,清冷,疯狂,明亮,清冷、疯狂、明亮,清冷→收紧动作幅度与表情；疯狂→强烈轮廓；明亮→破损细节,第一眼清冷，第二眼疯狂，第三眼明亮
PS00507,执拗,从容,张扬,执拗、从容、张扬,执拗→收紧动作幅度与表情；从容→放松眼尾/嘴角；张扬→高洁材质,第一眼执拗，第二眼从容，第三眼张扬
PS00508,坚毅,亲和,克制,坚毅、亲和、克制,坚毅→收紧动作幅度与表情；亲和→材质温润；克制→简洁剪影,第一眼坚毅，第二眼亲和，第三眼克制
PS00509,张扬,强健,叛逆,张扬、强健、叛逆,张扬→收紧动作幅度与表情；强健→结构不对称；叛逆→反差配色,第一眼张扬，第二眼强健，第三眼叛逆
PS00510,散漫,冷酷,妖异,散漫、冷酷、妖异,散漫→收紧动作幅度与表情；冷酷→放松眼尾/嘴角；妖异→破损细节,第一眼散漫，第二眼冷酷，第三眼妖异
PS00511,沧桑,沉静,暴烈,沧桑、沉静、暴烈,沧桑→收紧动作幅度与表情；沉静→非人平静；暴烈→破损细节,第一眼沧桑，第二眼沉静，第三眼暴烈
PS00512,沉静,天真,执拗,沉静、天真、执拗,沉静→收紧动作幅度与表情；天真→材质温润；执拗→简洁剪影,第一眼沉静，第二眼天真，第三眼执拗
PS00513,妖异,危险,温雅,妖异、危险、温雅,妖异→收紧动作幅度与表情；危险→强烈轮廓；温雅→简洁剪影,第一眼妖异，第二眼危险，第三眼温雅
PS00514,疏离,亲和,危险,疏离、亲和、危险,疏离→收紧动作幅度与表情；亲和→强烈轮廓；危险→高洁材质,第一眼疏离，第二眼亲和，第三眼危险
PS00515,聪慧,温柔,警觉,聪慧、温柔、警觉,聪慧→收紧动作幅度与表情；温柔→材质温润；警觉→高洁材质,第一眼聪慧，第二眼温柔，第三眼警觉
PS00516,阴郁,市井,温润,阴郁、市井、温润,阴郁→收紧动作幅度与表情；市井→非人平静；温润→破损细节,第一眼阴郁，第二眼市井，第三眼温润
PS00517,妖异,凌厉,局促,妖异、凌厉、局促,妖异→收紧动作幅度与表情；凌厉→强烈轮廓；局促→层叠结构,第一眼妖异，第二眼凌厉，第三眼局促
PS00518,明亮,孤傲,温雅,明亮、孤傲、温雅,明亮→收紧动作幅度与表情；孤傲→锐利眼型；温雅→高洁材质,第一眼明亮，第二眼孤傲，第三眼温雅
PS00519,躁动,通透,暴烈,躁动、通透、暴烈,躁动→收紧动作幅度与表情；通透→非人平静；暴烈→反差配色,第一眼躁动，第二眼通透，第三眼暴烈
PS00520,孤傲,聪慧,病弱,孤傲、聪慧、病弱,孤傲→收紧动作幅度与表情；聪慧→材质温润；病弱→反差配色,第一眼孤傲，第二眼聪慧，第三眼病弱
PS00521,冷酷,虔诚,神秘,冷酷、虔诚、神秘,冷酷→收紧动作幅度与表情；虔诚→稳定眼神；神秘→高洁材质,第一眼冷酷，第二眼虔诚，第三眼神秘
PS00522,狠戾,疯狂,清冷,狠戾、疯狂、清冷,狠戾→收紧动作幅度与表情；疯狂→强烈轮廓；清冷→高洁材质,第一眼狠戾，第二眼疯狂，第三眼清冷
PS00523,虔诚,温润,柔软,虔诚、温润、柔软,虔诚→收紧动作幅度与表情；温润→放松眼尾/嘴角；柔软→反差配色,第一眼虔诚，第二眼温润，第三眼柔软
PS00524,通透,虔诚,警觉,通透、虔诚、警觉,通透→收紧动作幅度与表情；虔诚→稳定眼神；警觉→简洁剪影,第一眼通透，第二眼虔诚，第三眼警觉
PS00525,疯狂,放纵,神秘,疯狂、放纵、神秘,疯狂→收紧动作幅度与表情；放纵→放松眼尾/嘴角；神秘→层叠结构,第一眼疯狂，第二眼放纵，第三眼神秘
PS00526,隐忍,坦然,直率,隐忍、坦然、直率,隐忍→收紧动作幅度与表情；坦然→材质温润；直率→简洁剪影,第一眼隐忍，第二眼坦然，第三眼直率
PS00527,叛逆,克己,张扬,叛逆、克己、张扬,叛逆→收紧动作幅度与表情；克己→强烈轮廓；张扬→反差配色,第一眼叛逆，第二眼克己，第三眼张扬
PS00528,放纵,散漫,躁动,放纵、散漫、躁动,放纵→收紧动作幅度与表情；散漫→稳定眼神；躁动→破损细节,第一眼放纵，第二眼散漫，第三眼躁动
PS00529,克制,散漫,叛逆,克制、散漫、叛逆,克制→收紧动作幅度与表情；散漫→结构不对称；叛逆→破损细节,第一眼克制，第二眼散漫，第三眼叛逆
PS00530,神性,叛逆,亲和,神性、叛逆、亲和,神性→收紧动作幅度与表情；叛逆→结构不对称；亲和→高洁材质,第一眼神性，第二眼叛逆，第三眼亲和
PS00531,克制,虔诚,克己,克制、虔诚、克己,克制→收紧动作幅度与表情；虔诚→非人平静；克己→破损细节,第一眼克制，第二眼虔诚，第三眼克己
PS00532,聪慧,克制,局促,聪慧、克制、局促,聪慧→收紧动作幅度与表情；克制→锐利眼型；局促→破损细节,第一眼聪慧，第二眼克制，第三眼局促
PS00533,坦然,强健,克己,坦然、强健、克己,坦然→收紧动作幅度与表情；强健→材质温润；克己→简洁剪影,第一眼坦然，第二眼强健，第三眼克己
PS00534,克制,凌厉,疏离,克制、凌厉、疏离,克制→收紧动作幅度与表情；凌厉→结构不对称；疏离→反差配色,第一眼克制，第二眼凌厉，第三眼疏离
PS00535,隐忍,清冷,暴烈,隐忍、清冷、暴烈,隐忍→收紧动作幅度与表情；清冷→非人平静；暴烈→层叠结构,第一眼隐忍，第二眼清冷，第三眼暴烈
PS00536,从容,执拗,凌厉,从容、执拗、凌厉,从容→收紧动作幅度与表情；执拗→强烈轮廓；凌厉→层叠结构,第一眼从容，第二眼执拗，第三眼凌厉
PS00537,神秘,沉静,放纵,神秘、沉静、放纵,神秘→收紧动作幅度与表情；沉静→锐利眼型；放纵→简洁剪影,第一眼神秘，第二眼沉静，第三眼放纵
PS00538,慵懒,直率,坦然,慵懒、直率、坦然,慵懒→收紧动作幅度与表情；直率→放松眼尾/嘴角；坦然→简洁剪影,第一眼慵懒，第二眼直率，第三眼坦然
PS00539,局促,危险,凌厉,局促、危险、凌厉,局促→收紧动作幅度与表情；危险→稳定眼神；凌厉→高洁材质,第一眼局促，第二眼危险，第三眼凌厉
PS00540,冷酷,孤傲,疏离,冷酷、孤傲、疏离,冷酷→收紧动作幅度与表情；孤傲→稳定眼神；疏离→简洁剪影,第一眼冷酷，第二眼孤傲，第三眼疏离
PS00541,市井,执拗,隐忍,市井、执拗、隐忍,市井→收紧动作幅度与表情；执拗→结构不对称；隐忍→简洁剪影,第一眼市井，第二眼执拗，第三眼隐忍
PS00542,直率,神秘,坦然,直率、神秘、坦然,直率→收紧动作幅度与表情；神秘→结构不对称；坦然→反差配色,第一眼直率，第二眼神秘，第三眼坦然
PS00543,坦然,克制,清冷,坦然、克制、清冷,坦然→收紧动作幅度与表情；克制→强烈轮廓；清冷→高洁材质,第一眼坦然，第二眼克制，第三眼清冷
PS00544,躁动,从容,强健,躁动、从容、强健,躁动→收紧动作幅度与表情；从容→结构不对称；强健→简洁剪影,第一眼躁动，第二眼从容，第三眼强健
PS00545,叛逆,病弱,局促,叛逆、病弱、局促,叛逆→收紧动作幅度与表情；病弱→强烈轮廓；局促→高洁材质,第一眼叛逆，第二眼病弱，第三眼局促
PS00546,狠戾,警觉,阴郁,狠戾、警觉、阴郁,狠戾→收紧动作幅度与表情；警觉→强烈轮廓；阴郁→层叠结构,第一眼狠戾，第二眼警觉，第三眼阴郁
PS00547,克制,妖异,病弱,克制、妖异、病弱,克制→收紧动作幅度与表情；妖异→锐利眼型；病弱→反差配色,第一眼克制，第二眼妖异，第三眼病弱
PS00548,野性,慵懒,从容,野性、慵懒、从容,野性→收紧动作幅度与表情；慵懒→稳定眼神；从容→简洁剪影,第一眼野性，第二眼慵懒，第三眼从容
PS00549,可靠,从容,坚毅,可靠、从容、坚毅,可靠→收紧动作幅度与表情；从容→非人平静；坚毅→层叠结构,第一眼可靠，第二眼从容，第三眼坚毅
PS00550,沉稳,危险,坦然,沉稳、危险、坦然,沉稳→收紧动作幅度与表情；危险→结构不对称；坦然→高洁材质,第一眼沉稳，第二眼危险，第三眼坦然
PS00551,妖异,神秘,野性,妖异、神秘、野性,妖异→收紧动作幅度与表情；神秘→结构不对称；野性→简洁剪影,第一眼妖异，第二眼神秘，第三眼野性
PS00552,温柔,可靠,局促,温柔、可靠、局促,温柔→收紧动作幅度与表情；可靠→非人平静；局促→高洁材质,第一眼温柔，第二眼可靠，第三眼局促
PS00553,强健,病弱,温润,强健、病弱、温润,强健→收紧动作幅度与表情；病弱→材质温润；温润→层叠结构,第一眼强健，第二眼病弱，第三眼温润
PS00554,坚毅,悲悯,疯狂,坚毅、悲悯、疯狂,坚毅→收紧动作幅度与表情；悲悯→放松眼尾/嘴角；疯狂→破损细节,第一眼坚毅，第二眼悲悯，第三眼疯狂
PS00555,温雅,克制,警觉,温雅、克制、警觉,温雅→收紧动作幅度与表情；克制→放松眼尾/嘴角；警觉→破损细节,第一眼温雅，第二眼克制，第三眼警觉
PS00556,叛逆,坦然,执拗,叛逆、坦然、执拗,叛逆→收紧动作幅度与表情；坦然→放松眼尾/嘴角；执拗→破损细节,第一眼叛逆，第二眼坦然，第三眼执拗
PS00557,明亮,躁动,直率,明亮、躁动、直率,明亮→收紧动作幅度与表情；躁动→锐利眼型；直率→破损细节,第一眼明亮，第二眼躁动，第三眼直率
PS00558,虔诚,张扬,病弱,虔诚、张扬、病弱,虔诚→收紧动作幅度与表情；张扬→材质温润；病弱→简洁剪影,第一眼虔诚，第二眼张扬，第三眼病弱
PS00559,直率,坦然,可靠,直率、坦然、可靠,直率→收紧动作幅度与表情；坦然→强烈轮廓；可靠→破损细节,第一眼直率，第二眼坦然，第三眼可靠
PS00560,局促,悲悯,沉静,局促、悲悯、沉静,局促→收紧动作幅度与表情；悲悯→锐利眼型；沉静→反差配色,第一眼局促，第二眼悲悯，第三眼沉静
PS00561,从容,可靠,警觉,从容、可靠、警觉,从容→收紧动作幅度与表情；可靠→稳定眼神；警觉→高洁材质,第一眼从容，第二眼可靠，第三眼警觉
PS00562,危险,疯狂,叛逆,危险、疯狂、叛逆,危险→收紧动作幅度与表情；疯狂→锐利眼型；叛逆→反差配色,第一眼危险，第二眼疯狂，第三眼叛逆
PS00563,疯狂,隐忍,狠戾,疯狂、隐忍、狠戾,疯狂→收紧动作幅度与表情；隐忍→稳定眼神；狠戾→高洁材质,第一眼疯狂，第二眼隐忍，第三眼狠戾
PS00564,病弱,警觉,克己,病弱、警觉、克己,病弱→收紧动作幅度与表情；警觉→结构不对称；克己→简洁剪影,第一眼病弱，第二眼警觉，第三眼克己
PS00565,叛逆,阴郁,执拗,叛逆、阴郁、执拗,叛逆→收紧动作幅度与表情；阴郁→材质温润；执拗→反差配色,第一眼叛逆，第二眼阴郁，第三眼执拗
PS00566,直率,局促,坦然,直率、局促、坦然,直率→收紧动作幅度与表情；局促→结构不对称；坦然→破损细节,第一眼直率，第二眼局促，第三眼坦然
PS00567,市井,强健,从容,市井、强健、从容,市井→收紧动作幅度与表情；强健→强烈轮廓；从容→破损细节,第一眼市井，第二眼强健，第三眼从容
PS00568,散漫,天真,沉静,散漫、天真、沉静,散漫→收紧动作幅度与表情；天真→非人平静；沉静→层叠结构,第一眼散漫，第二眼天真，第三眼沉静
PS00569,野性,直率,神性,野性、直率、神性,野性→收紧动作幅度与表情；直率→放松眼尾/嘴角；神性→破损细节,第一眼野性，第二眼直率，第三眼神性
PS00570,慵懒,温润,通透,慵懒、温润、通透,慵懒→收紧动作幅度与表情；温润→强烈轮廓；通透→层叠结构,第一眼慵懒，第二眼温润，第三眼通透
PS00571,神性,沧桑,妖异,神性、沧桑、妖异,神性→收紧动作幅度与表情；沧桑→强烈轮廓；妖异→反差配色,第一眼神性，第二眼沧桑，第三眼妖异
PS00572,虔诚,天真,病弱,虔诚、天真、病弱,虔诚→收紧动作幅度与表情；天真→锐利眼型；病弱→反差配色,第一眼虔诚，第二眼天真，第三眼病弱
PS00573,危险,凌厉,神秘,危险、凌厉、神秘,危险→收紧动作幅度与表情；凌厉→稳定眼神；神秘→层叠结构,第一眼危险，第二眼凌厉，第三眼神秘
PS00574,温雅,清冷,坚毅,温雅、清冷、坚毅,温雅→收紧动作幅度与表情；清冷→稳定眼神；坚毅→简洁剪影,第一眼温雅，第二眼清冷，第三眼坚毅
PS00575,坦然,温柔,明亮,坦然、温柔、明亮,坦然→收紧动作幅度与表情；温柔→非人平静；明亮→层叠结构,第一眼坦然，第二眼温柔，第三眼明亮
PS00576,温柔,克己,市井,温柔、克己、市井,温柔→收紧动作幅度与表情；克己→结构不对称；市井→层叠结构,第一眼温柔，第二眼克己，第三眼市井
PS00577,隐忍,直率,柔软,隐忍、直率、柔软,隐忍→收紧动作幅度与表情；直率→放松眼尾/嘴角；柔软→层叠结构,第一眼隐忍，第二眼直率，第三眼柔软
PS00578,张扬,野性,亲和,张扬、野性、亲和,张扬→收紧动作幅度与表情；野性→材质温润；亲和→破损细节,第一眼张扬，第二眼野性，第三眼亲和
PS00579,神秘,聪慧,病弱,神秘、聪慧、病弱,神秘→收紧动作幅度与表情；聪慧→锐利眼型；病弱→层叠结构,第一眼神秘，第二眼聪慧，第三眼病弱
PS00580,坚毅,温润,病弱,坚毅、温润、病弱,坚毅→收紧动作幅度与表情；温润→材质温润；病弱→反差配色,第一眼坚毅，第二眼温润，第三眼病弱
PS00581,市井,病弱,天真,市井、病弱、天真,市井→收紧动作幅度与表情；病弱→结构不对称；天真→反差配色,第一眼市井，第二眼病弱，第三眼天真
PS00582,神秘,聪慧,明亮,神秘、聪慧、明亮,神秘→收紧动作幅度与表情；聪慧→强烈轮廓；明亮→反差配色,第一眼神秘，第二眼聪慧，第三眼明亮
PS00583,明亮,病弱,清冷,明亮、病弱、清冷,明亮→收紧动作幅度与表情；病弱→非人平静；清冷→层叠结构,第一眼明亮，第二眼病弱，第三眼清冷
PS00584,柔软,坦然,神性,柔软、坦然、神性,柔软→收紧动作幅度与表情；坦然→锐利眼型；神性→层叠结构,第一眼柔软，第二眼坦然，第三眼神性
PS00585,温雅,散漫,疯狂,温雅、散漫、疯狂,温雅→收紧动作幅度与表情；散漫→材质温润；疯狂→破损细节,第一眼温雅，第二眼散漫，第三眼疯狂
PS00586,直率,清冷,妖异,直率、清冷、妖异,直率→收紧动作幅度与表情；清冷→材质温润；妖异→反差配色,第一眼直率，第二眼清冷，第三眼妖异
PS00587,张扬,散漫,直率,张扬、散漫、直率,张扬→收紧动作幅度与表情；散漫→强烈轮廓；直率→破损细节,第一眼张扬，第二眼散漫，第三眼直率
PS00588,亲和,强健,妖异,亲和、强健、妖异,亲和→收紧动作幅度与表情；强健→锐利眼型；妖异→层叠结构,第一眼亲和，第二眼强健，第三眼妖异
PS00589,隐忍,狠戾,病弱,隐忍、狠戾、病弱,隐忍→收紧动作幅度与表情；狠戾→放松眼尾/嘴角；病弱→反差配色,第一眼隐忍，第二眼狠戾，第三眼病弱
PS00590,强健,慵懒,张扬,强健、慵懒、张扬,强健→收紧动作幅度与表情；慵懒→锐利眼型；张扬→层叠结构,第一眼强健，第二眼慵懒，第三眼张扬
PS00591,克己,神性,散漫,克己、神性、散漫,克己→收紧动作幅度与表情；神性→稳定眼神；散漫→高洁材质,第一眼克己，第二眼神性，第三眼散漫
PS00592,疏离,明亮,慵懒,疏离、明亮、慵懒,疏离→收紧动作幅度与表情；明亮→稳定眼神；慵懒→反差配色,第一眼疏离，第二眼明亮，第三眼慵懒
PS00593,从容,沧桑,聪慧,从容、沧桑、聪慧,从容→收紧动作幅度与表情；沧桑→结构不对称；聪慧→反差配色,第一眼从容，第二眼沧桑，第三眼聪慧
PS00594,阴郁,危险,疏离,阴郁、危险、疏离,阴郁→收紧动作幅度与表情；危险→材质温润；疏离→反差配色,第一眼阴郁，第二眼危险，第三眼疏离
PS00595,沧桑,天真,局促,沧桑、天真、局促,沧桑→收紧动作幅度与表情；天真→非人平静；局促→破损细节,第一眼沧桑，第二眼天真，第三眼局促
PS00596,狠戾,天真,冷酷,狠戾、天真、冷酷,狠戾→收紧动作幅度与表情；天真→稳定眼神；冷酷→反差配色,第一眼狠戾，第二眼天真，第三眼冷酷
PS00597,从容,神秘,疯狂,从容、神秘、疯狂,从容→收紧动作幅度与表情；神秘→结构不对称；疯狂→破损细节,第一眼从容，第二眼神秘，第三眼疯狂
PS00598,强健,病弱,坦然,强健、病弱、坦然,强健→收紧动作幅度与表情；病弱→稳定眼神；坦然→高洁材质,第一眼强健，第二眼病弱，第三眼坦然
PS00599,虔诚,慵懒,警觉,虔诚、慵懒、警觉,虔诚→收紧动作幅度与表情；慵懒→锐利眼型；警觉→高洁材质,第一眼虔诚，第二眼慵懒，第三眼警觉
PS00600,张扬,柔软,天真,张扬、柔软、天真,张扬→收紧动作幅度与表情；柔软→稳定眼神；天真→简洁剪影,第一眼张扬，第二眼柔软，第三眼天真
PS00601,沧桑,强健,躁动,沧桑、强健、躁动,沧桑→收紧动作幅度与表情；强健→非人平静；躁动→反差配色,第一眼沧桑，第二眼强健，第三眼躁动
PS00602,温润,凌厉,隐忍,温润、凌厉、隐忍,温润→收紧动作幅度与表情；凌厉→强烈轮廓；隐忍→高洁材质,第一眼温润，第二眼凌厉，第三眼隐忍
PS00603,沉静,暴烈,坚毅,沉静、暴烈、坚毅,沉静→收紧动作幅度与表情；暴烈→结构不对称；坚毅→层叠结构,第一眼沉静，第二眼暴烈，第三眼坚毅
PS00604,隐忍,从容,野性,隐忍、从容、野性,隐忍→收紧动作幅度与表情；从容→非人平静；野性→高洁材质,第一眼隐忍，第二眼从容，第三眼野性
PS00605,疏离,执拗,温润,疏离、执拗、温润,疏离→收紧动作幅度与表情；执拗→结构不对称；温润→简洁剪影,第一眼疏离，第二眼执拗，第三眼温润
PS00606,警觉,通透,凌厉,警觉、通透、凌厉,警觉→收紧动作幅度与表情；通透→材质温润；凌厉→反差配色,第一眼警觉，第二眼通透，第三眼凌厉
PS00607,局促,通透,警觉,局促、通透、警觉,局促→收紧动作幅度与表情；通透→锐利眼型；警觉→高洁材质,第一眼局促，第二眼通透，第三眼警觉
PS00608,隐忍,直率,沉静,隐忍、直率、沉静,隐忍→收紧动作幅度与表情；直率→放松眼尾/嘴角；沉静→反差配色,第一眼隐忍，第二眼直率，第三眼沉静
PS00609,凌厉,克制,慵懒,凌厉、克制、慵懒,凌厉→收紧动作幅度与表情；克制→结构不对称；慵懒→层叠结构,第一眼凌厉，第二眼克制，第三眼慵懒
PS00610,市井,从容,散漫,市井、从容、散漫,市井→收紧动作幅度与表情；从容→强烈轮廓；散漫→反差配色,第一眼市井，第二眼从容，第三眼散漫
PS00611,隐忍,疏离,温雅,隐忍、疏离、温雅,隐忍→收紧动作幅度与表情；疏离→结构不对称；温雅→层叠结构,第一眼隐忍，第二眼疏离，第三眼温雅
PS00612,沧桑,阴郁,冷酷,沧桑、阴郁、冷酷,沧桑→收紧动作幅度与表情；阴郁→稳定眼神；冷酷→层叠结构,第一眼沧桑，第二眼阴郁，第三眼冷酷
PS00613,叛逆,躁动,沧桑,叛逆、躁动、沧桑,叛逆→收紧动作幅度与表情；躁动→材质温润；沧桑→反差配色,第一眼叛逆，第二眼躁动，第三眼沧桑
PS00614,神性,明亮,温柔,神性、明亮、温柔,神性→收紧动作幅度与表情；明亮→放松眼尾/嘴角；温柔→简洁剪影,第一眼神性，第二眼明亮，第三眼温柔
PS00615,坚毅,温润,狠戾,坚毅、温润、狠戾,坚毅→收紧动作幅度与表情；温润→结构不对称；狠戾→反差配色,第一眼坚毅，第二眼温润，第三眼狠戾
PS00616,柔软,散漫,克己,柔软、散漫、克己,柔软→收紧动作幅度与表情；散漫→稳定眼神；克己→简洁剪影,第一眼柔软，第二眼散漫，第三眼克己
PS00617,悲悯,聪慧,温柔,悲悯、聪慧、温柔,悲悯→收紧动作幅度与表情；聪慧→强烈轮廓；温柔→反差配色,第一眼悲悯，第二眼聪慧，第三眼温柔
PS00618,沉静,温柔,执拗,沉静、温柔、执拗,沉静→收紧动作幅度与表情；温柔→锐利眼型；执拗→反差配色,第一眼沉静，第二眼温柔，第三眼执拗
PS00619,局促,温柔,警觉,局促、温柔、警觉,局促→收紧动作幅度与表情；温柔→稳定眼神；警觉→破损细节,第一眼局促，第二眼温柔，第三眼警觉
PS00620,散漫,天真,神性,散漫、天真、神性,散漫→收紧动作幅度与表情；天真→材质温润；神性→简洁剪影,第一眼散漫，第二眼天真，第三眼神性
PS00621,沉静,危险,阴郁,沉静、危险、阴郁,沉静→收紧动作幅度与表情；危险→强烈轮廓；阴郁→反差配色,第一眼沉静，第二眼危险，第三眼阴郁
PS00622,沧桑,从容,暴烈,沧桑、从容、暴烈,沧桑→收紧动作幅度与表情；从容→稳定眼神；暴烈→反差配色,第一眼沧桑，第二眼从容，第三眼暴烈
PS00623,坚毅,隐忍,高贵,坚毅、隐忍、高贵,坚毅→收紧动作幅度与表情；隐忍→材质温润；高贵→反差配色,第一眼坚毅，第二眼隐忍，第三眼高贵
PS00624,叛逆,高贵,警觉,叛逆、高贵、警觉,叛逆→收紧动作幅度与表情；高贵→稳定眼神；警觉→简洁剪影,第一眼叛逆，第二眼高贵，第三眼警觉
PS00625,神秘,沧桑,张扬,神秘、沧桑、张扬,神秘→收紧动作幅度与表情；沧桑→非人平静；张扬→高洁材质,第一眼神秘，第二眼沧桑，第三眼张扬
PS00626,神秘,疯狂,冷酷,神秘、疯狂、冷酷,神秘→收紧动作幅度与表情；疯狂→材质温润；冷酷→高洁材质,第一眼神秘，第二眼疯狂，第三眼冷酷
PS00627,市井,亲和,聪慧,市井、亲和、聪慧,市井→收紧动作幅度与表情；亲和→材质温润；聪慧→简洁剪影,第一眼市井，第二眼亲和，第三眼聪慧
PS00628,神秘,局促,病弱,神秘、局促、病弱,神秘→收紧动作幅度与表情；局促→材质温润；病弱→层叠结构,第一眼神秘，第二眼局促，第三眼病弱
PS00629,慵懒,警觉,放纵,慵懒、警觉、放纵,慵懒→收紧动作幅度与表情；警觉→放松眼尾/嘴角；放纵→破损细节,第一眼慵懒，第二眼警觉，第三眼放纵
PS00630,阴郁,叛逆,悲悯,阴郁、叛逆、悲悯,阴郁→收紧动作幅度与表情；叛逆→放松眼尾/嘴角；悲悯→高洁材质,第一眼阴郁，第二眼叛逆，第三眼悲悯
PS00631,躁动,冷酷,可靠,躁动、冷酷、可靠,躁动→收紧动作幅度与表情；冷酷→材质温润；可靠→层叠结构,第一眼躁动，第二眼冷酷，第三眼可靠
PS00632,沉静,高贵,暴烈,沉静、高贵、暴烈,沉静→收紧动作幅度与表情；高贵→稳定眼神；暴烈→破损细节,第一眼沉静，第二眼高贵，第三眼暴烈
PS00633,躁动,沧桑,高贵,躁动、沧桑、高贵,躁动→收紧动作幅度与表情；沧桑→锐利眼型；高贵→层叠结构,第一眼躁动，第二眼沧桑，第三眼高贵
PS00634,坦然,叛逆,温柔,坦然、叛逆、温柔,坦然→收紧动作幅度与表情；叛逆→强烈轮廓；温柔→简洁剪影,第一眼坦然，第二眼叛逆，第三眼温柔
PS00635,警觉,执拗,疏离,警觉、执拗、疏离,警觉→收紧动作幅度与表情；执拗→材质温润；疏离→简洁剪影,第一眼警觉，第二眼执拗，第三眼疏离
PS00636,放纵,野性,沧桑,放纵、野性、沧桑,放纵→收紧动作幅度与表情；野性→材质温润；沧桑→简洁剪影,第一眼放纵，第二眼野性，第三眼沧桑
PS00637,叛逆,野性,隐忍,叛逆、野性、隐忍,叛逆→收紧动作幅度与表情；野性→稳定眼神；隐忍→层叠结构,第一眼叛逆，第二眼野性，第三眼隐忍
PS00638,疯狂,狠戾,可靠,疯狂、狠戾、可靠,疯狂→收紧动作幅度与表情；狠戾→锐利眼型；可靠→高洁材质,第一眼疯狂，第二眼狠戾，第三眼可靠
PS00639,直率,悲悯,局促,直率、悲悯、局促,直率→收紧动作幅度与表情；悲悯→强烈轮廓；局促→高洁材质,第一眼直率，第二眼悲悯，第三眼局促
PS00640,散漫,悲悯,从容,散漫、悲悯、从容,散漫→收紧动作幅度与表情；悲悯→放松眼尾/嘴角；从容→层叠结构,第一眼散漫，第二眼悲悯，第三眼从容
PS00641,克制,明亮,温润,克制、明亮、温润,克制→收紧动作幅度与表情；明亮→强烈轮廓；温润→简洁剪影,第一眼克制，第二眼明亮，第三眼温润
PS00642,躁动,暴烈,危险,躁动、暴烈、危险,躁动→收紧动作幅度与表情；暴烈→材质温润；危险→反差配色,第一眼躁动，第二眼暴烈，第三眼危险
PS00643,天真,阴郁,沧桑,天真、阴郁、沧桑,天真→收紧动作幅度与表情；阴郁→结构不对称；沧桑→反差配色,第一眼天真，第二眼阴郁，第三眼沧桑
PS00644,通透,沉稳,坦然,通透、沉稳、坦然,通透→收紧动作幅度与表情；沉稳→非人平静；坦然→层叠结构,第一眼通透，第二眼沉稳，第三眼坦然
PS00645,隐忍,柔软,沧桑,隐忍、柔软、沧桑,隐忍→收紧动作幅度与表情；柔软→材质温润；沧桑→简洁剪影,第一眼隐忍，第二眼柔软，第三眼沧桑
PS00646,狠戾,阴郁,暴烈,狠戾、阴郁、暴烈,狠戾→收紧动作幅度与表情；阴郁→强烈轮廓；暴烈→反差配色,第一眼狠戾，第二眼阴郁，第三眼暴烈
PS00647,躁动,妖异,高贵,躁动、妖异、高贵,躁动→收紧动作幅度与表情；妖异→结构不对称；高贵→层叠结构,第一眼躁动，第二眼妖异，第三眼高贵
PS00648,野性,冷酷,阴郁,野性、冷酷、阴郁,野性→收紧动作幅度与表情；冷酷→非人平静；阴郁→简洁剪影,第一眼野性，第二眼冷酷，第三眼阴郁
PS00649,野性,市井,放纵,野性、市井、放纵,野性→收紧动作幅度与表情；市井→材质温润；放纵→层叠结构,第一眼野性，第二眼市井，第三眼放纵
PS00650,疏离,沉稳,悲悯,疏离、沉稳、悲悯,疏离→收紧动作幅度与表情；沉稳→稳定眼神；悲悯→破损细节,第一眼疏离，第二眼沉稳，第三眼悲悯
PS00651,天真,慵懒,妖异,天真、慵懒、妖异,天真→收紧动作幅度与表情；慵懒→结构不对称；妖异→层叠结构,第一眼天真，第二眼慵懒，第三眼妖异
PS00652,狠戾,明亮,高贵,狠戾、明亮、高贵,狠戾→收紧动作幅度与表情；明亮→强烈轮廓；高贵→简洁剪影,第一眼狠戾，第二眼明亮，第三眼高贵
PS00653,张扬,悲悯,神秘,张扬、悲悯、神秘,张扬→收紧动作幅度与表情；悲悯→结构不对称；神秘→简洁剪影,第一眼张扬，第二眼悲悯，第三眼神秘
PS00654,沧桑,执拗,可靠,沧桑、执拗、可靠,沧桑→收紧动作幅度与表情；执拗→稳定眼神；可靠→破损细节,第一眼沧桑，第二眼执拗，第三眼可靠
PS00655,明亮,疯狂,克己,明亮、疯狂、克己,明亮→收紧动作幅度与表情；疯狂→放松眼尾/嘴角；克己→反差配色,第一眼明亮，第二眼疯狂，第三眼克己
PS00656,从容,局促,温润,从容、局促、温润,从容→收紧动作幅度与表情；局促→锐利眼型；温润→高洁材质,第一眼从容，第二眼局促，第三眼温润
PS00657,温雅,放纵,神性,温雅、放纵、神性,温雅→收紧动作幅度与表情；放纵→结构不对称；神性→破损细节,第一眼温雅，第二眼放纵，第三眼神性
PS00658,天真,执拗,市井,天真、执拗、市井,天真→收紧动作幅度与表情；执拗→锐利眼型；市井→高洁材质,第一眼天真，第二眼执拗，第三眼市井
PS00659,散漫,可靠,温柔,散漫、可靠、温柔,散漫→收紧动作幅度与表情；可靠→放松眼尾/嘴角；温柔→层叠结构,第一眼散漫，第二眼可靠，第三眼温柔
PS00660,狠戾,病弱,亲和,狠戾、病弱、亲和,狠戾→收紧动作幅度与表情；病弱→结构不对称；亲和→反差配色,第一眼狠戾，第二眼病弱，第三眼亲和
PS00661,温润,沉稳,通透,温润、沉稳、通透,温润→收紧动作幅度与表情；沉稳→稳定眼神；通透→层叠结构,第一眼温润，第二眼沉稳，第三眼通透
PS00662,散漫,阴郁,张扬,散漫、阴郁、张扬,散漫→收紧动作幅度与表情；阴郁→放松眼尾/嘴角；张扬→简洁剪影,第一眼散漫，第二眼阴郁，第三眼张扬
PS00663,孤傲,沧桑,虔诚,孤傲、沧桑、虔诚,孤傲→收紧动作幅度与表情；沧桑→材质温润；虔诚→反差配色,第一眼孤傲，第二眼沧桑，第三眼虔诚
PS00664,野性,柔软,从容,野性、柔软、从容,野性→收紧动作幅度与表情；柔软→结构不对称；从容→高洁材质,第一眼野性，第二眼柔软，第三眼从容
PS00665,从容,虔诚,躁动,从容、虔诚、躁动,从容→收紧动作幅度与表情；虔诚→强烈轮廓；躁动→反差配色,第一眼从容，第二眼虔诚，第三眼躁动
PS00666,聪慧,明亮,凌厉,聪慧、明亮、凌厉,聪慧→收紧动作幅度与表情；明亮→材质温润；凌厉→简洁剪影,第一眼聪慧，第二眼明亮，第三眼凌厉
PS00667,明亮,狠戾,叛逆,明亮、狠戾、叛逆,明亮→收紧动作幅度与表情；狠戾→材质温润；叛逆→层叠结构,第一眼明亮，第二眼狠戾，第三眼叛逆
PS00668,危险,疯狂,温柔,危险、疯狂、温柔,危险→收紧动作幅度与表情；疯狂→放松眼尾/嘴角；温柔→层叠结构,第一眼危险，第二眼疯狂，第三眼温柔
PS00669,隐忍,明亮,神性,隐忍、明亮、神性,隐忍→收紧动作幅度与表情；明亮→稳定眼神；神性→层叠结构,第一眼隐忍，第二眼明亮，第三眼神性
PS00670,执拗,局促,疏离,执拗、局促、疏离,执拗→收紧动作幅度与表情；局促→非人平静；疏离→层叠结构,第一眼执拗，第二眼局促，第三眼疏离
PS00671,妖异,亲和,直率,妖异、亲和、直率,妖异→收紧动作幅度与表情；亲和→放松眼尾/嘴角；直率→简洁剪影,第一眼妖异，第二眼亲和，第三眼直率
PS00672,冷酷,虔诚,凌厉,冷酷、虔诚、凌厉,冷酷→收紧动作幅度与表情；虔诚→非人平静；凌厉→高洁材质,第一眼冷酷，第二眼虔诚，第三眼凌厉
PS00673,隐忍,悲悯,局促,隐忍、悲悯、局促,隐忍→收紧动作幅度与表情；悲悯→结构不对称；局促→简洁剪影,第一眼隐忍，第二眼悲悯，第三眼局促
PS00674,隐忍,神性,疯狂,隐忍、神性、疯狂,隐忍→收紧动作幅度与表情；神性→强烈轮廓；疯狂→高洁材质,第一眼隐忍，第二眼神性，第三眼疯狂
PS00675,疯狂,疏离,强健,疯狂、疏离、强健,疯狂→收紧动作幅度与表情；疏离→锐利眼型；强健→高洁材质,第一眼疯狂，第二眼疏离，第三眼强健
PS00676,疯狂,明亮,阴郁,疯狂、明亮、阴郁,疯狂→收紧动作幅度与表情；明亮→结构不对称；阴郁→简洁剪影,第一眼疯狂，第二眼明亮，第三眼阴郁
PS00677,隐忍,温润,局促,隐忍、温润、局促,隐忍→收紧动作幅度与表情；温润→锐利眼型；局促→破损细节,第一眼隐忍，第二眼温润，第三眼局促
PS00678,市井,隐忍,通透,市井、隐忍、通透,市井→收紧动作幅度与表情；隐忍→锐利眼型；通透→高洁材质,第一眼市井，第二眼隐忍，第三眼通透
PS00679,暴烈,慵懒,局促,暴烈、慵懒、局促,暴烈→收紧动作幅度与表情；慵懒→非人平静；局促→简洁剪影,第一眼暴烈，第二眼慵懒，第三眼局促
PS00680,放纵,高贵,散漫,放纵、高贵、散漫,放纵→收紧动作幅度与表情；高贵→结构不对称；散漫→破损细节,第一眼放纵，第二眼高贵，第三眼散漫
PS00681,柔软,阴郁,疯狂,柔软、阴郁、疯狂,柔软→收紧动作幅度与表情；阴郁→锐利眼型；疯狂→简洁剪影,第一眼柔软，第二眼阴郁，第三眼疯狂
PS00682,散漫,凌厉,坦然,散漫、凌厉、坦然,散漫→收紧动作幅度与表情；凌厉→材质温润；坦然→破损细节,第一眼散漫，第二眼凌厉，第三眼坦然
PS00683,执拗,危险,隐忍,执拗、危险、隐忍,执拗→收紧动作幅度与表情；危险→材质温润；隐忍→高洁材质,第一眼执拗，第二眼危险，第三眼隐忍
PS00684,温柔,狠戾,神性,温柔、狠戾、神性,温柔→收紧动作幅度与表情；狠戾→稳定眼神；神性→高洁材质,第一眼温柔，第二眼狠戾，第三眼神性
PS00685,沉静,放纵,凌厉,沉静、放纵、凌厉,沉静→收紧动作幅度与表情；放纵→强烈轮廓；凌厉→高洁材质,第一眼沉静，第二眼放纵，第三眼凌厉
PS00686,慵懒,病弱,冷酷,慵懒、病弱、冷酷,慵懒→收紧动作幅度与表情；病弱→锐利眼型；冷酷→高洁材质,第一眼慵懒，第二眼病弱，第三眼冷酷
PS00687,凌厉,强健,冷酷,凌厉、强健、冷酷,凌厉→收紧动作幅度与表情；强健→稳定眼神；冷酷→破损细节,第一眼凌厉，第二眼强健，第三眼冷酷
PS00688,孤傲,狠戾,可靠,孤傲、狠戾、可靠,孤傲→收紧动作幅度与表情；狠戾→稳定眼神；可靠→反差配色,第一眼孤傲，第二眼狠戾，第三眼可靠
PS00689,从容,温润,温柔,从容、温润、温柔,从容→收紧动作幅度与表情；温润→强烈轮廓；温柔→层叠结构,第一眼从容，第二眼温润，第三眼温柔
PS00690,危险,暴烈,市井,危险、暴烈、市井,危险→收紧动作幅度与表情；暴烈→放松眼尾/嘴角；市井→层叠结构,第一眼危险，第二眼暴烈，第三眼市井
PS00691,慵懒,疏离,克制,慵懒、疏离、克制,慵懒→收紧动作幅度与表情；疏离→稳定眼神；克制→简洁剪影,第一眼慵懒，第二眼疏离，第三眼克制
PS00692,暴烈,慵懒,神性,暴烈、慵懒、神性,暴烈→收紧动作幅度与表情；慵懒→锐利眼型；神性→反差配色,第一眼暴烈，第二眼慵懒，第三眼神性
PS00693,克己,沉稳,温柔,克己、沉稳、温柔,克己→收紧动作幅度与表情；沉稳→锐利眼型；温柔→高洁材质,第一眼克己，第二眼沉稳，第三眼温柔
PS00694,妖异,克制,冷酷,妖异、克制、冷酷,妖异→收紧动作幅度与表情；克制→稳定眼神；冷酷→层叠结构,第一眼妖异，第二眼克制，第三眼冷酷
PS00695,局促,柔软,聪慧,局促、柔软、聪慧,局促→收紧动作幅度与表情；柔软→非人平静；聪慧→破损细节,第一眼局促，第二眼柔软，第三眼聪慧
PS00696,温柔,狠戾,柔软,温柔、狠戾、柔软,温柔→收紧动作幅度与表情；狠戾→锐利眼型；柔软→简洁剪影,第一眼温柔，第二眼狠戾，第三眼柔软
PS00697,慵懒,直率,妖异,慵懒、直率、妖异,慵懒→收紧动作幅度与表情；直率→材质温润；妖异→简洁剪影,第一眼慵懒，第二眼直率，第三眼妖异
PS00698,强健,明亮,坚毅,强健、明亮、坚毅,强健→收紧动作幅度与表情；明亮→放松眼尾/嘴角；坚毅→反差配色,第一眼强健，第二眼明亮，第三眼坚毅
PS00699,隐忍,慵懒,沉稳,隐忍、慵懒、沉稳,隐忍→收紧动作幅度与表情；慵懒→稳定眼神；沉稳→层叠结构,第一眼隐忍，第二眼慵懒，第三眼沉稳
PS00700,疯狂,神秘,疏离,疯狂、神秘、疏离,疯狂→收紧动作幅度与表情；神秘→放松眼尾/嘴角；疏离→破损细节,第一眼疯狂，第二眼神秘，第三眼疏离
PS00701,坦然,疯狂,克制,坦然、疯狂、克制,坦然→收紧动作幅度与表情；疯狂→锐利眼型；克制→反差配色,第一眼坦然，第二眼疯狂，第三眼克制
PS00702,强健,隐忍,放纵,强健、隐忍、放纵,强健→收紧动作幅度与表情；隐忍→非人平静；放纵→破损细节,第一眼强健，第二眼隐忍，第三眼放纵
PS00703,隐忍,强健,通透,隐忍、强健、通透,隐忍→收紧动作幅度与表情；强健→锐利眼型；通透→破损细节,第一眼隐忍，第二眼强健，第三眼通透
PS00704,虔诚,局促,神性,虔诚、局促、神性,虔诚→收紧动作幅度与表情；局促→稳定眼神；神性→反差配色,第一眼虔诚，第二眼局促，第三眼神性
PS00705,躁动,天真,危险,躁动、天真、危险,躁动→收紧动作幅度与表情；天真→材质温润；危险→破损细节,第一眼躁动，第二眼天真，第三眼危险
PS00706,温雅,神性,直率,温雅、神性、直率,温雅→收紧动作幅度与表情；神性→强烈轮廓；直率→高洁材质,第一眼温雅，第二眼神性，第三眼直率
PS00707,虔诚,隐忍,柔软,虔诚、隐忍、柔软,虔诚→收紧动作幅度与表情；隐忍→稳定眼神；柔软→简洁剪影,第一眼虔诚，第二眼隐忍，第三眼柔软
PS00708,明亮,警觉,坚毅,明亮、警觉、坚毅,明亮→收紧动作幅度与表情；警觉→结构不对称；坚毅→高洁材质,第一眼明亮，第二眼警觉，第三眼坚毅
PS00709,局促,放纵,暴烈,局促、放纵、暴烈,局促→收紧动作幅度与表情；放纵→强烈轮廓；暴烈→高洁材质,第一眼局促，第二眼放纵，第三眼暴烈
PS00710,散漫,柔软,从容,散漫、柔软、从容,散漫→收紧动作幅度与表情；柔软→结构不对称；从容→层叠结构,第一眼散漫，第二眼柔软，第三眼从容
PS00711,慵懒,通透,聪慧,慵懒、通透、聪慧,慵懒→收紧动作幅度与表情；通透→材质温润；聪慧→层叠结构,第一眼慵懒，第二眼通透，第三眼聪慧
PS00712,狠戾,执拗,克制,狠戾、执拗、克制,狠戾→收紧动作幅度与表情；执拗→稳定眼神；克制→简洁剪影,第一眼狠戾，第二眼执拗，第三眼克制
PS00713,沉静,神秘,孤傲,沉静、神秘、孤傲,沉静→收紧动作幅度与表情；神秘→放松眼尾/嘴角；孤傲→破损细节,第一眼沉静，第二眼神秘，第三眼孤傲
PS00714,躁动,散漫,慵懒,躁动、散漫、慵懒,躁动→收紧动作幅度与表情；散漫→非人平静；慵懒→层叠结构,第一眼躁动，第二眼散漫，第三眼慵懒
PS00715,悲悯,沉稳,执拗,悲悯、沉稳、执拗,悲悯→收紧动作幅度与表情；沉稳→强烈轮廓；执拗→反差配色,第一眼悲悯，第二眼沉稳，第三眼执拗
PS00716,聪慧,坚毅,克制,聪慧、坚毅、克制,聪慧→收紧动作幅度与表情；坚毅→强烈轮廓；克制→层叠结构,第一眼聪慧，第二眼坚毅，第三眼克制
PS00717,放纵,野性,柔软,放纵、野性、柔软,放纵→收紧动作幅度与表情；野性→结构不对称；柔软→反差配色,第一眼放纵，第二眼野性，第三眼柔软
PS00718,放纵,沉静,从容,放纵、沉静、从容,放纵→收紧动作幅度与表情；沉静→材质温润；从容→破损细节,第一眼放纵，第二眼沉静，第三眼从容
PS00719,亲和,疯狂,病弱,亲和、疯狂、病弱,亲和→收紧动作幅度与表情；疯狂→结构不对称；病弱→高洁材质,第一眼亲和，第二眼疯狂，第三眼病弱
PS00720,亲和,悲悯,强健,亲和、悲悯、强健,亲和→收紧动作幅度与表情；悲悯→放松眼尾/嘴角；强健→简洁剪影,第一眼亲和，第二眼悲悯，第三眼强健
PS00721,警觉,悲悯,坚毅,警觉、悲悯、坚毅,警觉→收紧动作幅度与表情；悲悯→放松眼尾/嘴角；坚毅→高洁材质,第一眼警觉，第二眼悲悯，第三眼坚毅
PS00722,温雅,可靠,警觉,温雅、可靠、警觉,温雅→收紧动作幅度与表情；可靠→结构不对称；警觉→破损细节,第一眼温雅，第二眼可靠，第三眼警觉
PS00723,野性,暴烈,妖异,野性、暴烈、妖异,野性→收紧动作幅度与表情；暴烈→结构不对称；妖异→简洁剪影,第一眼野性，第二眼暴烈，第三眼妖异
PS00724,坦然,通透,张扬,坦然、通透、张扬,坦然→收紧动作幅度与表情；通透→强烈轮廓；张扬→高洁材质,第一眼坦然，第二眼通透，第三眼张扬
PS00725,疏离,散漫,天真,疏离、散漫、天真,疏离→收紧动作幅度与表情；散漫→结构不对称；天真→层叠结构,第一眼疏离，第二眼散漫，第三眼天真
PS00726,神秘,野性,神性,神秘、野性、神性,神秘→收紧动作幅度与表情；野性→强烈轮廓；神性→层叠结构,第一眼神秘，第二眼野性，第三眼神性
PS00727,从容,病弱,清冷,从容、病弱、清冷,从容→收紧动作幅度与表情；病弱→强烈轮廓；清冷→高洁材质,第一眼从容，第二眼病弱，第三眼清冷
PS00728,执拗,沉稳,妖异,执拗、沉稳、妖异,执拗→收紧动作幅度与表情；沉稳→材质温润；妖异→高洁材质,第一眼执拗，第二眼沉稳，第三眼妖异
PS00729,凌厉,坚毅,通透,凌厉、坚毅、通透,凌厉→收紧动作幅度与表情；坚毅→结构不对称；通透→反差配色,第一眼凌厉，第二眼坚毅，第三眼通透
PS00730,阴郁,柔软,坦然,阴郁、柔软、坦然,阴郁→收紧动作幅度与表情；柔软→锐利眼型；坦然→高洁材质,第一眼阴郁，第二眼柔软，第三眼坦然
PS00731,暴烈,通透,清冷,暴烈、通透、清冷,暴烈→收紧动作幅度与表情；通透→锐利眼型；清冷→反差配色,第一眼暴烈，第二眼通透，第三眼清冷
PS00732,天真,高贵,狠戾,天真、高贵、狠戾,天真→收紧动作幅度与表情；高贵→非人平静；狠戾→高洁材质,第一眼天真，第二眼高贵，第三眼狠戾
PS00733,阴郁,温柔,躁动,阴郁、温柔、躁动,阴郁→收紧动作幅度与表情；温柔→材质温润；躁动→层叠结构,第一眼阴郁，第二眼温柔，第三眼躁动
PS00734,警觉,执拗,明亮,警觉、执拗、明亮,警觉→收紧动作幅度与表情；执拗→强烈轮廓；明亮→简洁剪影,第一眼警觉，第二眼执拗，第三眼明亮
PS00735,叛逆,高贵,躁动,叛逆、高贵、躁动,叛逆→收紧动作幅度与表情；高贵→结构不对称；躁动→层叠结构,第一眼叛逆，第二眼高贵，第三眼躁动
PS00736,克制,明亮,危险,克制、明亮、危险,克制→收紧动作幅度与表情；明亮→放松眼尾/嘴角；危险→反差配色,第一眼克制，第二眼明亮，第三眼危险
PS00737,凌厉,沉稳,温润,凌厉、沉稳、温润,凌厉→收紧动作幅度与表情；沉稳→锐利眼型；温润→高洁材质,第一眼凌厉，第二眼沉稳，第三眼温润
PS00738,危险,张扬,亲和,危险、张扬、亲和,危险→收紧动作幅度与表情；张扬→稳定眼神；亲和→层叠结构,第一眼危险，第二眼张扬，第三眼亲和
PS00739,孤傲,温润,神秘,孤傲、温润、神秘,孤傲→收紧动作幅度与表情；温润→放松眼尾/嘴角；神秘→层叠结构,第一眼孤傲，第二眼温润，第三眼神秘
PS00740,明亮,放纵,执拗,明亮、放纵、执拗,明亮→收紧动作幅度与表情；放纵→非人平静；执拗→反差配色,第一眼明亮，第二眼放纵，第三眼执拗
PS00741,疯狂,虔诚,危险,疯狂、虔诚、危险,疯狂→收紧动作幅度与表情；虔诚→强烈轮廓；危险→简洁剪影,第一眼疯狂，第二眼虔诚，第三眼危险
PS00742,坚毅,躁动,隐忍,坚毅、躁动、隐忍,坚毅→收紧动作幅度与表情；躁动→材质温润；隐忍→简洁剪影,第一眼坚毅，第二眼躁动，第三眼隐忍
PS00743,坚毅,温雅,张扬,坚毅、温雅、张扬,坚毅→收紧动作幅度与表情；温雅→锐利眼型；张扬→简洁剪影,第一眼坚毅，第二眼温雅，第三眼张扬
PS00744,亲和,警觉,市井,亲和、警觉、市井,亲和→收紧动作幅度与表情；警觉→材质温润；市井→破损细节,第一眼亲和，第二眼警觉，第三眼市井
PS00745,温润,克制,张扬,温润、克制、张扬,温润→收紧动作幅度与表情；克制→稳定眼神；张扬→简洁剪影,第一眼温润，第二眼克制，第三眼张扬
PS00746,沉稳,聪慧,隐忍,沉稳、聪慧、隐忍,沉稳→收紧动作幅度与表情；聪慧→放松眼尾/嘴角；隐忍→简洁剪影,第一眼沉稳，第二眼聪慧，第三眼隐忍
PS00747,强健,沉静,神秘,强健、沉静、神秘,强健→收紧动作幅度与表情；沉静→稳定眼神；神秘→层叠结构,第一眼强健，第二眼沉静，第三眼神秘
PS00748,凌厉,沉稳,隐忍,凌厉、沉稳、隐忍,凌厉→收紧动作幅度与表情；沉稳→锐利眼型；隐忍→层叠结构,第一眼凌厉，第二眼沉稳，第三眼隐忍
PS00749,神性,强健,亲和,神性、强健、亲和,神性→收紧动作幅度与表情；强健→结构不对称；亲和→简洁剪影,第一眼神性，第二眼强健，第三眼亲和
PS00750,凌厉,沉静,直率,凌厉、沉静、直率,凌厉→收紧动作幅度与表情；沉静→结构不对称；直率→简洁剪影,第一眼凌厉，第二眼沉静，第三眼直率
PS00751,克制,放纵,通透,克制、放纵、通透,克制→收紧动作幅度与表情；放纵→稳定眼神；通透→反差配色,第一眼克制，第二眼放纵，第三眼通透
PS00752,疯狂,坚毅,凌厉,疯狂、坚毅、凌厉,疯狂→收紧动作幅度与表情；坚毅→锐利眼型；凌厉→反差配色,第一眼疯狂，第二眼坚毅，第三眼凌厉
PS00753,慵懒,天真,虔诚,慵懒、天真、虔诚,慵懒→收紧动作幅度与表情；天真→稳定眼神；虔诚→反差配色,第一眼慵懒，第二眼天真，第三眼虔诚
PS00754,病弱,暴烈,温雅,病弱、暴烈、温雅,病弱→收紧动作幅度与表情；暴烈→锐利眼型；温雅→简洁剪影,第一眼病弱，第二眼暴烈，第三眼温雅
PS00755,悲悯,从容,隐忍,悲悯、从容、隐忍,悲悯→收紧动作幅度与表情；从容→非人平静；隐忍→层叠结构,第一眼悲悯，第二眼从容，第三眼隐忍
PS00756,散漫,克己,温润,散漫、克己、温润,散漫→收紧动作幅度与表情；克己→强烈轮廓；温润→层叠结构,第一眼散漫，第二眼克己，第三眼温润
PS00757,直率,慵懒,亲和,直率、慵懒、亲和,直率→收紧动作幅度与表情；慵懒→放松眼尾/嘴角；亲和→层叠结构,第一眼直率，第二眼慵懒，第三眼亲和
PS00758,天真,明亮,清冷,天真、明亮、清冷,天真→收紧动作幅度与表情；明亮→锐利眼型；清冷→层叠结构,第一眼天真，第二眼明亮，第三眼清冷
PS00759,聪慧,明亮,阴郁,聪慧、明亮、阴郁,聪慧→收紧动作幅度与表情；明亮→强烈轮廓；阴郁→简洁剪影,第一眼聪慧，第二眼明亮，第三眼阴郁
PS00760,悲悯,野性,警觉,悲悯、野性、警觉,悲悯→收紧动作幅度与表情；野性→强烈轮廓；警觉→高洁材质,第一眼悲悯，第二眼野性，第三眼警觉
PS00761,散漫,柔软,阴郁,散漫、柔软、阴郁,散漫→收紧动作幅度与表情；柔软→材质温润；阴郁→反差配色,第一眼散漫，第二眼柔软，第三眼阴郁
PS00762,冷酷,阴郁,直率,冷酷、阴郁、直率,冷酷→收紧动作幅度与表情；阴郁→放松眼尾/嘴角；直率→高洁材质,第一眼冷酷，第二眼阴郁，第三眼直率
PS00763,市井,神性,克制,市井、神性、克制,市井→收紧动作幅度与表情；神性→材质温润；克制→破损细节,第一眼市井，第二眼神性，第三眼克制
PS00764,明亮,阴郁,神秘,明亮、阴郁、神秘,明亮→收紧动作幅度与表情；阴郁→结构不对称；神秘→层叠结构,第一眼明亮，第二眼阴郁，第三眼神秘
PS00765,通透,神性,强健,通透、神性、强健,通透→收紧动作幅度与表情；神性→锐利眼型；强健→高洁材质,第一眼通透，第二眼神性，第三眼强健
PS00766,坚毅,清冷,放纵,坚毅、清冷、放纵,坚毅→收紧动作幅度与表情；清冷→放松眼尾/嘴角；放纵→高洁材质,第一眼坚毅，第二眼清冷，第三眼放纵
PS00767,高贵,疏离,可靠,高贵、疏离、可靠,高贵→收紧动作幅度与表情；疏离→结构不对称；可靠→层叠结构,第一眼高贵，第二眼疏离，第三眼可靠
PS00768,亲和,放纵,温柔,亲和、放纵、温柔,亲和→收紧动作幅度与表情；放纵→材质温润；温柔→破损细节,第一眼亲和，第二眼放纵，第三眼温柔
PS00769,妖异,孤傲,神秘,妖异、孤傲、神秘,妖异→收紧动作幅度与表情；孤傲→结构不对称；神秘→层叠结构,第一眼妖异，第二眼孤傲，第三眼神秘
PS00770,凌厉,神秘,直率,凌厉、神秘、直率,凌厉→收紧动作幅度与表情；神秘→结构不对称；直率→破损细节,第一眼凌厉，第二眼神秘，第三眼直率
PS00771,温雅,神秘,通透,温雅、神秘、通透,温雅→收紧动作幅度与表情；神秘→稳定眼神；通透→破损细节,第一眼温雅，第二眼神秘，第三眼通透
PS00772,虔诚,温柔,散漫,虔诚、温柔、散漫,虔诚→收紧动作幅度与表情；温柔→非人平静；散漫→层叠结构,第一眼虔诚，第二眼温柔，第三眼散漫
PS00773,执拗,散漫,可靠,执拗、散漫、可靠,执拗→收紧动作幅度与表情；散漫→材质温润；可靠→层叠结构,第一眼执拗，第二眼散漫，第三眼可靠
PS00774,阴郁,温雅,执拗,阴郁、温雅、执拗,阴郁→收紧动作幅度与表情；温雅→稳定眼神；执拗→层叠结构,第一眼阴郁，第二眼温雅，第三眼执拗
PS00775,神秘,直率,沧桑,神秘、直率、沧桑,神秘→收紧动作幅度与表情；直率→放松眼尾/嘴角；沧桑→层叠结构,第一眼神秘，第二眼直率，第三眼沧桑
PS00776,局促,叛逆,妖异,局促、叛逆、妖异,局促→收紧动作幅度与表情；叛逆→稳定眼神；妖异→破损细节,第一眼局促，第二眼叛逆，第三眼妖异
PS00777,清冷,局促,隐忍,清冷、局促、隐忍,清冷→收紧动作幅度与表情；局促→非人平静；隐忍→简洁剪影,第一眼清冷，第二眼局促，第三眼隐忍
PS00778,沉稳,疯狂,直率,沉稳、疯狂、直率,沉稳→收紧动作幅度与表情；疯狂→非人平静；直率→破损细节,第一眼沉稳，第二眼疯狂，第三眼直率
PS00779,神性,强健,病弱,神性、强健、病弱,神性→收紧动作幅度与表情；强健→稳定眼神；病弱→反差配色,第一眼神性，第二眼强健，第三眼病弱
PS00780,神秘,阴郁,狠戾,神秘、阴郁、狠戾,神秘→收紧动作幅度与表情；阴郁→材质温润；狠戾→层叠结构,第一眼神秘，第二眼阴郁，第三眼狠戾
PS00781,冷酷,聪慧,市井,冷酷、聪慧、市井,冷酷→收紧动作幅度与表情；聪慧→材质温润；市井→破损细节,第一眼冷酷，第二眼聪慧，第三眼市井
PS00782,聪慧,张扬,坦然,聪慧、张扬、坦然,聪慧→收紧动作幅度与表情；张扬→放松眼尾/嘴角；坦然→高洁材质,第一眼聪慧，第二眼张扬，第三眼坦然
PS00783,通透,坦然,坚毅,通透、坦然、坚毅,通透→收紧动作幅度与表情；坦然→稳定眼神；坚毅→高洁材质,第一眼通透，第二眼坦然，第三眼坚毅
PS00784,疯狂,隐忍,疏离,疯狂、隐忍、疏离,疯狂→收紧动作幅度与表情；隐忍→材质温润；疏离→反差配色,第一眼疯狂，第二眼隐忍，第三眼疏离
PS00785,温柔,沉稳,市井,温柔、沉稳、市井,温柔→收紧动作幅度与表情；沉稳→稳定眼神；市井→破损细节,第一眼温柔，第二眼沉稳，第三眼市井
PS00786,可靠,警觉,执拗,可靠、警觉、执拗,可靠→收紧动作幅度与表情；警觉→结构不对称；执拗→层叠结构,第一眼可靠，第二眼警觉，第三眼执拗
PS00787,温雅,野性,神秘,温雅、野性、神秘,温雅→收紧动作幅度与表情；野性→稳定眼神；神秘→简洁剪影,第一眼温雅，第二眼野性，第三眼神秘
PS00788,叛逆,温柔,执拗,叛逆、温柔、执拗,叛逆→收紧动作幅度与表情；温柔→非人平静；执拗→反差配色,第一眼叛逆，第二眼温柔，第三眼执拗
PS00789,狠戾,神秘,亲和,狠戾、神秘、亲和,狠戾→收紧动作幅度与表情；神秘→稳定眼神；亲和→反差配色,第一眼狠戾，第二眼神秘，第三眼亲和
PS00790,神秘,孤傲,妖异,神秘、孤傲、妖异,神秘→收紧动作幅度与表情；孤傲→结构不对称；妖异→简洁剪影,第一眼神秘，第二眼孤傲，第三眼妖异
PS00791,暴烈,沉稳,高贵,暴烈、沉稳、高贵,暴烈→收紧动作幅度与表情；沉稳→强烈轮廓；高贵→简洁剪影,第一眼暴烈，第二眼沉稳，第三眼高贵
PS00792,坦然,坚毅,放纵,坦然、坚毅、放纵,坦然→收紧动作幅度与表情；坚毅→结构不对称；放纵→破损细节,第一眼坦然，第二眼坚毅，第三眼放纵
PS00793,疯狂,市井,局促,疯狂、市井、局促,疯狂→收紧动作幅度与表情；市井→非人平静；局促→高洁材质,第一眼疯狂，第二眼市井，第三眼局促
PS00794,坚毅,柔软,冷酷,坚毅、柔软、冷酷,坚毅→收紧动作幅度与表情；柔软→非人平静；冷酷→反差配色,第一眼坚毅，第二眼柔软，第三眼冷酷
PS00795,从容,神性,散漫,从容、神性、散漫,从容→收紧动作幅度与表情；神性→强烈轮廓；散漫→层叠结构,第一眼从容，第二眼神性，第三眼散漫
PS00796,沉静,直率,阴郁,沉静、直率、阴郁,沉静→收紧动作幅度与表情；直率→结构不对称；阴郁→破损细节,第一眼沉静，第二眼直率，第三眼阴郁
PS00797,警觉,病弱,妖异,警觉、病弱、妖异,警觉→收紧动作幅度与表情；病弱→强烈轮廓；妖异→破损细节,第一眼警觉，第二眼病弱，第三眼妖异
PS00798,执拗,清冷,局促,执拗、清冷、局促,执拗→收紧动作幅度与表情；清冷→非人平静；局促→高洁材质,第一眼执拗，第二眼清冷，第三眼局促
PS00799,病弱,市井,妖异,病弱、市井、妖异,病弱→收紧动作幅度与表情；市井→稳定眼神；妖异→层叠结构,第一眼病弱，第二眼市井，第三眼妖异
PS00800,坦然,悲悯,高贵,坦然、悲悯、高贵,坦然→收紧动作幅度与表情；悲悯→非人平静；高贵→高洁材质,第一眼坦然，第二眼悲悯，第三眼高贵
PS00801,亲和,沉稳,天真,亲和、沉稳、天真,亲和→收紧动作幅度与表情；沉稳→非人平静；天真→简洁剪影,第一眼亲和，第二眼沉稳，第三眼天真
PS00802,沧桑,聪慧,坚毅,沧桑、聪慧、坚毅,沧桑→收紧动作幅度与表情；聪慧→稳定眼神；坚毅→反差配色,第一眼沧桑，第二眼聪慧，第三眼坚毅
PS00803,温柔,坦然,叛逆,温柔、坦然、叛逆,温柔→收紧动作幅度与表情；坦然→材质温润；叛逆→破损细节,第一眼温柔，第二眼坦然，第三眼叛逆
PS00804,病弱,沉稳,可靠,病弱、沉稳、可靠,病弱→收紧动作幅度与表情；沉稳→锐利眼型；可靠→破损细节,第一眼病弱，第二眼沉稳，第三眼可靠
PS00805,狠戾,强健,隐忍,狠戾、强健、隐忍,狠戾→收紧动作幅度与表情；强健→强烈轮廓；隐忍→破损细节,第一眼狠戾，第二眼强健，第三眼隐忍
PS00806,野性,凌厉,疏离,野性、凌厉、疏离,野性→收紧动作幅度与表情；凌厉→材质温润；疏离→简洁剪影,第一眼野性，第二眼凌厉，第三眼疏离
PS00807,慵懒,疯狂,危险,慵懒、疯狂、危险,慵懒→收紧动作幅度与表情；疯狂→稳定眼神；危险→高洁材质,第一眼慵懒，第二眼疯狂，第三眼危险
PS00808,疯狂,凌厉,市井,疯狂、凌厉、市井,疯狂→收紧动作幅度与表情；凌厉→放松眼尾/嘴角；市井→破损细节,第一眼疯狂，第二眼凌厉，第三眼市井
PS00809,亲和,温润,直率,亲和、温润、直率,亲和→收紧动作幅度与表情；温润→稳定眼神；直率→高洁材质,第一眼亲和，第二眼温润，第三眼直率
PS00810,神性,温雅,天真,神性、温雅、天真,神性→收紧动作幅度与表情；温雅→非人平静；天真→反差配色,第一眼神性，第二眼温雅，第三眼天真
PS00811,病弱,沉稳,冷酷,病弱、沉稳、冷酷,病弱→收紧动作幅度与表情；沉稳→结构不对称；冷酷→高洁材质,第一眼病弱，第二眼沉稳，第三眼冷酷
PS00812,局促,隐忍,暴烈,局促、隐忍、暴烈,局促→收紧动作幅度与表情；隐忍→锐利眼型；暴烈→破损细节,第一眼局促，第二眼隐忍，第三眼暴烈
PS00813,疯狂,直率,凌厉,疯狂、直率、凌厉,疯狂→收紧动作幅度与表情；直率→锐利眼型；凌厉→破损细节,第一眼疯狂，第二眼直率，第三眼凌厉
PS00814,张扬,神性,温雅,张扬、神性、温雅,张扬→收紧动作幅度与表情；神性→放松眼尾/嘴角；温雅→高洁材质,第一眼张扬，第二眼神性，第三眼温雅
PS00815,虔诚,病弱,隐忍,虔诚、病弱、隐忍,虔诚→收紧动作幅度与表情；病弱→放松眼尾/嘴角；隐忍→简洁剪影,第一眼虔诚，第二眼病弱，第三眼隐忍
PS00816,病弱,可靠,从容,病弱、可靠、从容,病弱→收紧动作幅度与表情；可靠→非人平静；从容→层叠结构,第一眼病弱，第二眼可靠，第三眼从容
PS00817,病弱,虔诚,沉静,病弱、虔诚、沉静,病弱→收紧动作幅度与表情；虔诚→材质温润；沉静→简洁剪影,第一眼病弱，第二眼虔诚，第三眼沉静
PS00818,坚毅,狠戾,躁动,坚毅、狠戾、躁动,坚毅→收紧动作幅度与表情；狠戾→非人平静；躁动→破损细节,第一眼坚毅，第二眼狠戾，第三眼躁动
PS00819,从容,市井,虔诚,从容、市井、虔诚,从容→收紧动作幅度与表情；市井→锐利眼型；虔诚→破损细节,第一眼从容，第二眼市井，第三眼虔诚
PS00820,暴烈,执拗,克己,暴烈、执拗、克己,暴烈→收紧动作幅度与表情；执拗→放松眼尾/嘴角；克己→简洁剪影,第一眼暴烈，第二眼执拗，第三眼克己
PS00821,柔软,张扬,天真,柔软、张扬、天真,柔软→收紧动作幅度与表情；张扬→非人平静；天真→破损细节,第一眼柔软，第二眼张扬，第三眼天真
PS00822,野性,温柔,沧桑,野性、温柔、沧桑,野性→收紧动作幅度与表情；温柔→材质温润；沧桑→破损细节,第一眼野性，第二眼温柔，第三眼沧桑
PS00823,慵懒,沉静,躁动,慵懒、沉静、躁动,慵懒→收紧动作幅度与表情；沉静→放松眼尾/嘴角；躁动→高洁材质,第一眼慵懒，第二眼沉静，第三眼躁动
PS00824,躁动,明亮,温润,躁动、明亮、温润,躁动→收紧动作幅度与表情；明亮→材质温润；温润→反差配色,第一眼躁动，第二眼明亮，第三眼温润
PS00825,温润,慵懒,躁动,温润、慵懒、躁动,温润→收紧动作幅度与表情；慵懒→非人平静；躁动→高洁材质,第一眼温润，第二眼慵懒，第三眼躁动
PS00826,聪慧,高贵,慵懒,聪慧、高贵、慵懒,聪慧→收紧动作幅度与表情；高贵→稳定眼神；慵懒→反差配色,第一眼聪慧，第二眼高贵，第三眼慵懒
PS00827,病弱,狠戾,危险,病弱、狠戾、危险,病弱→收紧动作幅度与表情；狠戾→材质温润；危险→高洁材质,第一眼病弱，第二眼狠戾，第三眼危险
PS00828,凌厉,明亮,温雅,凌厉、明亮、温雅,凌厉→收紧动作幅度与表情；明亮→结构不对称；温雅→层叠结构,第一眼凌厉，第二眼明亮，第三眼温雅
PS00829,天真,虔诚,警觉,天真、虔诚、警觉,天真→收紧动作幅度与表情；虔诚→锐利眼型；警觉→高洁材质,第一眼天真，第二眼虔诚，第三眼警觉
PS00830,神秘,局促,阴郁,神秘、局促、阴郁,神秘→收紧动作幅度与表情；局促→放松眼尾/嘴角；阴郁→层叠结构,第一眼神秘，第二眼局促，第三眼阴郁
PS00831,市井,神性,通透,市井、神性、通透,市井→收紧动作幅度与表情；神性→非人平静；通透→简洁剪影,第一眼市井，第二眼神性，第三眼通透
PS00832,明亮,通透,警觉,明亮、通透、警觉,明亮→收紧动作幅度与表情；通透→稳定眼神；警觉→反差配色,第一眼明亮，第二眼通透，第三眼警觉
PS00833,疏离,警觉,散漫,疏离、警觉、散漫,疏离→收紧动作幅度与表情；警觉→非人平静；散漫→反差配色,第一眼疏离，第二眼警觉，第三眼散漫
PS00834,天真,阴郁,从容,天真、阴郁、从容,天真→收紧动作幅度与表情；阴郁→稳定眼神；从容→层叠结构,第一眼天真，第二眼阴郁，第三眼从容
PS00835,孤傲,疯狂,神秘,孤傲、疯狂、神秘,孤傲→收紧动作幅度与表情；疯狂→非人平静；神秘→层叠结构,第一眼孤傲，第二眼疯狂，第三眼神秘
PS00836,疯狂,明亮,冷酷,疯狂、明亮、冷酷,疯狂→收紧动作幅度与表情；明亮→稳定眼神；冷酷→层叠结构,第一眼疯狂，第二眼明亮，第三眼冷酷
PS00837,天真,坚毅,虔诚,天真、坚毅、虔诚,天真→收紧动作幅度与表情；坚毅→稳定眼神；虔诚→层叠结构,第一眼天真，第二眼坚毅，第三眼虔诚
PS00838,散漫,叛逆,克己,散漫、叛逆、克己,散漫→收紧动作幅度与表情；叛逆→强烈轮廓；克己→简洁剪影,第一眼散漫，第二眼叛逆，第三眼克己
PS00839,温雅,凌厉,神秘,温雅、凌厉、神秘,温雅→收紧动作幅度与表情；凌厉→锐利眼型；神秘→层叠结构,第一眼温雅，第二眼凌厉，第三眼神秘
PS00840,克己,直率,疏离,克己、直率、疏离,克己→收紧动作幅度与表情；直率→锐利眼型；疏离→高洁材质,第一眼克己，第二眼直率，第三眼疏离
PS00841,明亮,神性,柔软,明亮、神性、柔软,明亮→收紧动作幅度与表情；神性→强烈轮廓；柔软→简洁剪影,第一眼明亮，第二眼神性，第三眼柔软
PS00842,聪慧,强健,从容,聪慧、强健、从容,聪慧→收紧动作幅度与表情；强健→结构不对称；从容→高洁材质,第一眼聪慧，第二眼强健，第三眼从容
PS00843,野性,执拗,躁动,野性、执拗、躁动,野性→收紧动作幅度与表情；执拗→稳定眼神；躁动→反差配色,第一眼野性，第二眼执拗，第三眼躁动
PS00844,沉静,疯狂,野性,沉静、疯狂、野性,沉静→收紧动作幅度与表情；疯狂→稳定眼神；野性→破损细节,第一眼沉静，第二眼疯狂，第三眼野性
PS00845,病弱,直率,明亮,病弱、直率、明亮,病弱→收紧动作幅度与表情；直率→结构不对称；明亮→反差配色,第一眼病弱，第二眼直率，第三眼明亮
PS00846,沧桑,通透,克己,沧桑、通透、克己,沧桑→收紧动作幅度与表情；通透→结构不对称；克己→破损细节,第一眼沧桑，第二眼通透，第三眼克己
PS00847,温润,冷酷,隐忍,温润、冷酷、隐忍,温润→收紧动作幅度与表情；冷酷→锐利眼型；隐忍→简洁剪影,第一眼温润，第二眼冷酷，第三眼隐忍
PS00848,局促,可靠,危险,局促、可靠、危险,局促→收紧动作幅度与表情；可靠→材质温润；危险→层叠结构,第一眼局促，第二眼可靠，第三眼危险
PS00849,警觉,明亮,隐忍,警觉、明亮、隐忍,警觉→收紧动作幅度与表情；明亮→放松眼尾/嘴角；隐忍→简洁剪影,第一眼警觉，第二眼明亮，第三眼隐忍
PS00850,暴烈,局促,聪慧,暴烈、局促、聪慧,暴烈→收紧动作幅度与表情；局促→锐利眼型；聪慧→简洁剪影,第一眼暴烈，第二眼局促，第三眼聪慧
PS00851,天真,坦然,慵懒,天真、坦然、慵懒,天真→收紧动作幅度与表情；坦然→放松眼尾/嘴角；慵懒→高洁材质,第一眼天真，第二眼坦然，第三眼慵懒
PS00852,叛逆,高贵,妖异,叛逆、高贵、妖异,叛逆→收紧动作幅度与表情；高贵→结构不对称；妖异→高洁材质,第一眼叛逆，第二眼高贵，第三眼妖异
PS00853,直率,局促,强健,直率、局促、强健,直率→收紧动作幅度与表情；局促→非人平静；强健→层叠结构,第一眼直率，第二眼局促，第三眼强健
PS00854,妖异,温雅,神秘,妖异、温雅、神秘,妖异→收紧动作幅度与表情；温雅→锐利眼型；神秘→反差配色,第一眼妖异，第二眼温雅，第三眼神秘
PS00855,悲悯,暴烈,危险,悲悯、暴烈、危险,悲悯→收紧动作幅度与表情；暴烈→材质温润；危险→简洁剪影,第一眼悲悯，第二眼暴烈，第三眼危险
PS00856,坦然,散漫,狠戾,坦然、散漫、狠戾,坦然→收紧动作幅度与表情；散漫→稳定眼神；狠戾→简洁剪影,第一眼坦然，第二眼散漫，第三眼狠戾
PS00857,温雅,沧桑,执拗,温雅、沧桑、执拗,温雅→收紧动作幅度与表情；沧桑→强烈轮廓；执拗→层叠结构,第一眼温雅，第二眼沧桑，第三眼执拗
PS00858,明亮,疏离,从容,明亮、疏离、从容,明亮→收紧动作幅度与表情；疏离→材质温润；从容→简洁剪影,第一眼明亮，第二眼疏离，第三眼从容
PS00859,危险,慵懒,明亮,危险、慵懒、明亮,危险→收紧动作幅度与表情；慵懒→结构不对称；明亮→破损细节,第一眼危险，第二眼慵懒，第三眼明亮
PS00860,温雅,温润,明亮,温雅、温润、明亮,温雅→收紧动作幅度与表情；温润→锐利眼型；明亮→破损细节,第一眼温雅，第二眼温润，第三眼明亮
PS00861,坦然,克制,警觉,坦然、克制、警觉,坦然→收紧动作幅度与表情；克制→结构不对称；警觉→层叠结构,第一眼坦然，第二眼克制，第三眼警觉
PS00862,凌厉,天真,暴烈,凌厉、天真、暴烈,凌厉→收紧动作幅度与表情；天真→非人平静；暴烈→高洁材质,第一眼凌厉，第二眼天真，第三眼暴烈
PS00863,通透,虔诚,直率,通透、虔诚、直率,通透→收紧动作幅度与表情；虔诚→材质温润；直率→层叠结构,第一眼通透，第二眼虔诚，第三眼直率
PS00864,神秘,可靠,通透,神秘、可靠、通透,神秘→收紧动作幅度与表情；可靠→结构不对称；通透→简洁剪影,第一眼神秘，第二眼可靠，第三眼通透
PS00865,危险,坚毅,强健,危险、坚毅、强健,危险→收紧动作幅度与表情；坚毅→材质温润；强健→层叠结构,第一眼危险，第二眼坚毅，第三眼强健
PS00866,张扬,沉稳,神秘,张扬、沉稳、神秘,张扬→收紧动作幅度与表情；沉稳→放松眼尾/嘴角；神秘→高洁材质,第一眼张扬，第二眼沉稳，第三眼神秘
PS00867,放纵,直率,张扬,放纵、直率、张扬,放纵→收紧动作幅度与表情；直率→稳定眼神；张扬→高洁材质,第一眼放纵，第二眼直率，第三眼张扬
PS00868,沧桑,明亮,从容,沧桑、明亮、从容,沧桑→收紧动作幅度与表情；明亮→结构不对称；从容→层叠结构,第一眼沧桑，第二眼明亮，第三眼从容
PS00869,叛逆,冷酷,从容,叛逆、冷酷、从容,叛逆→收紧动作幅度与表情；冷酷→结构不对称；从容→反差配色,第一眼叛逆，第二眼冷酷，第三眼从容
PS00870,温雅,妖异,清冷,温雅、妖异、清冷,温雅→收紧动作幅度与表情；妖异→非人平静；清冷→层叠结构,第一眼温雅，第二眼妖异，第三眼清冷
PS00871,沉静,凌厉,可靠,沉静、凌厉、可靠,沉静→收紧动作幅度与表情；凌厉→放松眼尾/嘴角；可靠→反差配色,第一眼沉静，第二眼凌厉，第三眼可靠
PS00872,虔诚,狠戾,明亮,虔诚、狠戾、明亮,虔诚→收紧动作幅度与表情；狠戾→锐利眼型；明亮→高洁材质,第一眼虔诚，第二眼狠戾，第三眼明亮
PS00873,冷酷,暴烈,警觉,冷酷、暴烈、警觉,冷酷→收紧动作幅度与表情；暴烈→放松眼尾/嘴角；警觉→高洁材质,第一眼冷酷，第二眼暴烈，第三眼警觉
PS00874,执拗,疯狂,从容,执拗、疯狂、从容,执拗→收紧动作幅度与表情；疯狂→非人平静；从容→高洁材质,第一眼执拗，第二眼疯狂，第三眼从容
PS00875,野性,狠戾,沉静,野性、狠戾、沉静,野性→收紧动作幅度与表情；狠戾→结构不对称；沉静→高洁材质,第一眼野性，第二眼狠戾，第三眼沉静
PS00876,亲和,市井,虔诚,亲和、市井、虔诚,亲和→收紧动作幅度与表情；市井→材质温润；虔诚→破损细节,第一眼亲和，第二眼市井，第三眼虔诚
PS00877,虔诚,克己,孤傲,虔诚、克己、孤傲,虔诚→收紧动作幅度与表情；克己→稳定眼神；孤傲→高洁材质,第一眼虔诚，第二眼克己，第三眼孤傲
PS00878,阴郁,悲悯,隐忍,阴郁、悲悯、隐忍,阴郁→收紧动作幅度与表情；悲悯→稳定眼神；隐忍→反差配色,第一眼阴郁，第二眼悲悯，第三眼隐忍
PS00879,执拗,警觉,悲悯,执拗、警觉、悲悯,执拗→收紧动作幅度与表情；警觉→锐利眼型；悲悯→层叠结构,第一眼执拗，第二眼警觉，第三眼悲悯
PS00880,坦然,张扬,躁动,坦然、张扬、躁动,坦然→收紧动作幅度与表情；张扬→强烈轮廓；躁动→破损细节,第一眼坦然，第二眼张扬，第三眼躁动
PS00881,市井,狠戾,从容,市井、狠戾、从容,市井→收紧动作幅度与表情；狠戾→稳定眼神；从容→层叠结构,第一眼市井，第二眼狠戾，第三眼从容
PS00882,慵懒,虔诚,高贵,慵懒、虔诚、高贵,慵懒→收紧动作幅度与表情；虔诚→稳定眼神；高贵→破损细节,第一眼慵懒，第二眼虔诚，第三眼高贵
PS00883,清冷,亲和,躁动,清冷、亲和、躁动,清冷→收紧动作幅度与表情；亲和→强烈轮廓；躁动→破损细节,第一眼清冷，第二眼亲和，第三眼躁动
PS00884,克己,柔软,狠戾,克己、柔软、狠戾,克己→收紧动作幅度与表情；柔软→结构不对称；狠戾→简洁剪影,第一眼克己，第二眼柔软，第三眼狠戾
PS00885,亲和,散漫,温雅,亲和、散漫、温雅,亲和→收紧动作幅度与表情；散漫→材质温润；温雅→高洁材质,第一眼亲和，第二眼散漫，第三眼温雅
PS00886,亲和,从容,悲悯,亲和、从容、悲悯,亲和→收紧动作幅度与表情；从容→放松眼尾/嘴角；悲悯→反差配色,第一眼亲和，第二眼从容，第三眼悲悯
PS00887,放纵,沉稳,躁动,放纵、沉稳、躁动,放纵→收紧动作幅度与表情；沉稳→材质温润；躁动→层叠结构,第一眼放纵，第二眼沉稳，第三眼躁动
PS00888,高贵,亲和,阴郁,高贵、亲和、阴郁,高贵→收紧动作幅度与表情；亲和→放松眼尾/嘴角；阴郁→高洁材质,第一眼高贵，第二眼亲和，第三眼阴郁
PS00889,悲悯,克己,强健,悲悯、克己、强健,悲悯→收紧动作幅度与表情；克己→强烈轮廓；强健→简洁剪影,第一眼悲悯，第二眼克己，第三眼强健
PS00890,局促,阴郁,市井,局促、阴郁、市井,局促→收紧动作幅度与表情；阴郁→锐利眼型；市井→破损细节,第一眼局促，第二眼阴郁，第三眼市井
PS00891,直率,病弱,虔诚,直率、病弱、虔诚,直率→收紧动作幅度与表情；病弱→稳定眼神；虔诚→高洁材质,第一眼直率，第二眼病弱，第三眼虔诚
PS00892,坦然,克己,狠戾,坦然、克己、狠戾,坦然→收紧动作幅度与表情；克己→稳定眼神；狠戾→破损细节,第一眼坦然，第二眼克己，第三眼狠戾
PS00893,疏离,清冷,孤傲,疏离、清冷、孤傲,疏离→收紧动作幅度与表情；清冷→稳定眼神；孤傲→反差配色,第一眼疏离，第二眼清冷，第三眼孤傲
PS00894,温柔,放纵,神秘,温柔、放纵、神秘,温柔→收紧动作幅度与表情；放纵→稳定眼神；神秘→反差配色,第一眼温柔，第二眼放纵，第三眼神秘
PS00895,坦然,克制,躁动,坦然、克制、躁动,坦然→收紧动作幅度与表情；克制→放松眼尾/嘴角；躁动→简洁剪影,第一眼坦然，第二眼克制，第三眼躁动
PS00896,亲和,危险,温雅,亲和、危险、温雅,亲和→收紧动作幅度与表情；危险→放松眼尾/嘴角；温雅→高洁材质,第一眼亲和，第二眼危险，第三眼温雅
PS00897,暴烈,执拗,高贵,暴烈、执拗、高贵,暴烈→收紧动作幅度与表情；执拗→材质温润；高贵→反差配色,第一眼暴烈，第二眼执拗，第三眼高贵
PS00898,神秘,高贵,强健,神秘、高贵、强健,神秘→收紧动作幅度与表情；高贵→放松眼尾/嘴角；强健→简洁剪影,第一眼神秘，第二眼高贵，第三眼强健
PS00899,慵懒,明亮,隐忍,慵懒、明亮、隐忍,慵懒→收紧动作幅度与表情；明亮→材质温润；隐忍→破损细节,第一眼慵懒，第二眼明亮，第三眼隐忍
PS00900,野性,隐忍,坦然,野性、隐忍、坦然,野性→收紧动作幅度与表情；隐忍→强烈轮廓；坦然→简洁剪影,第一眼野性，第二眼隐忍，第三眼坦然
PS00901,放纵,可靠,坚毅,放纵、可靠、坚毅,放纵→收紧动作幅度与表情；可靠→稳定眼神；坚毅→层叠结构,第一眼放纵，第二眼可靠，第三眼坚毅
PS00902,明亮,疯狂,躁动,明亮、疯狂、躁动,明亮→收紧动作幅度与表情；疯狂→材质温润；躁动→破损细节,第一眼明亮，第二眼疯狂，第三眼躁动
PS00903,危险,克制,明亮,危险、克制、明亮,危险→收紧动作幅度与表情；克制→结构不对称；明亮→高洁材质,第一眼危险，第二眼克制，第三眼明亮
PS00904,隐忍,疏离,直率,隐忍、疏离、直率,隐忍→收紧动作幅度与表情；疏离→结构不对称；直率→简洁剪影,第一眼隐忍，第二眼疏离，第三眼直率
PS00905,可靠,散漫,克制,可靠、散漫、克制,可靠→收紧动作幅度与表情；散漫→锐利眼型；克制→破损细节,第一眼可靠，第二眼散漫，第三眼克制
PS00906,市井,叛逆,虔诚,市井、叛逆、虔诚,市井→收紧动作幅度与表情；叛逆→放松眼尾/嘴角；虔诚→反差配色,第一眼市井，第二眼叛逆，第三眼虔诚
PS00907,清冷,冷酷,亲和,清冷、冷酷、亲和,清冷→收紧动作幅度与表情；冷酷→结构不对称；亲和→高洁材质,第一眼清冷，第二眼冷酷，第三眼亲和
PS00908,温雅,悲悯,散漫,温雅、悲悯、散漫,温雅→收紧动作幅度与表情；悲悯→放松眼尾/嘴角；散漫→高洁材质,第一眼温雅，第二眼悲悯，第三眼散漫
PS00909,神性,亲和,危险,神性、亲和、危险,神性→收紧动作幅度与表情；亲和→锐利眼型；危险→层叠结构,第一眼神性，第二眼亲和，第三眼危险
PS00910,温雅,沧桑,疯狂,温雅、沧桑、疯狂,温雅→收紧动作幅度与表情；沧桑→放松眼尾/嘴角；疯狂→破损细节,第一眼温雅，第二眼沧桑，第三眼疯狂
PS00911,强健,警觉,神秘,强健、警觉、神秘,强健→收紧动作幅度与表情；警觉→结构不对称；神秘→层叠结构,第一眼强健，第二眼警觉，第三眼神秘
PS00912,慵懒,通透,克制,慵懒、通透、克制,慵懒→收紧动作幅度与表情；通透→稳定眼神；克制→反差配色,第一眼慵懒，第二眼通透，第三眼克制
PS00913,暴烈,警觉,高贵,暴烈、警觉、高贵,暴烈→收紧动作幅度与表情；警觉→结构不对称；高贵→简洁剪影,第一眼暴烈，第二眼警觉，第三眼高贵
PS00914,聪慧,克己,神秘,聪慧、克己、神秘,聪慧→收紧动作幅度与表情；克己→稳定眼神；神秘→简洁剪影,第一眼聪慧，第二眼克己，第三眼神秘
PS00915,沉静,通透,神性,沉静、通透、神性,沉静→收紧动作幅度与表情；通透→材质温润；神性→层叠结构,第一眼沉静，第二眼通透，第三眼神性
PS00916,放纵,清冷,神秘,放纵、清冷、神秘,放纵→收紧动作幅度与表情；清冷→材质温润；神秘→反差配色,第一眼放纵，第二眼清冷，第三眼神秘
PS00917,清冷,坚毅,从容,清冷、坚毅、从容,清冷→收紧动作幅度与表情；坚毅→稳定眼神；从容→简洁剪影,第一眼清冷，第二眼坚毅，第三眼从容
PS00918,坦然,狠戾,散漫,坦然、狠戾、散漫,坦然→收紧动作幅度与表情；狠戾→稳定眼神；散漫→简洁剪影,第一眼坦然，第二眼狠戾，第三眼散漫
PS00919,天真,悲悯,克制,天真、悲悯、克制,天真→收紧动作幅度与表情；悲悯→稳定眼神；克制→高洁材质,第一眼天真，第二眼悲悯，第三眼克制
PS00920,柔软,孤傲,执拗,柔软、孤傲、执拗,柔软→收紧动作幅度与表情；孤傲→放松眼尾/嘴角；执拗→简洁剪影,第一眼柔软，第二眼孤傲，第三眼执拗
PS00921,可靠,温雅,克己,可靠、温雅、克己,可靠→收紧动作幅度与表情；温雅→锐利眼型；克己→破损细节,第一眼可靠，第二眼温雅，第三眼克己
PS00922,温柔,明亮,暴烈,温柔、明亮、暴烈,温柔→收紧动作幅度与表情；明亮→锐利眼型；暴烈→层叠结构,第一眼温柔，第二眼明亮，第三眼暴烈
PS00923,凌厉,高贵,可靠,凌厉、高贵、可靠,凌厉→收紧动作幅度与表情；高贵→强烈轮廓；可靠→破损细节,第一眼凌厉，第二眼高贵，第三眼可靠
PS00924,警觉,放纵,野性,警觉、放纵、野性,警觉→收紧动作幅度与表情；放纵→非人平静；野性→反差配色,第一眼警觉，第二眼放纵，第三眼野性
PS00925,慵懒,孤傲,冷酷,慵懒、孤傲、冷酷,慵懒→收紧动作幅度与表情；孤傲→材质温润；冷酷→反差配色,第一眼慵懒，第二眼孤傲，第三眼冷酷
PS00926,隐忍,沉静,温润,隐忍、沉静、温润,隐忍→收紧动作幅度与表情；沉静→放松眼尾/嘴角；温润→层叠结构,第一眼隐忍，第二眼沉静，第三眼温润
PS00927,明亮,强健,野性,明亮、强健、野性,明亮→收紧动作幅度与表情；强健→强烈轮廓；野性→简洁剪影,第一眼明亮，第二眼强健，第三眼野性
PS00928,局促,执拗,清冷,局促、执拗、清冷,局促→收紧动作幅度与表情；执拗→稳定眼神；清冷→简洁剪影,第一眼局促，第二眼执拗，第三眼清冷
PS00929,天真,放纵,警觉,天真、放纵、警觉,天真→收紧动作幅度与表情；放纵→锐利眼型；警觉→高洁材质,第一眼天真，第二眼放纵，第三眼警觉
PS00930,危险,虔诚,隐忍,危险、虔诚、隐忍,危险→收紧动作幅度与表情；虔诚→锐利眼型；隐忍→简洁剪影,第一眼危险，第二眼虔诚，第三眼隐忍
PS00931,市井,张扬,慵懒,市井、张扬、慵懒,市井→收紧动作幅度与表情；张扬→稳定眼神；慵懒→破损细节,第一眼市井，第二眼张扬，第三眼慵懒
PS00932,阴郁,虔诚,通透,阴郁、虔诚、通透,阴郁→收紧动作幅度与表情；虔诚→锐利眼型；通透→简洁剪影,第一眼阴郁，第二眼虔诚，第三眼通透
PS00933,执拗,神秘,坚毅,执拗、神秘、坚毅,执拗→收紧动作幅度与表情；神秘→强烈轮廓；坚毅→反差配色,第一眼执拗，第二眼神秘，第三眼坚毅
PS00934,坦然,亲和,温润,坦然、亲和、温润,坦然→收紧动作幅度与表情；亲和→放松眼尾/嘴角；温润→破损细节,第一眼坦然，第二眼亲和，第三眼温润
PS00935,放纵,市井,疏离,放纵、市井、疏离,放纵→收紧动作幅度与表情；市井→结构不对称；疏离→层叠结构,第一眼放纵，第二眼市井，第三眼疏离
PS00936,高贵,天真,克己,高贵、天真、克己,高贵→收紧动作幅度与表情；天真→锐利眼型；克己→简洁剪影,第一眼高贵，第二眼天真，第三眼克己
PS00937,沉稳,柔软,野性,沉稳、柔软、野性,沉稳→收紧动作幅度与表情；柔软→锐利眼型；野性→反差配色,第一眼沉稳，第二眼柔软，第三眼野性
PS00938,直率,明亮,通透,直率、明亮、通透,直率→收紧动作幅度与表情；明亮→强烈轮廓；通透→破损细节,第一眼直率，第二眼明亮，第三眼通透
PS00939,柔软,隐忍,躁动,柔软、隐忍、躁动,柔软→收紧动作幅度与表情；隐忍→稳定眼神；躁动→简洁剪影,第一眼柔软，第二眼隐忍，第三眼躁动
PS00940,神秘,温润,亲和,神秘、温润、亲和,神秘→收紧动作幅度与表情；温润→放松眼尾/嘴角；亲和→反差配色,第一眼神秘，第二眼温润，第三眼亲和
PS00941,暴烈,神性,危险,暴烈、神性、危险,暴烈→收紧动作幅度与表情；神性→放松眼尾/嘴角；危险→反差配色,第一眼暴烈，第二眼神性，第三眼危险
PS00942,柔软,妖异,病弱,柔软、妖异、病弱,柔软→收紧动作幅度与表情；妖异→非人平静；病弱→破损细节,第一眼柔软，第二眼妖异，第三眼病弱
PS00943,聪慧,沧桑,孤傲,聪慧、沧桑、孤傲,聪慧→收紧动作幅度与表情；沧桑→非人平静；孤傲→反差配色,第一眼聪慧，第二眼沧桑，第三眼孤傲
PS00944,狠戾,虔诚,警觉,狠戾、虔诚、警觉,狠戾→收紧动作幅度与表情；虔诚→非人平静；警觉→反差配色,第一眼狠戾，第二眼虔诚，第三眼警觉
PS00945,野性,克制,狠戾,野性、克制、狠戾,野性→收紧动作幅度与表情；克制→稳定眼神；狠戾→简洁剪影,第一眼野性，第二眼克制，第三眼狠戾
PS00946,清冷,克己,柔软,清冷、克己、柔软,清冷→收紧动作幅度与表情；克己→材质温润；柔软→高洁材质,第一眼清冷，第二眼克己，第三眼柔软
PS00947,冷酷,叛逆,强健,冷酷、叛逆、强健,冷酷→收紧动作幅度与表情；叛逆→强烈轮廓；强健→反差配色,第一眼冷酷，第二眼叛逆，第三眼强健
PS00948,疯狂,温雅,强健,疯狂、温雅、强健,疯狂→收紧动作幅度与表情；温雅→强烈轮廓；强健→简洁剪影,第一眼疯狂，第二眼温雅，第三眼强健
PS00949,温柔,危险,狠戾,温柔、危险、狠戾,温柔→收紧动作幅度与表情；危险→稳定眼神；狠戾→层叠结构,第一眼温柔，第二眼危险，第三眼狠戾
PS00950,危险,明亮,从容,危险、明亮、从容,危险→收紧动作幅度与表情；明亮→强烈轮廓；从容→反差配色,第一眼危险，第二眼明亮，第三眼从容
PS00951,慵懒,散漫,叛逆,慵懒、散漫、叛逆,慵懒→收紧动作幅度与表情；散漫→非人平静；叛逆→反差配色,第一眼慵懒，第二眼散漫，第三眼叛逆
PS00952,冷酷,危险,亲和,冷酷、危险、亲和,冷酷→收紧动作幅度与表情；危险→非人平静；亲和→层叠结构,第一眼冷酷，第二眼危险，第三眼亲和
PS00953,温雅,亲和,野性,温雅、亲和、野性,温雅→收紧动作幅度与表情；亲和→锐利眼型；野性→破损细节,第一眼温雅，第二眼亲和，第三眼野性
PS00954,温润,克己,清冷,温润、克己、清冷,温润→收紧动作幅度与表情；克己→强烈轮廓；清冷→破损细节,第一眼温润，第二眼克己，第三眼清冷
PS00955,聪慧,散漫,凌厉,聪慧、散漫、凌厉,聪慧→收紧动作幅度与表情；散漫→放松眼尾/嘴角；凌厉→反差配色,第一眼聪慧，第二眼散漫，第三眼凌厉
PS00956,虔诚,清冷,悲悯,虔诚、清冷、悲悯,虔诚→收紧动作幅度与表情；清冷→非人平静；悲悯→高洁材质,第一眼虔诚，第二眼清冷，第三眼悲悯
PS00957,高贵,神性,散漫,高贵、神性、散漫,高贵→收紧动作幅度与表情；神性→非人平静；散漫→层叠结构,第一眼高贵，第二眼神性，第三眼散漫
PS00958,悲悯,暴烈,清冷,悲悯、暴烈、清冷,悲悯→收紧动作幅度与表情；暴烈→材质温润；清冷→高洁材质,第一眼悲悯，第二眼暴烈，第三眼清冷
PS00959,克制,执拗,柔软,克制、执拗、柔软,克制→收紧动作幅度与表情；执拗→材质温润；柔软→简洁剪影,第一眼克制，第二眼执拗，第三眼柔软
PS00960,躁动,暴烈,疏离,躁动、暴烈、疏离,躁动→收紧动作幅度与表情；暴烈→稳定眼神；疏离→反差配色,第一眼躁动，第二眼暴烈，第三眼疏离
PS00961,躁动,病弱,温柔,躁动、病弱、温柔,躁动→收紧动作幅度与表情；病弱→锐利眼型；温柔→层叠结构,第一眼躁动，第二眼病弱，第三眼温柔
PS00962,狠戾,野性,克制,狠戾、野性、克制,狠戾→收紧动作幅度与表情；野性→非人平静；克制→破损细节,第一眼狠戾，第二眼野性，第三眼克制
PS00963,亲和,坦然,野性,亲和、坦然、野性,亲和→收紧动作幅度与表情；坦然→材质温润；野性→简洁剪影,第一眼亲和，第二眼坦然，第三眼野性
PS00964,强健,孤傲,从容,强健、孤傲、从容,强健→收紧动作幅度与表情；孤傲→强烈轮廓；从容→反差配色,第一眼强健，第二眼孤傲，第三眼从容
PS00965,疯狂,执拗,温润,疯狂、执拗、温润,疯狂→收紧动作幅度与表情；执拗→结构不对称；温润→反差配色,第一眼疯狂，第二眼执拗，第三眼温润
PS00966,市井,散漫,放纵,市井、散漫、放纵,市井→收紧动作幅度与表情；散漫→结构不对称；放纵→高洁材质,第一眼市井，第二眼散漫，第三眼放纵
PS00967,疏离,高贵,温雅,疏离、高贵、温雅,疏离→收紧动作幅度与表情；高贵→结构不对称；温雅→反差配色,第一眼疏离，第二眼高贵，第三眼温雅
PS00968,妖异,警觉,暴烈,妖异、警觉、暴烈,妖异→收紧动作幅度与表情；警觉→稳定眼神；暴烈→简洁剪影,第一眼妖异，第二眼警觉，第三眼暴烈
PS00969,散漫,虔诚,暴烈,散漫、虔诚、暴烈,散漫→收紧动作幅度与表情；虔诚→非人平静；暴烈→简洁剪影,第一眼散漫，第二眼虔诚，第三眼暴烈
PS00970,张扬,病弱,清冷,张扬、病弱、清冷,张扬→收紧动作幅度与表情；病弱→非人平静；清冷→高洁材质,第一眼张扬，第二眼病弱，第三眼清冷
PS00971,暴烈,温柔,散漫,暴烈、温柔、散漫,暴烈→收紧动作幅度与表情；温柔→结构不对称；散漫→高洁材质,第一眼暴烈，第二眼温柔，第三眼散漫
PS00972,凌厉,妖异,沧桑,凌厉、妖异、沧桑,凌厉→收紧动作幅度与表情；妖异→稳定眼神；沧桑→反差配色,第一眼凌厉，第二眼妖异，第三眼沧桑
PS00973,慵懒,聪慧,从容,慵懒、聪慧、从容,慵懒→收紧动作幅度与表情；聪慧→非人平静；从容→高洁材质,第一眼慵懒，第二眼聪慧，第三眼从容
PS00974,危险,强健,躁动,危险、强健、躁动,危险→收紧动作幅度与表情；强健→结构不对称；躁动→破损细节,第一眼危险，第二眼强健，第三眼躁动
PS00975,叛逆,可靠,神性,叛逆、可靠、神性,叛逆→收紧动作幅度与表情；可靠→放松眼尾/嘴角；神性→反差配色,第一眼叛逆，第二眼可靠，第三眼神性
PS00976,沉稳,疯狂,病弱,沉稳、疯狂、病弱,沉稳→收紧动作幅度与表情；疯狂→结构不对称；病弱→破损细节,第一眼沉稳，第二眼疯狂，第三眼病弱
PS00977,天真,慵懒,温润,天真、慵懒、温润,天真→收紧动作幅度与表情；慵懒→稳定眼神；温润→破损细节,第一眼天真，第二眼慵懒，第三眼温润
PS00978,悲悯,危险,暴烈,悲悯、危险、暴烈,悲悯→收紧动作幅度与表情；危险→强烈轮廓；暴烈→破损细节,第一眼悲悯，第二眼危险，第三眼暴烈
PS00979,聪慧,沉静,冷酷,聪慧、沉静、冷酷,聪慧→收紧动作幅度与表情；沉静→非人平静；冷酷→简洁剪影,第一眼聪慧，第二眼沉静，第三眼冷酷
PS00980,高贵,明亮,凌厉,高贵、明亮、凌厉,高贵→收紧动作幅度与表情；明亮→锐利眼型；凌厉→反差配色,第一眼高贵，第二眼明亮，第三眼凌厉
PS00981,执拗,明亮,局促,执拗、明亮、局促,执拗→收紧动作幅度与表情；明亮→锐利眼型；局促→层叠结构,第一眼执拗，第二眼明亮，第三眼局促
PS00982,冷酷,强健,执拗,冷酷、强健、执拗,冷酷→收紧动作幅度与表情；强健→结构不对称；执拗→高洁材质,第一眼冷酷，第二眼强健，第三眼执拗
PS00983,天真,克己,强健,天真、克己、强健,天真→收紧动作幅度与表情；克己→材质温润；强健→简洁剪影,第一眼天真，第二眼克己，第三眼强健
PS00984,慵懒,狠戾,温润,慵懒、狠戾、温润,慵懒→收紧动作幅度与表情；狠戾→放松眼尾/嘴角；温润→高洁材质,第一眼慵懒，第二眼狠戾，第三眼温润
PS00985,沉稳,躁动,坚毅,沉稳、躁动、坚毅,沉稳→收紧动作幅度与表情；躁动→锐利眼型；坚毅→反差配色,第一眼沉稳，第二眼躁动，第三眼坚毅
PS00986,市井,执拗,从容,市井、执拗、从容,市井→收紧动作幅度与表情；执拗→稳定眼神；从容→简洁剪影,第一眼市井，第二眼执拗，第三眼从容
PS00987,局促,冷酷,沉静,局促、冷酷、沉静,局促→收紧动作幅度与表情；冷酷→稳定眼神；沉静→破损细节,第一眼局促，第二眼冷酷，第三眼沉静
PS00988,坦然,高贵,悲悯,坦然、高贵、悲悯,坦然→收紧动作幅度与表情；高贵→稳定眼神；悲悯→简洁剪影,第一眼坦然，第二眼高贵，第三眼悲悯
PS00989,野性,亲和,狠戾,野性、亲和、狠戾,野性→收紧动作幅度与表情；亲和→非人平静；狠戾→层叠结构,第一眼野性，第二眼亲和，第三眼狠戾
PS00990,暴烈,悲悯,清冷,暴烈、悲悯、清冷,暴烈→收紧动作幅度与表情；悲悯→材质温润；清冷→简洁剪影,第一眼暴烈，第二眼悲悯，第三眼清冷
PS00991,沧桑,暴烈,疏离,沧桑、暴烈、疏离,沧桑→收紧动作幅度与表情；暴烈→结构不对称；疏离→高洁材质,第一眼沧桑，第二眼暴烈，第三眼疏离
PS00992,散漫,凌厉,明亮,散漫、凌厉、明亮,散漫→收紧动作幅度与表情；凌厉→结构不对称；明亮→高洁材质,第一眼散漫，第二眼凌厉，第三眼明亮
PS00993,强健,凌厉,柔软,强健、凌厉、柔软,强健→收紧动作幅度与表情；凌厉→材质温润；柔软→简洁剪影,第一眼强健，第二眼凌厉，第三眼柔软
PS00994,强健,冷酷,明亮,强健、冷酷、明亮,强健→收紧动作幅度与表情；冷酷→锐利眼型；明亮→反差配色,第一眼强健，第二眼冷酷，第三眼明亮
PS00995,躁动,明亮,叛逆,躁动、明亮、叛逆,躁动→收紧动作幅度与表情；明亮→材质温润；叛逆→简洁剪影,第一眼躁动，第二眼明亮，第三眼叛逆
PS00996,聪慧,可靠,柔软,聪慧、可靠、柔软,聪慧→收紧动作幅度与表情；可靠→锐利眼型；柔软→层叠结构,第一眼聪慧，第二眼可靠，第三眼柔软
PS00997,从容,狠戾,病弱,从容、狠戾、病弱,从容→收紧动作幅度与表情；狠戾→锐利眼型；病弱→高洁材质,第一眼从容，第二眼狠戾，第三眼病弱
PS00998,凌厉,暴烈,叛逆,凌厉、暴烈、叛逆,凌厉→收紧动作幅度与表情；暴烈→强烈轮廓；叛逆→简洁剪影,第一眼凌厉，第二眼暴烈，第三眼叛逆
PS00999,直率,慵懒,放纵,直率、慵懒、放纵,直率→收紧动作幅度与表情；慵懒→非人平静；放纵→简洁剪影,第一眼直率，第二眼慵懒，第三眼放纵
PS01000,聪慧,虔诚,柔软,聪慧、虔诚、柔软,聪慧→收紧动作幅度与表情；虔诚→材质温润；柔软→破损细节,第一眼聪慧，第二眼虔诚，第三眼柔软
PS01001,聪慧,悲悯,隐忍,聪慧、悲悯、隐忍,聪慧→收紧动作幅度与表情；悲悯→强烈轮廓；隐忍→反差配色,第一眼聪慧，第二眼悲悯，第三眼隐忍
PS01002,执拗,温柔,神秘,执拗、温柔、神秘,执拗→收紧动作幅度与表情；温柔→稳定眼神；神秘→简洁剪影,第一眼执拗，第二眼温柔，第三眼神秘
PS01003,散漫,孤傲,高贵,散漫、孤傲、高贵,散漫→收紧动作幅度与表情；孤傲→结构不对称；高贵→反差配色,第一眼散漫，第二眼孤傲，第三眼高贵
PS01004,神秘,局促,聪慧,神秘、局促、聪慧,神秘→收紧动作幅度与表情；局促→放松眼尾/嘴角；聪慧→高洁材质,第一眼神秘，第二眼局促，第三眼聪慧
PS01005,警觉,天真,凌厉,警觉、天真、凌厉,警觉→收紧动作幅度与表情；天真→放松眼尾/嘴角；凌厉→破损细节,第一眼警觉，第二眼天真，第三眼凌厉
PS01006,狠戾,温雅,暴烈,狠戾、温雅、暴烈,狠戾→收紧动作幅度与表情；温雅→强烈轮廓；暴烈→破损细节,第一眼狠戾，第二眼温雅，第三眼暴烈
PS01007,慵懒,妖异,通透,慵懒、妖异、通透,慵懒→收紧动作幅度与表情；妖异→放松眼尾/嘴角；通透→层叠结构,第一眼慵懒，第二眼妖异，第三眼通透
PS01008,悲悯,虔诚,聪慧,悲悯、虔诚、聪慧,悲悯→收紧动作幅度与表情；虔诚→材质温润；聪慧→破损细节,第一眼悲悯，第二眼虔诚，第三眼聪慧
PS01009,危险,孤傲,隐忍,危险、孤傲、隐忍,危险→收紧动作幅度与表情；孤傲→强烈轮廓；隐忍→层叠结构,第一眼危险，第二眼孤傲，第三眼隐忍
PS01010,叛逆,悲悯,亲和,叛逆、悲悯、亲和,叛逆→收紧动作幅度与表情；悲悯→强烈轮廓；亲和→反差配色,第一眼叛逆，第二眼悲悯，第三眼亲和
PS01011,温柔,疯狂,市井,温柔、疯狂、市井,温柔→收紧动作幅度与表情；疯狂→材质温润；市井→简洁剪影,第一眼温柔，第二眼疯狂，第三眼市井
PS01012,可靠,清冷,虔诚,可靠、清冷、虔诚,可靠→收紧动作幅度与表情；清冷→材质温润；虔诚→简洁剪影,第一眼可靠，第二眼清冷，第三眼虔诚
PS01013,可靠,叛逆,亲和,可靠、叛逆、亲和,可靠→收紧动作幅度与表情；叛逆→稳定眼神；亲和→高洁材质,第一眼可靠，第二眼叛逆，第三眼亲和
PS01014,疯狂,市井,慵懒,疯狂、市井、慵懒,疯狂→收紧动作幅度与表情；市井→锐利眼型；慵懒→层叠结构,第一眼疯狂，第二眼市井，第三眼慵懒
PS01015,病弱,慵懒,坚毅,病弱、慵懒、坚毅,病弱→收紧动作幅度与表情；慵懒→结构不对称；坚毅→高洁材质,第一眼病弱，第二眼慵懒，第三眼坚毅
PS01016,坚毅,聪慧,张扬,坚毅、聪慧、张扬,坚毅→收紧动作幅度与表情；聪慧→放松眼尾/嘴角；张扬→高洁材质,第一眼坚毅，第二眼聪慧，第三眼张扬
PS01017,聪慧,虔诚,通透,聪慧、虔诚、通透,聪慧→收紧动作幅度与表情；虔诚→稳定眼神；通透→简洁剪影,第一眼聪慧，第二眼虔诚，第三眼通透
PS01018,散漫,神性,暴烈,散漫、神性、暴烈,散漫→收紧动作幅度与表情；神性→放松眼尾/嘴角；暴烈→反差配色,第一眼散漫，第二眼神性，第三眼暴烈
PS01019,坦然,张扬,从容,坦然、张扬、从容,坦然→收紧动作幅度与表情；张扬→稳定眼神；从容→破损细节,第一眼坦然，第二眼张扬，第三眼从容
PS01020,亲和,明亮,暴烈,亲和、明亮、暴烈,亲和→收紧动作幅度与表情；明亮→非人平静；暴烈→层叠结构,第一眼亲和，第二眼明亮，第三眼暴烈
PS01021,狠戾,凌厉,强健,狠戾、凌厉、强健,狠戾→收紧动作幅度与表情；凌厉→放松眼尾/嘴角；强健→反差配色,第一眼狠戾，第二眼凌厉，第三眼强健
PS01022,暴烈,冷酷,明亮,暴烈、冷酷、明亮,暴烈→收紧动作幅度与表情；冷酷→结构不对称；明亮→简洁剪影,第一眼暴烈，第二眼冷酷，第三眼明亮
PS01023,温柔,聪慧,局促,温柔、聪慧、局促,温柔→收紧动作幅度与表情；聪慧→锐利眼型；局促→简洁剪影,第一眼温柔，第二眼聪慧，第三眼局促
PS01024,慵懒,局促,疏离,慵懒、局促、疏离,慵懒→收紧动作幅度与表情；局促→材质温润；疏离→破损细节,第一眼慵懒，第二眼局促，第三眼疏离
PS01025,阴郁,直率,隐忍,阴郁、直率、隐忍,阴郁→收紧动作幅度与表情；直率→强烈轮廓；隐忍→高洁材质,第一眼阴郁，第二眼直率，第三眼隐忍
PS01026,冷酷,执拗,从容,冷酷、执拗、从容,冷酷→收紧动作幅度与表情；执拗→稳定眼神；从容→高洁材质,第一眼冷酷，第二眼执拗，第三眼从容
PS01027,孤傲,直率,野性,孤傲、直率、野性,孤傲→收紧动作幅度与表情；直率→放松眼尾/嘴角；野性→简洁剪影,第一眼孤傲，第二眼直率，第三眼野性
PS01028,阴郁,温雅,隐忍,阴郁、温雅、隐忍,阴郁→收紧动作幅度与表情；温雅→稳定眼神；隐忍→破损细节,第一眼阴郁，第二眼温雅，第三眼隐忍
PS01029,温雅,凌厉,警觉,温雅、凌厉、警觉,温雅→收紧动作幅度与表情；凌厉→锐利眼型；警觉→层叠结构,第一眼温雅，第二眼凌厉，第三眼警觉
PS01030,温雅,冷酷,野性,温雅、冷酷、野性,温雅→收紧动作幅度与表情；冷酷→材质温润；野性→破损细节,第一眼温雅，第二眼冷酷，第三眼野性
PS01031,孤傲,温润,散漫,孤傲、温润、散漫,孤傲→收紧动作幅度与表情；温润→锐利眼型；散漫→破损细节,第一眼孤傲，第二眼温润，第三眼散漫
PS01032,温润,散漫,局促,温润、散漫、局促,温润→收紧动作幅度与表情；散漫→非人平静；局促→层叠结构,第一眼温润，第二眼散漫，第三眼局促
PS01033,高贵,市井,坦然,高贵、市井、坦然,高贵→收紧动作幅度与表情；市井→放松眼尾/嘴角；坦然→高洁材质,第一眼高贵，第二眼市井，第三眼坦然
PS01034,坚毅,聪慧,坦然,坚毅、聪慧、坦然,坚毅→收紧动作幅度与表情；聪慧→材质温润；坦然→破损细节,第一眼坚毅，第二眼聪慧，第三眼坦然
PS01035,聪慧,执拗,沧桑,聪慧、执拗、沧桑,聪慧→收紧动作幅度与表情；执拗→结构不对称；沧桑→简洁剪影,第一眼聪慧，第二眼执拗，第三眼沧桑
PS01036,局促,虔诚,张扬,局促、虔诚、张扬,局促→收紧动作幅度与表情；虔诚→锐利眼型；张扬→高洁材质,第一眼局促，第二眼虔诚，第三眼张扬
PS01037,病弱,直率,柔软,病弱、直率、柔软,病弱→收紧动作幅度与表情；直率→放松眼尾/嘴角；柔软→破损细节,第一眼病弱，第二眼直率，第三眼柔软
PS01038,清冷,强健,阴郁,清冷、强健、阴郁,清冷→收紧动作幅度与表情；强健→稳定眼神；阴郁→层叠结构,第一眼清冷，第二眼强健，第三眼阴郁
PS01039,妖异,冷酷,可靠,妖异、冷酷、可靠,妖异→收紧动作幅度与表情；冷酷→放松眼尾/嘴角；可靠→破损细节,第一眼妖异，第二眼冷酷，第三眼可靠
PS01040,危险,散漫,阴郁,危险、散漫、阴郁,危险→收紧动作幅度与表情；散漫→稳定眼神；阴郁→反差配色,第一眼危险，第二眼散漫，第三眼阴郁
PS01041,放纵,阴郁,坚毅,放纵、阴郁、坚毅,放纵→收紧动作幅度与表情；阴郁→放松眼尾/嘴角；坚毅→简洁剪影,第一眼放纵，第二眼阴郁，第三眼坚毅
PS01042,清冷,通透,柔软,清冷、通透、柔软,清冷→收紧动作幅度与表情；通透→非人平静；柔软→层叠结构,第一眼清冷，第二眼通透，第三眼柔软
PS01043,躁动,明亮,克制,躁动、明亮、克制,躁动→收紧动作幅度与表情；明亮→结构不对称；克制→层叠结构,第一眼躁动，第二眼明亮，第三眼克制
PS01044,散漫,执拗,叛逆,散漫、执拗、叛逆,散漫→收紧动作幅度与表情；执拗→材质温润；叛逆→破损细节,第一眼散漫，第二眼执拗，第三眼叛逆
PS01045,聪慧,阴郁,通透,聪慧、阴郁、通透,聪慧→收紧动作幅度与表情；阴郁→锐利眼型；通透→层叠结构,第一眼聪慧，第二眼阴郁，第三眼通透
PS01046,凌厉,疯狂,散漫,凌厉、疯狂、散漫,凌厉→收紧动作幅度与表情；疯狂→稳定眼神；散漫→简洁剪影,第一眼凌厉，第二眼疯狂，第三眼散漫
PS01047,温润,强健,天真,温润、强健、天真,温润→收紧动作幅度与表情；强健→放松眼尾/嘴角；天真→高洁材质,第一眼温润，第二眼强健，第三眼天真
PS01048,强健,野性,清冷,强健、野性、清冷,强健→收紧动作幅度与表情；野性→非人平静；清冷→反差配色,第一眼强健，第二眼野性，第三眼清冷
PS01049,冷酷,市井,温柔,冷酷、市井、温柔,冷酷→收紧动作幅度与表情；市井→强烈轮廓；温柔→高洁材质,第一眼冷酷，第二眼市井，第三眼温柔
PS01050,温柔,沉稳,坦然,温柔、沉稳、坦然,温柔→收紧动作幅度与表情；沉稳→结构不对称；坦然→层叠结构,第一眼温柔，第二眼沉稳，第三眼坦然
PS01051,亲和,执拗,克己,亲和、执拗、克己,亲和→收紧动作幅度与表情；执拗→锐利眼型；克己→反差配色,第一眼亲和，第二眼执拗，第三眼克己
PS01052,暴烈,天真,隐忍,暴烈、天真、隐忍,暴烈→收紧动作幅度与表情；天真→材质温润；隐忍→高洁材质,第一眼暴烈，第二眼天真，第三眼隐忍
PS01053,温柔,克己,警觉,温柔、克己、警觉,温柔→收紧动作幅度与表情；克己→稳定眼神；警觉→简洁剪影,第一眼温柔，第二眼克己，第三眼警觉
PS01054,通透,冷酷,凌厉,通透、冷酷、凌厉,通透→收紧动作幅度与表情；冷酷→强烈轮廓；凌厉→简洁剪影,第一眼通透，第二眼冷酷，第三眼凌厉
PS01055,温柔,高贵,通透,温柔、高贵、通透,温柔→收紧动作幅度与表情；高贵→放松眼尾/嘴角；通透→高洁材质,第一眼温柔，第二眼高贵，第三眼通透
PS01056,悲悯,清冷,疯狂,悲悯、清冷、疯狂,悲悯→收紧动作幅度与表情；清冷→材质温润；疯狂→反差配色,第一眼悲悯，第二眼清冷，第三眼疯狂
PS01057,强健,执拗,局促,强健、执拗、局促,强健→收紧动作幅度与表情；执拗→强烈轮廓；局促→高洁材质,第一眼强健，第二眼执拗，第三眼局促
PS01058,阴郁,暴烈,清冷,阴郁、暴烈、清冷,阴郁→收紧动作幅度与表情；暴烈→放松眼尾/嘴角；清冷→反差配色,第一眼阴郁，第二眼暴烈，第三眼清冷
PS01059,放纵,隐忍,坦然,放纵、隐忍、坦然,放纵→收紧动作幅度与表情；隐忍→放松眼尾/嘴角；坦然→反差配色,第一眼放纵，第二眼隐忍，第三眼坦然
PS01060,温润,高贵,放纵,温润、高贵、放纵,温润→收紧动作幅度与表情；高贵→结构不对称；放纵→简洁剪影,第一眼温润，第二眼高贵，第三眼放纵
PS01061,坦然,克制,亲和,坦然、克制、亲和,坦然→收紧动作幅度与表情；克制→材质温润；亲和→反差配色,第一眼坦然，第二眼克制，第三眼亲和
PS01062,病弱,温润,沉静,病弱、温润、沉静,病弱→收紧动作幅度与表情；温润→材质温润；沉静→层叠结构,第一眼病弱，第二眼温润，第三眼沉静
PS01063,神秘,病弱,克制,神秘、病弱、克制,神秘→收紧动作幅度与表情；病弱→稳定眼神；克制→简洁剪影,第一眼神秘，第二眼病弱，第三眼克制
PS01064,阴郁,亲和,市井,阴郁、亲和、市井,阴郁→收紧动作幅度与表情；亲和→锐利眼型；市井→破损细节,第一眼阴郁，第二眼亲和，第三眼市井
PS01065,强健,清冷,克己,强健、清冷、克己,强健→收紧动作幅度与表情；清冷→锐利眼型；克己→反差配色,第一眼强健，第二眼清冷，第三眼克己
PS01066,从容,清冷,直率,从容、清冷、直率,从容→收紧动作幅度与表情；清冷→材质温润；直率→高洁材质,第一眼从容，第二眼清冷，第三眼直率
PS01067,坦然,放纵,阴郁,坦然、放纵、阴郁,坦然→收紧动作幅度与表情；放纵→材质温润；阴郁→破损细节,第一眼坦然，第二眼放纵，第三眼阴郁
PS01068,沉静,暴烈,凌厉,沉静、暴烈、凌厉,沉静→收紧动作幅度与表情；暴烈→放松眼尾/嘴角；凌厉→高洁材质,第一眼沉静，第二眼暴烈，第三眼凌厉
PS01069,清冷,神秘,神性,清冷、神秘、神性,清冷→收紧动作幅度与表情；神秘→强烈轮廓；神性→破损细节,第一眼清冷，第二眼神秘，第三眼神性
PS01070,直率,野性,隐忍,直率、野性、隐忍,直率→收紧动作幅度与表情；野性→强烈轮廓；隐忍→简洁剪影,第一眼直率，第二眼野性，第三眼隐忍
PS01071,聪慧,散漫,阴郁,聪慧、散漫、阴郁,聪慧→收紧动作幅度与表情；散漫→放松眼尾/嘴角；阴郁→反差配色,第一眼聪慧，第二眼散漫，第三眼阴郁
PS01072,市井,躁动,妖异,市井、躁动、妖异,市井→收紧动作幅度与表情；躁动→放松眼尾/嘴角；妖异→破损细节,第一眼市井，第二眼躁动，第三眼妖异
PS01073,神秘,孤傲,天真,神秘、孤傲、天真,神秘→收紧动作幅度与表情；孤傲→锐利眼型；天真→高洁材质,第一眼神秘，第二眼孤傲，第三眼天真
PS01074,病弱,凌厉,虔诚,病弱、凌厉、虔诚,病弱→收紧动作幅度与表情；凌厉→强烈轮廓；虔诚→反差配色,第一眼病弱，第二眼凌厉，第三眼虔诚
PS01075,慵懒,清冷,坦然,慵懒、清冷、坦然,慵懒→收紧动作幅度与表情；清冷→非人平静；坦然→高洁材质,第一眼慵懒，第二眼清冷，第三眼坦然
PS01076,神秘,执拗,散漫,神秘、执拗、散漫,神秘→收紧动作幅度与表情；执拗→锐利眼型；散漫→层叠结构,第一眼神秘，第二眼执拗，第三眼散漫
PS01077,放纵,疯狂,凌厉,放纵、疯狂、凌厉,放纵→收紧动作幅度与表情；疯狂→放松眼尾/嘴角；凌厉→破损细节,第一眼放纵，第二眼疯狂，第三眼凌厉
PS01078,市井,坚毅,悲悯,市井、坚毅、悲悯,市井→收紧动作幅度与表情；坚毅→结构不对称；悲悯→破损细节,第一眼市井，第二眼坚毅，第三眼悲悯
PS01079,清冷,沉静,神性,清冷、沉静、神性,清冷→收紧动作幅度与表情；沉静→结构不对称；神性→层叠结构,第一眼清冷，第二眼沉静，第三眼神性
PS01080,阴郁,疏离,高贵,阴郁、疏离、高贵,阴郁→收紧动作幅度与表情；疏离→结构不对称；高贵→高洁材质,第一眼阴郁，第二眼疏离，第三眼高贵
PS01081,孤傲,隐忍,克制,孤傲、隐忍、克制,孤傲→收紧动作幅度与表情；隐忍→非人平静；克制→反差配色,第一眼孤傲，第二眼隐忍，第三眼克制
PS01082,冷酷,强健,直率,冷酷、强健、直率,冷酷→收紧动作幅度与表情；强健→强烈轮廓；直率→简洁剪影,第一眼冷酷，第二眼强健，第三眼直率
PS01083,虔诚,躁动,疯狂,虔诚、躁动、疯狂,虔诚→收紧动作幅度与表情；躁动→结构不对称；疯狂→层叠结构,第一眼虔诚，第二眼躁动，第三眼疯狂
PS01084,妖异,亲和,阴郁,妖异、亲和、阴郁,妖异→收紧动作幅度与表情；亲和→放松眼尾/嘴角；阴郁→高洁材质,第一眼妖异，第二眼亲和，第三眼阴郁
PS01085,沉静,亲和,坦然,沉静、亲和、坦然,沉静→收紧动作幅度与表情；亲和→放松眼尾/嘴角；坦然→破损细节,第一眼沉静，第二眼亲和，第三眼坦然
PS01086,虔诚,市井,高贵,虔诚、市井、高贵,虔诚→收紧动作幅度与表情；市井→强烈轮廓；高贵→层叠结构,第一眼虔诚，第二眼市井，第三眼高贵
PS01087,狠戾,慵懒,沧桑,狠戾、慵懒、沧桑,狠戾→收紧动作幅度与表情；慵懒→锐利眼型；沧桑→简洁剪影,第一眼狠戾，第二眼慵懒，第三眼沧桑
PS01088,强健,执拗,天真,强健、执拗、天真,强健→收紧动作幅度与表情；执拗→材质温润；天真→高洁材质,第一眼强健，第二眼执拗，第三眼天真
PS01089,张扬,温柔,局促,张扬、温柔、局促,张扬→收紧动作幅度与表情；温柔→非人平静；局促→反差配色,第一眼张扬，第二眼温柔，第三眼局促
PS01090,躁动,清冷,疏离,躁动、清冷、疏离,躁动→收紧动作幅度与表情；清冷→结构不对称；疏离→层叠结构,第一眼躁动，第二眼清冷，第三眼疏离
PS01091,疏离,隐忍,温雅,疏离、隐忍、温雅,疏离→收紧动作幅度与表情；隐忍→强烈轮廓；温雅→高洁材质,第一眼疏离，第二眼隐忍，第三眼温雅
PS01092,神性,散漫,狠戾,神性、散漫、狠戾,神性→收紧动作幅度与表情；散漫→材质温润；狠戾→层叠结构,第一眼神性，第二眼散漫，第三眼狠戾
PS01093,局促,虔诚,执拗,局促、虔诚、执拗,局促→收紧动作幅度与表情；虔诚→结构不对称；执拗→反差配色,第一眼局促，第二眼虔诚，第三眼执拗
PS01094,慵懒,疏离,清冷,慵懒、疏离、清冷,慵懒→收紧动作幅度与表情；疏离→材质温润；清冷→反差配色,第一眼慵懒，第二眼疏离，第三眼清冷
PS01095,危险,柔软,散漫,危险、柔软、散漫,危险→收紧动作幅度与表情；柔软→强烈轮廓；散漫→反差配色,第一眼危险，第二眼柔软，第三眼散漫
PS01096,温雅,坚毅,执拗,温雅、坚毅、执拗,温雅→收紧动作幅度与表情；坚毅→放松眼尾/嘴角；执拗→高洁材质,第一眼温雅，第二眼坚毅，第三眼执拗
PS01097,温雅,克制,柔软,温雅、克制、柔软,温雅→收紧动作幅度与表情；克制→放松眼尾/嘴角；柔软→反差配色,第一眼温雅，第二眼克制，第三眼柔软
PS01098,天真,散漫,从容,天真、散漫、从容,天真→收紧动作幅度与表情；散漫→结构不对称；从容→层叠结构,第一眼天真，第二眼散漫，第三眼从容
PS01099,高贵,克己,亲和,高贵、克己、亲和,高贵→收紧动作幅度与表情；克己→结构不对称；亲和→反差配色,第一眼高贵，第二眼克己，第三眼亲和
PS01100,阴郁,明亮,克己,阴郁、明亮、克己,阴郁→收紧动作幅度与表情；明亮→锐利眼型；克己→反差配色,第一眼阴郁，第二眼明亮，第三眼克己
