ability_id,机制,来源,媒介,接触方式,结果,一句话
AB0001,位置改变,契约,血,范围笼罩,交换位置,以契约为源、血为媒介：位置改变；范围笼罩 → 交换位置
AB0002,嵌套,血脉,雾,范围笼罩,吸收结构,以血脉为源、雾为媒介：嵌套；范围笼罩 → 吸收结构
AB0003,伪装,契约,纹,接触命中,交换位置,以契约为源、纹为媒介：伪装；接触命中 → 交换位置
AB0004,折叠,异化,气,视线锁定,交换位置,以异化为源、气为媒介：折叠；视线锁定 → 交换位置
AB0005,复制,功法,尘,范围笼罩,交换位置,以功法为源、尘为媒介：复制；范围笼罩 → 交换位置
AB0006,寄生,血脉,光,地面蔓延,剥夺行动,以血脉为源、光为媒介：寄生；地面蔓延 → 剥夺行动
AB0007,吞噬,残缺体质,雾,接触命中,吸收结构,以残缺体质为源、雾为媒介：吞噬；接触命中 → 吸收结构
AB0008,削弱,功法,气,地面蔓延,吸收结构,以功法为源、气为媒介：削弱；地面蔓延 → 吸收结构
AB0009,复制,器物,血,视线锁定,复制信息,以器物为源、血为媒介：复制；视线锁定 → 复制信息
AB0010,回响,契约,纹,地面蔓延,制造错误感知,以契约为源、纹为媒介：回响；地面蔓延 → 制造错误感知
AB0011,锚定,共鸣,影,视线锁定,交换位置,以共鸣为源、影为媒介：锚定；视线锁定 → 交换位置
AB0012,折叠,功法,血,接触命中,标记目标,以功法为源、血为媒介：折叠；接触命中 → 标记目标
AB0013,强化,天授,雷,地面蔓延,改变因果顺序,以天授为源、雷为媒介：强化；地面蔓延 → 改变因果顺序
AB0014,吞噬,异化,尘,视线锁定,造成位移,以异化为源、尘为媒介：吞噬；视线锁定 → 造成位移
AB0015,记录,残缺体质,影,范围笼罩,标记目标,以残缺体质为源、影为媒介：记录；范围笼罩 → 标记目标
AB0016,回溯,契约,雾,视线锁定,改变因果顺序,以契约为源、雾为媒介：回溯；视线锁定 → 改变因果顺序
AB0017,转移,功法,声,媒介传导,吸收结构,以功法为源、声为媒介：转移；媒介传导 → 吸收结构
AB0018,锚定,异化,气,接触命中,剥夺行动,以异化为源、气为媒介：锚定；接触命中 → 剥夺行动
AB0019,加速,共鸣,光,地面蔓延,吸收结构,以共鸣为源、光为媒介：加速；地面蔓延 → 吸收结构
AB0020,强化,契约,气,地面蔓延,剥夺行动,以契约为源、气为媒介：强化；地面蔓延 → 剥夺行动
AB0021,回响,残缺体质,尘,视线锁定,复制信息,以残缺体质为源、尘为媒介：回响；视线锁定 → 复制信息
AB0022,伪装,异化,声,媒介传导,改变身体规则,以异化为源、声为媒介：伪装；媒介传导 → 改变身体规则
AB0023,折叠,残缺体质,光,视线锁定,吸收结构,以残缺体质为源、光为媒介：折叠；视线锁定 → 吸收结构
AB0024,重构,天授,影,接触命中,复制信息,以天授为源、影为媒介：重构；接触命中 → 复制信息
AB0025,延迟,共鸣,雾,视线锁定,交换位置,以共鸣为源、雾为媒介：延迟；视线锁定 → 交换位置
AB0026,延迟,天授,声,媒介传导,限制变化,以天授为源、声为媒介：延迟；媒介传导 → 限制变化
AB0027,回溯,器物,雾,媒介传导,吸收结构,以器物为源、雾为媒介：回溯；媒介传导 → 吸收结构
AB0028,锚定,异化,纹,视线锁定,限制变化,以异化为源、纹为媒介：锚定；视线锁定 → 限制变化
AB0029,折叠,共鸣,雾,范围笼罩,制造错误感知,以共鸣为源、雾为媒介：折叠；范围笼罩 → 制造错误感知
AB0030,回溯,残缺体质,声,视线锁定,限制变化,以残缺体质为源、声为媒介：回溯；视线锁定 → 限制变化
AB0031,削弱,器物,光,媒介传导,复制信息,以器物为源、光为媒介：削弱；媒介传导 → 复制信息
AB0032,吞噬,天授,雾,接触命中,改变因果顺序,以天授为源、雾为媒介：吞噬；接触命中 → 改变因果顺序
AB0033,回响,天授,光,地面蔓延,吸收结构,以天授为源、光为媒介：回响；地面蔓延 → 吸收结构
AB0034,回溯,器物,声,范围笼罩,制造错误感知,以器物为源、声为媒介：回溯；范围笼罩 → 制造错误感知
AB0035,延迟,契约,血,接触命中,交换位置,以契约为源、血为媒介：延迟；接触命中 → 交换位置
AB0036,方向改变,异化,雾,范围笼罩,造成位移,以异化为源、雾为媒介：方向改变；范围笼罩 → 造成位移
AB0037,剥离,天授,光,接触命中,标记目标,以天授为源、光为媒介：剥离；接触命中 → 标记目标
AB0038,空间连接,共鸣,气,接触命中,标记目标,以共鸣为源、气为媒介：空间连接；接触命中 → 标记目标
AB0039,共振,血脉,气,地面蔓延,改变因果顺序,以血脉为源、气为媒介：共振；地面蔓延 → 改变因果顺序
AB0040,延迟,契约,血,媒介传导,标记目标,以契约为源、血为媒介：延迟；媒介传导 → 标记目标
AB0041,回响,血脉,雷,范围笼罩,复制信息,以血脉为源、雷为媒介：回响；范围笼罩 → 复制信息
AB0042,折叠,异化,雷,范围笼罩,交换位置,以异化为源、雷为媒介：折叠；范围笼罩 → 交换位置
AB0043,空间连接,器物,纹,范围笼罩,限制变化,以器物为源、纹为媒介：空间连接；范围笼罩 → 限制变化
AB0044,延迟,共鸣,影,范围笼罩,交换位置,以共鸣为源、影为媒介：延迟；范围笼罩 → 交换位置
AB0045,记录,功法,气,媒介传导,吸收结构,以功法为源、气为媒介：记录；媒介传导 → 吸收结构
AB0046,分解,残缺体质,纹,地面蔓延,交换位置,以残缺体质为源、纹为媒介：分解；地面蔓延 → 交换位置
AB0047,冻结,契约,尘,范围笼罩,限制变化,以契约为源、尘为媒介：冻结；范围笼罩 → 限制变化
AB0048,伪装,血脉,血,地面蔓延,复制信息,以血脉为源、血为媒介：伪装；地面蔓延 → 复制信息
AB0049,错位,血脉,声,地面蔓延,剥夺行动,以血脉为源、声为媒介：错位；地面蔓延 → 剥夺行动
AB0050,折叠,残缺体质,纹,接触命中,限制变化,以残缺体质为源、纹为媒介：折叠；接触命中 → 限制变化
AB0051,转移,残缺体质,血,接触命中,改变因果顺序,以残缺体质为源、血为媒介：转移；接触命中 → 改变因果顺序
AB0052,伪装,天授,纹,视线锁定,改变身体规则,以天授为源、纹为媒介：伪装；视线锁定 → 改变身体规则
AB0053,标记,异化,尘,范围笼罩,改变因果顺序,以异化为源、尘为媒介：标记；范围笼罩 → 改变因果顺序
AB0054,折叠,功法,纹,范围笼罩,造成位移,以功法为源、纹为媒介：折叠；范围笼罩 → 造成位移
AB0055,分解,残缺体质,纹,范围笼罩,改变身体规则,以残缺体质为源、纹为媒介：分解；范围笼罩 → 改变身体规则
AB0056,错位,器物,气,媒介传导,改变因果顺序,以器物为源、气为媒介：错位；媒介传导 → 改变因果顺序
AB0057,错位,共鸣,光,媒介传导,限制变化,以共鸣为源、光为媒介：错位；媒介传导 → 限制变化
AB0058,寄生,残缺体质,影,地面蔓延,改变身体规则,以残缺体质为源、影为媒介：寄生；地面蔓延 → 改变身体规则
AB0059,错位,器物,声,接触命中,制造错误感知,以器物为源、声为媒介：错位；接触命中 → 制造错误感知
AB0060,延迟,血脉,气,视线锁定,制造错误感知,以血脉为源、气为媒介：延迟；视线锁定 → 制造错误感知
AB0061,转移,契约,光,地面蔓延,标记目标,以契约为源、光为媒介：转移；地面蔓延 → 标记目标
AB0062,状态交换,共鸣,血,接触命中,造成位移,以共鸣为源、血为媒介：状态交换；接触命中 → 造成位移
AB0063,复制,契约,雷,地面蔓延,制造错误感知,以契约为源、雷为媒介：复制；地面蔓延 → 制造错误感知
AB0064,重构,残缺体质,声,地面蔓延,制造错误感知,以残缺体质为源、声为媒介：重构；地面蔓延 → 制造错误感知
AB0065,加速,残缺体质,雾,接触命中,复制信息,以残缺体质为源、雾为媒介：加速；接触命中 → 复制信息
AB0066,剥离,残缺体质,尘,范围笼罩,交换位置,以残缺体质为源、尘为媒介：剥离；范围笼罩 → 交换位置
AB0067,共振,异化,雷,范围笼罩,改变因果顺序,以异化为源、雷为媒介：共振；范围笼罩 → 改变因果顺序
AB0068,位置改变,残缺体质,丝,视线锁定,造成位移,以残缺体质为源、丝为媒介：位置改变；视线锁定 → 造成位移
AB0069,标记,血脉,血,范围笼罩,吸收结构,以血脉为源、血为媒介：标记；范围笼罩 → 吸收结构
AB0070,嵌套,血脉,血,视线锁定,交换位置,以血脉为源、血为媒介：嵌套；视线锁定 → 交换位置
AB0071,吞噬,共鸣,气,接触命中,交换位置,以共鸣为源、气为媒介：吞噬；接触命中 → 交换位置
AB0072,折叠,血脉,光,视线锁定,剥夺行动,以血脉为源、光为媒介：折叠；视线锁定 → 剥夺行动
AB0073,共振,残缺体质,雷,范围笼罩,交换位置,以残缺体质为源、雷为媒介：共振；范围笼罩 → 交换位置
AB0074,记录,共鸣,雷,媒介传导,剥夺行动,以共鸣为源、雷为媒介：记录；媒介传导 → 剥夺行动
AB0075,回响,血脉,影,视线锁定,改变身体规则,以血脉为源、影为媒介：回响；视线锁定 → 改变身体规则
AB0076,冻结,器物,气,范围笼罩,剥夺行动,以器物为源、气为媒介：冻结；范围笼罩 → 剥夺行动
AB0077,冻结,共鸣,气,地面蔓延,交换位置,以共鸣为源、气为媒介：冻结；地面蔓延 → 交换位置
AB0078,寄生,契约,丝,媒介传导,复制信息,以契约为源、丝为媒介：寄生；媒介传导 → 复制信息
AB0079,位置改变,天授,雷,地面蔓延,吸收结构,以天授为源、雷为媒介：位置改变；地面蔓延 → 吸收结构
AB0080,伪装,异化,声,地面蔓延,改变因果顺序,以异化为源、声为媒介：伪装；地面蔓延 → 改变因果顺序
AB0081,吞噬,契约,光,视线锁定,改变因果顺序,以契约为源、光为媒介：吞噬；视线锁定 → 改变因果顺序
AB0082,共振,契约,尘,接触命中,标记目标,以契约为源、尘为媒介：共振；接触命中 → 标记目标
AB0083,折叠,器物,影,范围笼罩,改变身体规则,以器物为源、影为媒介：折叠；范围笼罩 → 改变身体规则
AB0084,共振,共鸣,尘,范围笼罩,交换位置,以共鸣为源、尘为媒介：共振；范围笼罩 → 交换位置
AB0085,吞噬,契约,影,范围笼罩,制造错误感知,以契约为源、影为媒介：吞噬；范围笼罩 → 制造错误感知
AB0086,重构,功法,影,视线锁定,改变身体规则,以功法为源、影为媒介：重构；视线锁定 → 改变身体规则
AB0087,方向改变,异化,丝,接触命中,剥夺行动,以异化为源、丝为媒介：方向改变；接触命中 → 剥夺行动
AB0088,方向改变,血脉,尘,媒介传导,制造错误感知,以血脉为源、尘为媒介：方向改变；媒介传导 → 制造错误感知
AB0089,锚定,功法,纹,范围笼罩,剥夺行动,以功法为源、纹为媒介：锚定；范围笼罩 → 剥夺行动
AB0090,寄生,残缺体质,丝,范围笼罩,制造错误感知,以残缺体质为源、丝为媒介：寄生；范围笼罩 → 制造错误感知
AB0091,标记,天授,雾,视线锁定,造成位移,以天授为源、雾为媒介：标记；视线锁定 → 造成位移
AB0092,剥离,血脉,声,接触命中,吸收结构,以血脉为源、声为媒介：剥离；接触命中 → 吸收结构
AB0093,标记,天授,气,地面蔓延,制造错误感知,以天授为源、气为媒介：标记；地面蔓延 → 制造错误感知
AB0094,回溯,共鸣,尘,视线锁定,造成位移,以共鸣为源、尘为媒介：回溯；视线锁定 → 造成位移
AB0095,复制,残缺体质,雷,地面蔓延,限制变化,以残缺体质为源、雷为媒介：复制；地面蔓延 → 限制变化
AB0096,记录,共鸣,气,范围笼罩,交换位置,以共鸣为源、气为媒介：记录；范围笼罩 → 交换位置
AB0097,折叠,器物,光,媒介传导,标记目标,以器物为源、光为媒介：折叠；媒介传导 → 标记目标
AB0098,加速,共鸣,雷,媒介传导,剥夺行动,以共鸣为源、雷为媒介：加速；媒介传导 → 剥夺行动
AB0099,转移,天授,光,接触命中,交换位置,以天授为源、光为媒介：转移；接触命中 → 交换位置
AB0100,标记,功法,血,视线锁定,交换位置,以功法为源、血为媒介：标记；视线锁定 → 交换位置
AB0101,位置改变,异化,血,范围笼罩,改变因果顺序,以异化为源、血为媒介：位置改变；范围笼罩 → 改变因果顺序
AB0102,转移,天授,气,地面蔓延,标记目标,以天授为源、气为媒介：转移；地面蔓延 → 标记目标
AB0103,状态交换,契约,血,地面蔓延,制造错误感知,以契约为源、血为媒介：状态交换；地面蔓延 → 制造错误感知
AB0104,位置改变,天授,纹,媒介传导,剥夺行动,以天授为源、纹为媒介：位置改变；媒介传导 → 剥夺行动
AB0105,嵌套,异化,雾,接触命中,标记目标,以异化为源、雾为媒介：嵌套；接触命中 → 标记目标
AB0106,嵌套,天授,影,媒介传导,改变因果顺序,以天授为源、影为媒介：嵌套；媒介传导 → 改变因果顺序
AB0107,重构,血脉,雷,范围笼罩,交换位置,以血脉为源、雷为媒介：重构；范围笼罩 → 交换位置
AB0108,吞噬,异化,气,媒介传导,吸收结构,以异化为源、气为媒介：吞噬；媒介传导 → 吸收结构
AB0109,回响,异化,雾,视线锁定,改变身体规则,以异化为源、雾为媒介：回响；视线锁定 → 改变身体规则
AB0110,错位,天授,尘,视线锁定,交换位置,以天授为源、尘为媒介：错位；视线锁定 → 交换位置
AB0111,分解,异化,光,接触命中,剥夺行动,以异化为源、光为媒介：分解；接触命中 → 剥夺行动
AB0112,方向改变,功法,丝,视线锁定,制造错误感知,以功法为源、丝为媒介：方向改变；视线锁定 → 制造错误感知
AB0113,错位,天授,雾,媒介传导,限制变化,以天授为源、雾为媒介：错位；媒介传导 → 限制变化
AB0114,复制,器物,影,地面蔓延,吸收结构,以器物为源、影为媒介：复制；地面蔓延 → 吸收结构
AB0115,加速,功法,雾,媒介传导,限制变化,以功法为源、雾为媒介：加速；媒介传导 → 限制变化
AB0116,转移,异化,雾,媒介传导,剥夺行动,以异化为源、雾为媒介：转移；媒介传导 → 剥夺行动
AB0117,加速,共鸣,雾,接触命中,交换位置,以共鸣为源、雾为媒介：加速；接触命中 → 交换位置
AB0118,空间连接,共鸣,尘,媒介传导,造成位移,以共鸣为源、尘为媒介：空间连接；媒介传导 → 造成位移
AB0119,记录,血脉,影,范围笼罩,剥夺行动,以血脉为源、影为媒介：记录；范围笼罩 → 剥夺行动
AB0120,共振,残缺体质,气,视线锁定,剥夺行动,以残缺体质为源、气为媒介：共振；视线锁定 → 剥夺行动
AB0121,共生,血脉,雷,地面蔓延,吸收结构,以血脉为源、雷为媒介：共生；地面蔓延 → 吸收结构
AB0122,记录,功法,血,接触命中,造成位移,以功法为源、血为媒介：记录；接触命中 → 造成位移
AB0123,共振,器物,纹,范围笼罩,标记目标,以器物为源、纹为媒介：共振；范围笼罩 → 标记目标
AB0124,强化,血脉,纹,媒介传导,交换位置,以血脉为源、纹为媒介：强化；媒介传导 → 交换位置
AB0125,转移,器物,血,范围笼罩,改变因果顺序,以器物为源、血为媒介：转移；范围笼罩 → 改变因果顺序
AB0126,强化,天授,纹,范围笼罩,复制信息,以天授为源、纹为媒介：强化；范围笼罩 → 复制信息
AB0127,位置改变,天授,雾,接触命中,制造错误感知,以天授为源、雾为媒介：位置改变；接触命中 → 制造错误感知
AB0128,折叠,异化,血,接触命中,改变身体规则,以异化为源、血为媒介：折叠；接触命中 → 改变身体规则
AB0129,记录,血脉,光,视线锁定,限制变化,以血脉为源、光为媒介：记录；视线锁定 → 限制变化
AB0130,吞噬,血脉,丝,范围笼罩,改变身体规则,以血脉为源、丝为媒介：吞噬；范围笼罩 → 改变身体规则
AB0131,冻结,共鸣,血,接触命中,限制变化,以共鸣为源、血为媒介：冻结；接触命中 → 限制变化
AB0132,延迟,残缺体质,血,视线锁定,造成位移,以残缺体质为源、血为媒介：延迟；视线锁定 → 造成位移
AB0133,伪装,器物,影,媒介传导,制造错误感知,以器物为源、影为媒介：伪装；媒介传导 → 制造错误感知
AB0134,嵌套,天授,光,地面蔓延,改变因果顺序,以天授为源、光为媒介：嵌套；地面蔓延 → 改变因果顺序
AB0135,回响,器物,影,接触命中,限制变化,以器物为源、影为媒介：回响；接触命中 → 限制变化
AB0136,状态交换,共鸣,影,视线锁定,吸收结构,以共鸣为源、影为媒介：状态交换；视线锁定 → 吸收结构
AB0137,吞噬,残缺体质,血,范围笼罩,剥夺行动,以残缺体质为源、血为媒介：吞噬；范围笼罩 → 剥夺行动
AB0138,方向改变,契约,雷,接触命中,复制信息,以契约为源、雷为媒介：方向改变；接触命中 → 复制信息
AB0139,冻结,功法,影,范围笼罩,剥夺行动,以功法为源、影为媒介：冻结；范围笼罩 → 剥夺行动
AB0140,位置改变,异化,气,媒介传导,复制信息,以异化为源、气为媒介：位置改变；媒介传导 → 复制信息
AB0141,共生,器物,声,地面蔓延,交换位置,以器物为源、声为媒介：共生；地面蔓延 → 交换位置
AB0142,回响,异化,尘,媒介传导,复制信息,以异化为源、尘为媒介：回响；媒介传导 → 复制信息
AB0143,复制,血脉,尘,媒介传导,造成位移,以血脉为源、尘为媒介：复制；媒介传导 → 造成位移
AB0144,重构,异化,光,范围笼罩,剥夺行动,以异化为源、光为媒介：重构；范围笼罩 → 剥夺行动
AB0145,强化,异化,光,视线锁定,剥夺行动,以异化为源、光为媒介：强化；视线锁定 → 剥夺行动
AB0146,状态交换,残缺体质,声,接触命中,标记目标,以残缺体质为源、声为媒介：状态交换；接触命中 → 标记目标
AB0147,嵌套,器物,声,视线锁定,吸收结构,以器物为源、声为媒介：嵌套；视线锁定 → 吸收结构
AB0148,强化,器物,影,范围笼罩,限制变化,以器物为源、影为媒介：强化；范围笼罩 → 限制变化
AB0149,方向改变,契约,尘,媒介传导,制造错误感知,以契约为源、尘为媒介：方向改变；媒介传导 → 制造错误感知
AB0150,寄生,契约,纹,接触命中,吸收结构,以契约为源、纹为媒介：寄生；接触命中 → 吸收结构
AB0151,共生,契约,丝,接触命中,改变因果顺序,以契约为源、丝为媒介：共生；接触命中 → 改变因果顺序
AB0152,复制,天授,纹,地面蔓延,造成位移,以天授为源、纹为媒介：复制；地面蔓延 → 造成位移
AB0153,回溯,契约,血,地面蔓延,制造错误感知,以契约为源、血为媒介：回溯；地面蔓延 → 制造错误感知
AB0154,削弱,血脉,丝,地面蔓延,限制变化,以血脉为源、丝为媒介：削弱；地面蔓延 → 限制变化
AB0155,寄生,天授,血,媒介传导,改变因果顺序,以天授为源、血为媒介：寄生；媒介传导 → 改变因果顺序
AB0156,锚定,功法,尘,媒介传导,标记目标,以功法为源、尘为媒介：锚定；媒介传导 → 标记目标
AB0157,位置改变,器物,声,地面蔓延,改变因果顺序,以器物为源、声为媒介：位置改变；地面蔓延 → 改变因果顺序
AB0158,分解,异化,尘,地面蔓延,标记目标,以异化为源、尘为媒介：分解；地面蔓延 → 标记目标
AB0159,记录,契约,声,媒介传导,造成位移,以契约为源、声为媒介：记录；媒介传导 → 造成位移
AB0160,回溯,天授,尘,接触命中,标记目标,以天授为源、尘为媒介：回溯；接触命中 → 标记目标
AB0161,回响,共鸣,影,视线锁定,吸收结构,以共鸣为源、影为媒介：回响；视线锁定 → 吸收结构
AB0162,剥离,契约,光,范围笼罩,剥夺行动,以契约为源、光为媒介：剥离；范围笼罩 → 剥夺行动
AB0163,错位,共鸣,声,范围笼罩,制造错误感知,以共鸣为源、声为媒介：错位；范围笼罩 → 制造错误感知
AB0164,延迟,残缺体质,影,地面蔓延,交换位置,以残缺体质为源、影为媒介：延迟；地面蔓延 → 交换位置
AB0165,错位,残缺体质,纹,范围笼罩,交换位置,以残缺体质为源、纹为媒介：错位；范围笼罩 → 交换位置
AB0166,共生,器物,雾,媒介传导,改变身体规则,以器物为源、雾为媒介：共生；媒介传导 → 改变身体规则
AB0167,标记,器物,雾,范围笼罩,标记目标,以器物为源、雾为媒介：标记；范围笼罩 → 标记目标
AB0168,吞噬,器物,光,媒介传导,剥夺行动,以器物为源、光为媒介：吞噬；媒介传导 → 剥夺行动
AB0169,剥离,天授,光,视线锁定,改变因果顺序,以天授为源、光为媒介：剥离；视线锁定 → 改变因果顺序
AB0170,方向改变,残缺体质,声,接触命中,剥夺行动,以残缺体质为源、声为媒介：方向改变；接触命中 → 剥夺行动
AB0171,复制,血脉,雷,地面蔓延,造成位移,以血脉为源、雷为媒介：复制；地面蔓延 → 造成位移
AB0172,分解,残缺体质,血,接触命中,吸收结构,以残缺体质为源、血为媒介：分解；接触命中 → 吸收结构
AB0173,转移,功法,声,视线锁定,改变因果顺序,以功法为源、声为媒介：转移；视线锁定 → 改变因果顺序
AB0174,重构,共鸣,尘,接触命中,标记目标,以共鸣为源、尘为媒介：重构；接触命中 → 标记目标
AB0175,削弱,功法,气,范围笼罩,标记目标,以功法为源、气为媒介：削弱；范围笼罩 → 标记目标
AB0176,共振,契约,雾,媒介传导,标记目标,以契约为源、雾为媒介：共振；媒介传导 → 标记目标
AB0177,方向改变,残缺体质,尘,媒介传导,改变身体规则,以残缺体质为源、尘为媒介：方向改变；媒介传导 → 改变身体规则
AB0178,折叠,天授,气,媒介传导,交换位置,以天授为源、气为媒介：折叠；媒介传导 → 交换位置
AB0179,回响,功法,纹,接触命中,改变身体规则,以功法为源、纹为媒介：回响；接触命中 → 改变身体规则
AB0180,嵌套,功法,气,接触命中,交换位置,以功法为源、气为媒介：嵌套；接触命中 → 交换位置
AB0181,嵌套,共鸣,尘,接触命中,吸收结构,以共鸣为源、尘为媒介：嵌套；接触命中 → 吸收结构
AB0182,方向改变,器物,丝,范围笼罩,吸收结构,以器物为源、丝为媒介：方向改变；范围笼罩 → 吸收结构
AB0183,锚定,共鸣,雾,接触命中,限制变化,以共鸣为源、雾为媒介：锚定；接触命中 → 限制变化
AB0184,分解,异化,雷,范围笼罩,造成位移,以异化为源、雷为媒介：分解；范围笼罩 → 造成位移
AB0185,共振,功法,血,媒介传导,改变因果顺序,以功法为源、血为媒介：共振；媒介传导 → 改变因果顺序
AB0186,位置改变,共鸣,丝,地面蔓延,标记目标,以共鸣为源、丝为媒介：位置改变；地面蔓延 → 标记目标
AB0187,方向改变,天授,雷,媒介传导,吸收结构,以天授为源、雷为媒介：方向改变；媒介传导 → 吸收结构
AB0188,强化,异化,气,地面蔓延,制造错误感知,以异化为源、气为媒介：强化；地面蔓延 → 制造错误感知
AB0189,折叠,器物,雾,接触命中,限制变化,以器物为源、雾为媒介：折叠；接触命中 → 限制变化
AB0190,回溯,共鸣,纹,接触命中,吸收结构,以共鸣为源、纹为媒介：回溯；接触命中 → 吸收结构
AB0191,共振,共鸣,气,视线锁定,标记目标,以共鸣为源、气为媒介：共振；视线锁定 → 标记目标
AB0192,标记,共鸣,丝,地面蔓延,交换位置,以共鸣为源、丝为媒介：标记；地面蔓延 → 交换位置
AB0193,错位,异化,尘,地面蔓延,标记目标,以异化为源、尘为媒介：错位；地面蔓延 → 标记目标
AB0194,剥离,契约,雾,接触命中,复制信息,以契约为源、雾为媒介：剥离；接触命中 → 复制信息
AB0195,共振,功法,雷,地面蔓延,制造错误感知,以功法为源、雷为媒介：共振；地面蔓延 → 制造错误感知
AB0196,标记,血脉,气,接触命中,改变因果顺序,以血脉为源、气为媒介：标记；接触命中 → 改变因果顺序
AB0197,共生,共鸣,光,媒介传导,交换位置,以共鸣为源、光为媒介：共生；媒介传导 → 交换位置
AB0198,回响,天授,纹,视线锁定,制造错误感知,以天授为源、纹为媒介：回响；视线锁定 → 制造错误感知
AB0199,剥离,契约,尘,地面蔓延,吸收结构,以契约为源、尘为媒介：剥离；地面蔓延 → 吸收结构
AB0200,伪装,血脉,雾,媒介传导,剥夺行动,以血脉为源、雾为媒介：伪装；媒介传导 → 剥夺行动
AB0201,重构,血脉,丝,媒介传导,复制信息,以血脉为源、丝为媒介：重构；媒介传导 → 复制信息
AB0202,错位,共鸣,声,地面蔓延,制造错误感知,以共鸣为源、声为媒介：错位；地面蔓延 → 制造错误感知
AB0203,折叠,功法,影,视线锁定,改变因果顺序,以功法为源、影为媒介：折叠；视线锁定 → 改变因果顺序
AB0204,回溯,共鸣,尘,媒介传导,剥夺行动,以共鸣为源、尘为媒介：回溯；媒介传导 → 剥夺行动
AB0205,共振,血脉,雷,接触命中,造成位移,以血脉为源、雷为媒介：共振；接触命中 → 造成位移
AB0206,记录,功法,丝,视线锁定,制造错误感知,以功法为源、丝为媒介：记录；视线锁定 → 制造错误感知
AB0207,空间连接,功法,尘,范围笼罩,标记目标,以功法为源、尘为媒介：空间连接；范围笼罩 → 标记目标
AB0208,空间连接,功法,血,地面蔓延,改变身体规则,以功法为源、血为媒介：空间连接；地面蔓延 → 改变身体规则
AB0209,复制,器物,气,接触命中,交换位置,以器物为源、气为媒介：复制；接触命中 → 交换位置
AB0210,空间连接,共鸣,气,视线锁定,标记目标,以共鸣为源、气为媒介：空间连接；视线锁定 → 标记目标
AB0211,嵌套,功法,声,地面蔓延,制造错误感知,以功法为源、声为媒介：嵌套；地面蔓延 → 制造错误感知
AB0212,转移,天授,光,视线锁定,限制变化,以天授为源、光为媒介：转移；视线锁定 → 限制变化
AB0213,重构,共鸣,声,地面蔓延,造成位移,以共鸣为源、声为媒介：重构；地面蔓延 → 造成位移
AB0214,加速,异化,影,地面蔓延,改变身体规则,以异化为源、影为媒介：加速；地面蔓延 → 改变身体规则
AB0215,折叠,天授,尘,视线锁定,标记目标,以天授为源、尘为媒介：折叠；视线锁定 → 标记目标
AB0216,位置改变,残缺体质,血,地面蔓延,限制变化,以残缺体质为源、血为媒介：位置改变；地面蔓延 → 限制变化
AB0217,削弱,契约,光,范围笼罩,吸收结构,以契约为源、光为媒介：削弱；范围笼罩 → 吸收结构
AB0218,加速,天授,丝,范围笼罩,剥夺行动,以天授为源、丝为媒介：加速；范围笼罩 → 剥夺行动
AB0219,伪装,共鸣,雾,范围笼罩,限制变化,以共鸣为源、雾为媒介：伪装；范围笼罩 → 限制变化
AB0220,剥离,血脉,血,视线锁定,限制变化,以血脉为源、血为媒介：剥离；视线锁定 → 限制变化
AB0221,锚定,残缺体质,雷,范围笼罩,交换位置,以残缺体质为源、雷为媒介：锚定；范围笼罩 → 交换位置
AB0222,共振,共鸣,光,地面蔓延,标记目标,以共鸣为源、光为媒介：共振；地面蔓延 → 标记目标
AB0223,状态交换,血脉,丝,媒介传导,改变因果顺序,以血脉为源、丝为媒介：状态交换；媒介传导 → 改变因果顺序
AB0224,伪装,器物,雾,视线锁定,吸收结构,以器物为源、雾为媒介：伪装；视线锁定 → 吸收结构
AB0225,锚定,天授,血,媒介传导,造成位移,以天授为源、血为媒介：锚定；媒介传导 → 造成位移
AB0226,方向改变,功法,雾,范围笼罩,改变身体规则,以功法为源、雾为媒介：方向改变；范围笼罩 → 改变身体规则
AB0227,状态交换,天授,尘,视线锁定,剥夺行动,以天授为源、尘为媒介：状态交换；视线锁定 → 剥夺行动
AB0228,回溯,天授,雷,范围笼罩,剥夺行动,以天授为源、雷为媒介：回溯；范围笼罩 → 剥夺行动
AB0229,复制,异化,尘,接触命中,交换位置,以异化为源、尘为媒介：复制；接触命中 → 交换位置
AB0230,错位,天授,声,地面蔓延,改变因果顺序,以天授为源、声为媒介：错位；地面蔓延 → 改变因果顺序
AB0231,空间连接,残缺体质,影,接触命中,复制信息,以残缺体质为源、影为媒介：空间连接；接触命中 → 复制信息
AB0232,空间连接,契约,雾,媒介传导,标记目标,以契约为源、雾为媒介：空间连接；媒介传导 → 标记目标
AB0233,延迟,功法,气,接触命中,改变因果顺序,以功法为源、气为媒介：延迟；接触命中 → 改变因果顺序
AB0234,分解,契约,影,接触命中,复制信息,以契约为源、影为媒介：分解；接触命中 → 复制信息
AB0235,折叠,血脉,雾,地面蔓延,限制变化,以血脉为源、雾为媒介：折叠；地面蔓延 → 限制变化
AB0236,位置改变,共鸣,雾,视线锁定,吸收结构,以共鸣为源、雾为媒介：位置改变；视线锁定 → 吸收结构
AB0237,强化,共鸣,尘,媒介传导,造成位移,以共鸣为源、尘为媒介：强化；媒介传导 → 造成位移
AB0238,记录,共鸣,雷,视线锁定,交换位置,以共鸣为源、雷为媒介：记录；视线锁定 → 交换位置
AB0239,吞噬,血脉,光,地面蔓延,吸收结构,以血脉为源、光为媒介：吞噬；地面蔓延 → 吸收结构
AB0240,状态交换,异化,影,接触命中,改变因果顺序,以异化为源、影为媒介：状态交换；接触命中 → 改变因果顺序
AB0241,转移,器物,尘,视线锁定,标记目标,以器物为源、尘为媒介：转移；视线锁定 → 标记目标
AB0242,锚定,异化,尘,地面蔓延,标记目标,以异化为源、尘为媒介：锚定；地面蔓延 → 标记目标
AB0243,折叠,残缺体质,光,地面蔓延,改变因果顺序,以残缺体质为源、光为媒介：折叠；地面蔓延 → 改变因果顺序
AB0244,空间连接,残缺体质,光,视线锁定,造成位移,以残缺体质为源、光为媒介：空间连接；视线锁定 → 造成位移
AB0245,分解,契约,气,地面蔓延,改变因果顺序,以契约为源、气为媒介：分解；地面蔓延 → 改变因果顺序
AB0246,伪装,残缺体质,丝,范围笼罩,复制信息,以残缺体质为源、丝为媒介：伪装；范围笼罩 → 复制信息
AB0247,位置改变,血脉,丝,范围笼罩,交换位置,以血脉为源、丝为媒介：位置改变；范围笼罩 → 交换位置
AB0248,方向改变,共鸣,血,媒介传导,造成位移,以共鸣为源、血为媒介：方向改变；媒介传导 → 造成位移
AB0249,锚定,器物,声,范围笼罩,制造错误感知,以器物为源、声为媒介：锚定；范围笼罩 → 制造错误感知
AB0250,错位,血脉,影,媒介传导,吸收结构,以血脉为源、影为媒介：错位；媒介传导 → 吸收结构
AB0251,重构,天授,纹,地面蔓延,改变身体规则,以天授为源、纹为媒介：重构；地面蔓延 → 改变身体规则
AB0252,状态交换,异化,声,地面蔓延,改变因果顺序,以异化为源、声为媒介：状态交换；地面蔓延 → 改变因果顺序
AB0253,折叠,共鸣,雷,视线锁定,交换位置,以共鸣为源、雷为媒介：折叠；视线锁定 → 交换位置
AB0254,转移,异化,纹,接触命中,制造错误感知,以异化为源、纹为媒介：转移；接触命中 → 制造错误感知
AB0255,剥离,血脉,尘,范围笼罩,限制变化,以血脉为源、尘为媒介：剥离；范围笼罩 → 限制变化
AB0256,锚定,血脉,血,媒介传导,交换位置,以血脉为源、血为媒介：锚定；媒介传导 → 交换位置
AB0257,方向改变,天授,影,地面蔓延,标记目标,以天授为源、影为媒介：方向改变；地面蔓延 → 标记目标
AB0258,方向改变,器物,丝,媒介传导,交换位置,以器物为源、丝为媒介：方向改变；媒介传导 → 交换位置
AB0259,分解,功法,光,地面蔓延,改变身体规则,以功法为源、光为媒介：分解；地面蔓延 → 改变身体规则
AB0260,空间连接,契约,丝,视线锁定,改变身体规则,以契约为源、丝为媒介：空间连接；视线锁定 → 改变身体规则
AB0261,复制,异化,声,范围笼罩,复制信息,以异化为源、声为媒介：复制；范围笼罩 → 复制信息
AB0262,强化,天授,光,媒介传导,交换位置,以天授为源、光为媒介：强化；媒介传导 → 交换位置
AB0263,冻结,器物,光,媒介传导,限制变化,以器物为源、光为媒介：冻结；媒介传导 → 限制变化
AB0264,错位,血脉,气,范围笼罩,交换位置,以血脉为源、气为媒介：错位；范围笼罩 → 交换位置
AB0265,伪装,共鸣,尘,视线锁定,复制信息,以共鸣为源、尘为媒介：伪装；视线锁定 → 复制信息
AB0266,回响,血脉,雾,接触命中,改变因果顺序,以血脉为源、雾为媒介：回响；接触命中 → 改变因果顺序
AB0267,共振,残缺体质,尘,接触命中,吸收结构,以残缺体质为源、尘为媒介：共振；接触命中 → 吸收结构
AB0268,分解,共鸣,尘,视线锁定,改变身体规则,以共鸣为源、尘为媒介：分解；视线锁定 → 改变身体规则
AB0269,空间连接,残缺体质,影,范围笼罩,剥夺行动,以残缺体质为源、影为媒介：空间连接；范围笼罩 → 剥夺行动
AB0270,共振,血脉,气,视线锁定,剥夺行动,以血脉为源、气为媒介：共振；视线锁定 → 剥夺行动
AB0271,吞噬,器物,气,范围笼罩,剥夺行动,以器物为源、气为媒介：吞噬；范围笼罩 → 剥夺行动
AB0272,冻结,异化,影,接触命中,交换位置,以异化为源、影为媒介：冻结；接触命中 → 交换位置
AB0273,冻结,共鸣,尘,视线锁定,造成位移,以共鸣为源、尘为媒介：冻结；视线锁定 → 造成位移
AB0274,状态交换,功法,影,媒介传导,交换位置,以功法为源、影为媒介：状态交换；媒介传导 → 交换位置
AB0275,削弱,天授,纹,地面蔓延,吸收结构,以天授为源、纹为媒介：削弱；地面蔓延 → 吸收结构
AB0276,冻结,残缺体质,丝,范围笼罩,剥夺行动,以残缺体质为源、丝为媒介：冻结；范围笼罩 → 剥夺行动
AB0277,削弱,共鸣,纹,媒介传导,标记目标,以共鸣为源、纹为媒介：削弱；媒介传导 → 标记目标
AB0278,削弱,异化,影,地面蔓延,制造错误感知,以异化为源、影为媒介：削弱；地面蔓延 → 制造错误感知
AB0279,伪装,共鸣,雷,接触命中,造成位移,以共鸣为源、雷为媒介：伪装；接触命中 → 造成位移
AB0280,位置改变,器物,声,范围笼罩,标记目标,以器物为源、声为媒介：位置改变；范围笼罩 → 标记目标
AB0281,寄生,天授,光,视线锁定,改变因果顺序,以天授为源、光为媒介：寄生；视线锁定 → 改变因果顺序
AB0282,延迟,共鸣,气,媒介传导,复制信息,以共鸣为源、气为媒介：延迟；媒介传导 → 复制信息
AB0283,吞噬,器物,影,地面蔓延,复制信息,以器物为源、影为媒介：吞噬；地面蔓延 → 复制信息
AB0284,冻结,器物,气,视线锁定,复制信息,以器物为源、气为媒介：冻结；视线锁定 → 复制信息
AB0285,状态交换,天授,丝,地面蔓延,剥夺行动,以天授为源、丝为媒介：状态交换；地面蔓延 → 剥夺行动
AB0286,状态交换,契约,纹,视线锁定,限制变化,以契约为源、纹为媒介：状态交换；视线锁定 → 限制变化
AB0287,锚定,血脉,纹,接触命中,标记目标,以血脉为源、纹为媒介：锚定；接触命中 → 标记目标
AB0288,折叠,功法,雷,媒介传导,制造错误感知,以功法为源、雷为媒介：折叠；媒介传导 → 制造错误感知
AB0289,寄生,天授,雾,地面蔓延,剥夺行动,以天授为源、雾为媒介：寄生；地面蔓延 → 剥夺行动
AB0290,复制,血脉,声,视线锁定,吸收结构,以血脉为源、声为媒介：复制；视线锁定 → 吸收结构
AB0291,吞噬,血脉,雾,媒介传导,吸收结构,以血脉为源、雾为媒介：吞噬；媒介传导 → 吸收结构
AB0292,剥离,残缺体质,血,接触命中,制造错误感知,以残缺体质为源、血为媒介：剥离；接触命中 → 制造错误感知
AB0293,嵌套,器物,纹,媒介传导,限制变化,以器物为源、纹为媒介：嵌套；媒介传导 → 限制变化
AB0294,复制,残缺体质,气,视线锁定,限制变化,以残缺体质为源、气为媒介：复制；视线锁定 → 限制变化
AB0295,加速,血脉,气,范围笼罩,改变因果顺序,以血脉为源、气为媒介：加速；范围笼罩 → 改变因果顺序
AB0296,剥离,器物,纹,媒介传导,吸收结构,以器物为源、纹为媒介：剥离；媒介传导 → 吸收结构
AB0297,吞噬,共鸣,纹,视线锁定,交换位置,以共鸣为源、纹为媒介：吞噬；视线锁定 → 交换位置
AB0298,强化,契约,声,接触命中,改变身体规则,以契约为源、声为媒介：强化；接触命中 → 改变身体规则
AB0299,共振,功法,气,视线锁定,剥夺行动,以功法为源、气为媒介：共振；视线锁定 → 剥夺行动
AB0300,共振,契约,影,视线锁定,改变因果顺序,以契约为源、影为媒介：共振；视线锁定 → 改变因果顺序
AB0301,加速,天授,雷,媒介传导,剥夺行动,以天授为源、雷为媒介：加速；媒介传导 → 剥夺行动
AB0302,错位,天授,雷,范围笼罩,交换位置,以天授为源、雷为媒介：错位；范围笼罩 → 交换位置
AB0303,回响,功法,光,地面蔓延,剥夺行动,以功法为源、光为媒介：回响；地面蔓延 → 剥夺行动
AB0304,状态交换,契约,尘,接触命中,标记目标,以契约为源、尘为媒介：状态交换；接触命中 → 标记目标
AB0305,回溯,血脉,纹,接触命中,吸收结构,以血脉为源、纹为媒介：回溯；接触命中 → 吸收结构
AB0306,嵌套,血脉,雾,地面蔓延,改变身体规则,以血脉为源、雾为媒介：嵌套；地面蔓延 → 改变身体规则
AB0307,寄生,共鸣,光,地面蔓延,改变身体规则,以共鸣为源、光为媒介：寄生；地面蔓延 → 改变身体规则
AB0308,锚定,天授,雷,范围笼罩,剥夺行动,以天授为源、雷为媒介：锚定；范围笼罩 → 剥夺行动
AB0309,空间连接,天授,雾,视线锁定,改变身体规则,以天授为源、雾为媒介：空间连接；视线锁定 → 改变身体规则
AB0310,记录,天授,声,范围笼罩,标记目标,以天授为源、声为媒介：记录；范围笼罩 → 标记目标
AB0311,嵌套,契约,血,接触命中,复制信息,以契约为源、血为媒介：嵌套；接触命中 → 复制信息
AB0312,标记,共鸣,雾,范围笼罩,标记目标,以共鸣为源、雾为媒介：标记；范围笼罩 → 标记目标
AB0313,共振,器物,尘,接触命中,制造错误感知,以器物为源、尘为媒介：共振；接触命中 → 制造错误感知
AB0314,转移,异化,气,范围笼罩,改变因果顺序,以异化为源、气为媒介：转移；范围笼罩 → 改变因果顺序
AB0315,伪装,契约,声,媒介传导,复制信息,以契约为源、声为媒介：伪装；媒介传导 → 复制信息
AB0316,重构,功法,纹,地面蔓延,制造错误感知,以功法为源、纹为媒介：重构；地面蔓延 → 制造错误感知
AB0317,加速,契约,影,媒介传导,限制变化,以契约为源、影为媒介：加速；媒介传导 → 限制变化
AB0318,回响,天授,雾,接触命中,改变身体规则,以天授为源、雾为媒介：回响；接触命中 → 改变身体规则
AB0319,复制,异化,雾,视线锁定,改变身体规则,以异化为源、雾为媒介：复制；视线锁定 → 改变身体规则
AB0320,转移,天授,声,媒介传导,剥夺行动,以天授为源、声为媒介：转移；媒介传导 → 剥夺行动
AB0321,错位,血脉,尘,接触命中,限制变化,以血脉为源、尘为媒介：错位；接触命中 → 限制变化
AB0322,共生,血脉,纹,媒介传导,吸收结构,以血脉为源、纹为媒介：共生；媒介传导 → 吸收结构
AB0323,强化,契约,尘,媒介传导,吸收结构,以契约为源、尘为媒介：强化；媒介传导 → 吸收结构
AB0324,冻结,功法,丝,地面蔓延,造成位移,以功法为源、丝为媒介：冻结；地面蔓延 → 造成位移
AB0325,转移,血脉,雾,视线锁定,改变因果顺序,以血脉为源、雾为媒介：转移；视线锁定 → 改变因果顺序
AB0326,削弱,共鸣,雾,地面蔓延,剥夺行动,以共鸣为源、雾为媒介：削弱；地面蔓延 → 剥夺行动
AB0327,记录,异化,雷,媒介传导,改变身体规则,以异化为源、雷为媒介：记录；媒介传导 → 改变身体规则
AB0328,标记,器物,声,地面蔓延,吸收结构,以器物为源、声为媒介：标记；地面蔓延 → 吸收结构
AB0329,方向改变,血脉,尘,接触命中,剥夺行动,以血脉为源、尘为媒介：方向改变；接触命中 → 剥夺行动
AB0330,加速,残缺体质,影,视线锁定,标记目标,以残缺体质为源、影为媒介：加速；视线锁定 → 标记目标
AB0331,重构,天授,声,视线锁定,改变身体规则,以天授为源、声为媒介：重构；视线锁定 → 改变身体规则
AB0332,状态交换,血脉,声,接触命中,限制变化,以血脉为源、声为媒介：状态交换；接触命中 → 限制变化
AB0333,吞噬,残缺体质,雷,地面蔓延,造成位移,以残缺体质为源、雷为媒介：吞噬；地面蔓延 → 造成位移
AB0334,共生,血脉,尘,范围笼罩,标记目标,以血脉为源、尘为媒介：共生；范围笼罩 → 标记目标
AB0335,位置改变,天授,光,范围笼罩,标记目标,以天授为源、光为媒介：位置改变；范围笼罩 → 标记目标
AB0336,转移,器物,光,地面蔓延,限制变化,以器物为源、光为媒介：转移；地面蔓延 → 限制变化
AB0337,错位,共鸣,尘,接触命中,交换位置,以共鸣为源、尘为媒介：错位；接触命中 → 交换位置
AB0338,吞噬,契约,雷,接触命中,标记目标,以契约为源、雷为媒介：吞噬；接触命中 → 标记目标
AB0339,分解,异化,纹,视线锁定,改变身体规则,以异化为源、纹为媒介：分解；视线锁定 → 改变身体规则
AB0340,冻结,血脉,影,范围笼罩,改变因果顺序,以血脉为源、影为媒介：冻结；范围笼罩 → 改变因果顺序
AB0341,状态交换,天授,影,媒介传导,造成位移,以天授为源、影为媒介：状态交换；媒介传导 → 造成位移
AB0342,回溯,残缺体质,雾,媒介传导,复制信息,以残缺体质为源、雾为媒介：回溯；媒介传导 → 复制信息
AB0343,记录,天授,尘,地面蔓延,造成位移,以天授为源、尘为媒介：记录；地面蔓延 → 造成位移
AB0344,分解,功法,血,媒介传导,改变身体规则,以功法为源、血为媒介：分解；媒介传导 → 改变身体规则
AB0345,重构,功法,雷,媒介传导,限制变化,以功法为源、雷为媒介：重构；媒介传导 → 限制变化
AB0346,吞噬,契约,雾,地面蔓延,造成位移,以契约为源、雾为媒介：吞噬；地面蔓延 → 造成位移
AB0347,标记,异化,纹,地面蔓延,限制变化,以异化为源、纹为媒介：标记；地面蔓延 → 限制变化
AB0348,剥离,功法,丝,媒介传导,标记目标,以功法为源、丝为媒介：剥离；媒介传导 → 标记目标
AB0349,强化,功法,雷,地面蔓延,复制信息,以功法为源、雷为媒介：强化；地面蔓延 → 复制信息
AB0350,状态交换,残缺体质,雾,地面蔓延,标记目标,以残缺体质为源、雾为媒介：状态交换；地面蔓延 → 标记目标
AB0351,共生,血脉,声,视线锁定,交换位置,以血脉为源、声为媒介：共生；视线锁定 → 交换位置
AB0352,折叠,异化,丝,媒介传导,限制变化,以异化为源、丝为媒介：折叠；媒介传导 → 限制变化
AB0353,强化,功法,气,视线锁定,吸收结构,以功法为源、气为媒介：强化；视线锁定 → 吸收结构
AB0354,位置改变,异化,声,视线锁定,交换位置,以异化为源、声为媒介：位置改变；视线锁定 → 交换位置
AB0355,折叠,残缺体质,纹,媒介传导,限制变化,以残缺体质为源、纹为媒介：折叠；媒介传导 → 限制变化
AB0356,削弱,共鸣,丝,视线锁定,吸收结构,以共鸣为源、丝为媒介：削弱；视线锁定 → 吸收结构
AB0357,重构,契约,声,视线锁定,限制变化,以契约为源、声为媒介：重构；视线锁定 → 限制变化
AB0358,错位,器物,雾,范围笼罩,吸收结构,以器物为源、雾为媒介：错位；范围笼罩 → 吸收结构
AB0359,共生,异化,光,视线锁定,制造错误感知,以异化为源、光为媒介：共生；视线锁定 → 制造错误感知
AB0360,方向改变,异化,丝,媒介传导,复制信息,以异化为源、丝为媒介：方向改变；媒介传导 → 复制信息
AB0361,共振,异化,血,接触命中,制造错误感知,以异化为源、血为媒介：共振；接触命中 → 制造错误感知
AB0362,回响,共鸣,纹,接触命中,吸收结构,以共鸣为源、纹为媒介：回响；接触命中 → 吸收结构
AB0363,削弱,残缺体质,尘,范围笼罩,限制变化,以残缺体质为源、尘为媒介：削弱；范围笼罩 → 限制变化
AB0364,记录,残缺体质,影,地面蔓延,剥夺行动,以残缺体质为源、影为媒介：记录；地面蔓延 → 剥夺行动
AB0365,复制,契约,声,接触命中,吸收结构,以契约为源、声为媒介：复制；接触命中 → 吸收结构
AB0366,寄生,共鸣,纹,接触命中,剥夺行动,以共鸣为源、纹为媒介：寄生；接触命中 → 剥夺行动
AB0367,剥离,器物,雷,地面蔓延,标记目标,以器物为源、雷为媒介：剥离；地面蔓延 → 标记目标
AB0368,方向改变,器物,雾,视线锁定,标记目标,以器物为源、雾为媒介：方向改变；视线锁定 → 标记目标
AB0369,寄生,异化,影,媒介传导,限制变化,以异化为源、影为媒介：寄生；媒介传导 → 限制变化
AB0370,寄生,器物,声,视线锁定,改变因果顺序,以器物为源、声为媒介：寄生；视线锁定 → 改变因果顺序
AB0371,方向改变,共鸣,纹,范围笼罩,造成位移,以共鸣为源、纹为媒介：方向改变；范围笼罩 → 造成位移
AB0372,伪装,异化,雾,视线锁定,交换位置,以异化为源、雾为媒介：伪装；视线锁定 → 交换位置
AB0373,复制,天授,雷,接触命中,限制变化,以天授为源、雷为媒介：复制；接触命中 → 限制变化
AB0374,强化,天授,血,接触命中,限制变化,以天授为源、血为媒介：强化；接触命中 → 限制变化
AB0375,状态交换,契约,血,范围笼罩,制造错误感知,以契约为源、血为媒介：状态交换；范围笼罩 → 制造错误感知
AB0376,吞噬,共鸣,雾,媒介传导,造成位移,以共鸣为源、雾为媒介：吞噬；媒介传导 → 造成位移
AB0377,状态交换,共鸣,血,媒介传导,吸收结构,以共鸣为源、血为媒介：状态交换；媒介传导 → 吸收结构
AB0378,寄生,器物,血,地面蔓延,复制信息,以器物为源、血为媒介：寄生；地面蔓延 → 复制信息
AB0379,分解,残缺体质,影,视线锁定,制造错误感知,以残缺体质为源、影为媒介：分解；视线锁定 → 制造错误感知
AB0380,伪装,血脉,气,范围笼罩,吸收结构,以血脉为源、气为媒介：伪装；范围笼罩 → 吸收结构
AB0381,冻结,契约,雾,视线锁定,剥夺行动,以契约为源、雾为媒介：冻结；视线锁定 → 剥夺行动
AB0382,状态交换,天授,丝,范围笼罩,制造错误感知,以天授为源、丝为媒介：状态交换；范围笼罩 → 制造错误感知
AB0383,加速,残缺体质,雾,地面蔓延,改变身体规则,以残缺体质为源、雾为媒介：加速；地面蔓延 → 改变身体规则
AB0384,分解,功法,气,范围笼罩,改变身体规则,以功法为源、气为媒介：分解；范围笼罩 → 改变身体规则
AB0385,转移,共鸣,气,视线锁定,限制变化,以共鸣为源、气为媒介：转移；视线锁定 → 限制变化
AB0386,寄生,残缺体质,尘,视线锁定,改变身体规则,以残缺体质为源、尘为媒介：寄生；视线锁定 → 改变身体规则
AB0387,削弱,器物,血,接触命中,标记目标,以器物为源、血为媒介：削弱；接触命中 → 标记目标
AB0388,位置改变,共鸣,雾,媒介传导,复制信息,以共鸣为源、雾为媒介：位置改变；媒介传导 → 复制信息
AB0389,伪装,残缺体质,光,视线锁定,制造错误感知,以残缺体质为源、光为媒介：伪装；视线锁定 → 制造错误感知
AB0390,回溯,功法,雷,范围笼罩,限制变化,以功法为源、雷为媒介：回溯；范围笼罩 → 限制变化
AB0391,分解,血脉,光,范围笼罩,剥夺行动,以血脉为源、光为媒介：分解；范围笼罩 → 剥夺行动
AB0392,回响,契约,尘,视线锁定,造成位移,以契约为源、尘为媒介：回响；视线锁定 → 造成位移
AB0393,削弱,异化,气,视线锁定,复制信息,以异化为源、气为媒介：削弱；视线锁定 → 复制信息
AB0394,加速,天授,气,接触命中,造成位移,以天授为源、气为媒介：加速；接触命中 → 造成位移
AB0395,标记,契约,雷,媒介传导,复制信息,以契约为源、雷为媒介：标记；媒介传导 → 复制信息
AB0396,延迟,器物,丝,地面蔓延,吸收结构,以器物为源、丝为媒介：延迟；地面蔓延 → 吸收结构
AB0397,延迟,功法,尘,视线锁定,吸收结构,以功法为源、尘为媒介：延迟；视线锁定 → 吸收结构
AB0398,延迟,功法,丝,媒介传导,限制变化,以功法为源、丝为媒介：延迟；媒介传导 → 限制变化
AB0399,重构,天授,雷,范围笼罩,交换位置,以天授为源、雷为媒介：重构；范围笼罩 → 交换位置
AB0400,共振,天授,尘,地面蔓延,剥夺行动,以天授为源、尘为媒介：共振；地面蔓延 → 剥夺行动
AB0401,共生,残缺体质,雾,接触命中,交换位置,以残缺体质为源、雾为媒介：共生；接触命中 → 交换位置
AB0402,锚定,残缺体质,声,视线锁定,剥夺行动,以残缺体质为源、声为媒介：锚定；视线锁定 → 剥夺行动
AB0403,削弱,残缺体质,气,媒介传导,改变身体规则,以残缺体质为源、气为媒介：削弱；媒介传导 → 改变身体规则
AB0404,位置改变,功法,雾,视线锁定,制造错误感知,以功法为源、雾为媒介：位置改变；视线锁定 → 制造错误感知
AB0405,加速,器物,丝,接触命中,交换位置,以器物为源、丝为媒介：加速；接触命中 → 交换位置
AB0406,重构,器物,气,地面蔓延,造成位移,以器物为源、气为媒介：重构；地面蔓延 → 造成位移
AB0407,强化,器物,气,接触命中,造成位移,以器物为源、气为媒介：强化；接触命中 → 造成位移
AB0408,加速,功法,影,范围笼罩,交换位置,以功法为源、影为媒介：加速；范围笼罩 → 交换位置
AB0409,重构,共鸣,气,视线锁定,造成位移,以共鸣为源、气为媒介：重构；视线锁定 → 造成位移
AB0410,位置改变,残缺体质,气,媒介传导,剥夺行动,以残缺体质为源、气为媒介：位置改变；媒介传导 → 剥夺行动
AB0411,共生,器物,声,接触命中,吸收结构,以器物为源、声为媒介：共生；接触命中 → 吸收结构
AB0412,方向改变,血脉,雷,视线锁定,限制变化,以血脉为源、雷为媒介：方向改变；视线锁定 → 限制变化
AB0413,强化,残缺体质,光,范围笼罩,改变因果顺序,以残缺体质为源、光为媒介：强化；范围笼罩 → 改变因果顺序
AB0414,吞噬,天授,丝,媒介传导,改变身体规则,以天授为源、丝为媒介：吞噬；媒介传导 → 改变身体规则
AB0415,伪装,血脉,纹,接触命中,限制变化,以血脉为源、纹为媒介：伪装；接触命中 → 限制变化
AB0416,锚定,器物,声,媒介传导,制造错误感知,以器物为源、声为媒介：锚定；媒介传导 → 制造错误感知
AB0417,错位,残缺体质,影,视线锁定,限制变化,以残缺体质为源、影为媒介：错位；视线锁定 → 限制变化
AB0418,位置改变,血脉,影,媒介传导,造成位移,以血脉为源、影为媒介：位置改变；媒介传导 → 造成位移
AB0419,转移,契约,气,范围笼罩,吸收结构,以契约为源、气为媒介：转移；范围笼罩 → 吸收结构
AB0420,加速,血脉,雾,地面蔓延,交换位置,以血脉为源、雾为媒介：加速；地面蔓延 → 交换位置
AB0421,冻结,残缺体质,尘,地面蔓延,改变因果顺序,以残缺体质为源、尘为媒介：冻结；地面蔓延 → 改变因果顺序
AB0422,标记,器物,丝,接触命中,吸收结构,以器物为源、丝为媒介：标记；接触命中 → 吸收结构
AB0423,分解,残缺体质,尘,媒介传导,造成位移,以残缺体质为源、尘为媒介：分解；媒介传导 → 造成位移
AB0424,加速,功法,影,视线锁定,交换位置,以功法为源、影为媒介：加速；视线锁定 → 交换位置
AB0425,吞噬,残缺体质,气,媒介传导,吸收结构,以残缺体质为源、气为媒介：吞噬；媒介传导 → 吸收结构
AB0426,回响,残缺体质,气,媒介传导,改变因果顺序,以残缺体质为源、气为媒介：回响；媒介传导 → 改变因果顺序
AB0427,嵌套,功法,纹,范围笼罩,标记目标,以功法为源、纹为媒介：嵌套；范围笼罩 → 标记目标
AB0428,错位,器物,雷,视线锁定,造成位移,以器物为源、雷为媒介：错位；视线锁定 → 造成位移
AB0429,回溯,残缺体质,雷,接触命中,改变因果顺序,以残缺体质为源、雷为媒介：回溯；接触命中 → 改变因果顺序
AB0430,状态交换,残缺体质,雷,媒介传导,限制变化,以残缺体质为源、雷为媒介：状态交换；媒介传导 → 限制变化
AB0431,剥离,异化,雷,接触命中,限制变化,以异化为源、雷为媒介：剥离；接触命中 → 限制变化
AB0432,回响,异化,雷,范围笼罩,制造错误感知,以异化为源、雷为媒介：回响；范围笼罩 → 制造错误感知
AB0433,共生,天授,血,范围笼罩,改变因果顺序,以天授为源、血为媒介：共生；范围笼罩 → 改变因果顺序
AB0434,吞噬,共鸣,雾,范围笼罩,交换位置,以共鸣为源、雾为媒介：吞噬；范围笼罩 → 交换位置
AB0435,削弱,契约,雷,接触命中,造成位移,以契约为源、雷为媒介：削弱；接触命中 → 造成位移
AB0436,回溯,功法,尘,地面蔓延,造成位移,以功法为源、尘为媒介：回溯；地面蔓延 → 造成位移
AB0437,位置改变,血脉,雷,接触命中,制造错误感知,以血脉为源、雷为媒介：位置改变；接触命中 → 制造错误感知
AB0438,共生,残缺体质,丝,视线锁定,交换位置,以残缺体质为源、丝为媒介：共生；视线锁定 → 交换位置
AB0439,伪装,异化,纹,范围笼罩,限制变化,以异化为源、纹为媒介：伪装；范围笼罩 → 限制变化
AB0440,方向改变,共鸣,光,地面蔓延,造成位移,以共鸣为源、光为媒介：方向改变；地面蔓延 → 造成位移
AB0441,折叠,契约,声,视线锁定,标记目标,以契约为源、声为媒介：折叠；视线锁定 → 标记目标
AB0442,方向改变,残缺体质,纹,地面蔓延,改变身体规则,以残缺体质为源、纹为媒介：方向改变；地面蔓延 → 改变身体规则
AB0443,状态交换,残缺体质,血,范围笼罩,剥夺行动,以残缺体质为源、血为媒介：状态交换；范围笼罩 → 剥夺行动
AB0444,分解,天授,纹,媒介传导,复制信息,以天授为源、纹为媒介：分解；媒介传导 → 复制信息
AB0445,回溯,契约,尘,范围笼罩,改变身体规则,以契约为源、尘为媒介：回溯；范围笼罩 → 改变身体规则
AB0446,剥离,血脉,雷,地面蔓延,改变因果顺序,以血脉为源、雷为媒介：剥离；地面蔓延 → 改变因果顺序
AB0447,空间连接,天授,血,媒介传导,吸收结构,以天授为源、血为媒介：空间连接；媒介传导 → 吸收结构
AB0448,伪装,功法,血,视线锁定,造成位移,以功法为源、血为媒介：伪装；视线锁定 → 造成位移
AB0449,冻结,异化,丝,地面蔓延,吸收结构,以异化为源、丝为媒介：冻结；地面蔓延 → 吸收结构
AB0450,回溯,血脉,声,范围笼罩,标记目标,以血脉为源、声为媒介：回溯；范围笼罩 → 标记目标
AB0451,延迟,残缺体质,丝,接触命中,吸收结构,以残缺体质为源、丝为媒介：延迟；接触命中 → 吸收结构
AB0452,空间连接,血脉,气,视线锁定,制造错误感知,以血脉为源、气为媒介：空间连接；视线锁定 → 制造错误感知
AB0453,寄生,天授,影,接触命中,改变身体规则,以天授为源、影为媒介：寄生；接触命中 → 改变身体规则
AB0454,方向改变,血脉,光,地面蔓延,吸收结构,以血脉为源、光为媒介：方向改变；地面蔓延 → 吸收结构
AB0455,位置改变,功法,声,接触命中,剥夺行动,以功法为源、声为媒介：位置改变；接触命中 → 剥夺行动
AB0456,回响,契约,丝,范围笼罩,造成位移,以契约为源、丝为媒介：回响；范围笼罩 → 造成位移
AB0457,记录,契约,声,视线锁定,交换位置,以契约为源、声为媒介：记录；视线锁定 → 交换位置
AB0458,削弱,天授,丝,接触命中,标记目标,以天授为源、丝为媒介：削弱；接触命中 → 标记目标
AB0459,冻结,血脉,纹,地面蔓延,改变因果顺序,以血脉为源、纹为媒介：冻结；地面蔓延 → 改变因果顺序
AB0460,加速,天授,影,地面蔓延,限制变化,以天授为源、影为媒介：加速；地面蔓延 → 限制变化
AB0461,转移,残缺体质,声,视线锁定,改变身体规则,以残缺体质为源、声为媒介：转移；视线锁定 → 改变身体规则
AB0462,嵌套,天授,纹,视线锁定,限制变化,以天授为源、纹为媒介：嵌套；视线锁定 → 限制变化
AB0463,状态交换,器物,丝,范围笼罩,改变因果顺序,以器物为源、丝为媒介：状态交换；范围笼罩 → 改变因果顺序
AB0464,伪装,契约,光,范围笼罩,剥夺行动,以契约为源、光为媒介：伪装；范围笼罩 → 剥夺行动
AB0465,错位,异化,血,范围笼罩,限制变化,以异化为源、血为媒介：错位；范围笼罩 → 限制变化
AB0466,寄生,功法,雾,范围笼罩,剥夺行动,以功法为源、雾为媒介：寄生；范围笼罩 → 剥夺行动
AB0467,寄生,器物,血,媒介传导,制造错误感知,以器物为源、血为媒介：寄生；媒介传导 → 制造错误感知
AB0468,分解,功法,影,视线锁定,标记目标,以功法为源、影为媒介：分解；视线锁定 → 标记目标
AB0469,延迟,共鸣,雾,地面蔓延,复制信息,以共鸣为源、雾为媒介：延迟；地面蔓延 → 复制信息
AB0470,状态交换,功法,雾,地面蔓延,剥夺行动,以功法为源、雾为媒介：状态交换；地面蔓延 → 剥夺行动
AB0471,复制,共鸣,影,范围笼罩,造成位移,以共鸣为源、影为媒介：复制；范围笼罩 → 造成位移
AB0472,锚定,器物,血,视线锁定,复制信息,以器物为源、血为媒介：锚定；视线锁定 → 复制信息
AB0473,共生,异化,血,范围笼罩,吸收结构,以异化为源、血为媒介：共生；范围笼罩 → 吸收结构
AB0474,回溯,异化,影,范围笼罩,吸收结构,以异化为源、影为媒介：回溯；范围笼罩 → 吸收结构
AB0475,标记,功法,雾,媒介传导,复制信息,以功法为源、雾为媒介：标记；媒介传导 → 复制信息
AB0476,削弱,异化,影,媒介传导,造成位移,以异化为源、影为媒介：削弱；媒介传导 → 造成位移
AB0477,寄生,异化,丝,接触命中,改变因果顺序,以异化为源、丝为媒介：寄生；接触命中 → 改变因果顺序
AB0478,回溯,天授,气,媒介传导,造成位移,以天授为源、气为媒介：回溯；媒介传导 → 造成位移
AB0479,加速,异化,雾,接触命中,改变身体规则,以异化为源、雾为媒介：加速；接触命中 → 改变身体规则
AB0480,标记,天授,光,接触命中,造成位移,以天授为源、光为媒介：标记；接触命中 → 造成位移
AB0481,锚定,残缺体质,影,地面蔓延,吸收结构,以残缺体质为源、影为媒介：锚定；地面蔓延 → 吸收结构
AB0482,回响,血脉,雾,地面蔓延,标记目标,以血脉为源、雾为媒介：回响；地面蔓延 → 标记目标
AB0483,回响,功法,血,视线锁定,标记目标,以功法为源、血为媒介：回响；视线锁定 → 标记目标
AB0484,加速,血脉,气,接触命中,剥夺行动,以血脉为源、气为媒介：加速；接触命中 → 剥夺行动
AB0485,冻结,共鸣,声,范围笼罩,标记目标,以共鸣为源、声为媒介：冻结；范围笼罩 → 标记目标
AB0486,空间连接,血脉,雷,接触命中,标记目标,以血脉为源、雷为媒介：空间连接；接触命中 → 标记目标
AB0487,状态交换,天授,雾,接触命中,限制变化,以天授为源、雾为媒介：状态交换；接触命中 → 限制变化
AB0488,延迟,器物,声,媒介传导,改变因果顺序,以器物为源、声为媒介：延迟；媒介传导 → 改变因果顺序
AB0489,强化,残缺体质,雾,地面蔓延,剥夺行动,以残缺体质为源、雾为媒介：强化；地面蔓延 → 剥夺行动
AB0490,强化,残缺体质,雾,视线锁定,交换位置,以残缺体质为源、雾为媒介：强化；视线锁定 → 交换位置
AB0491,强化,器物,光,媒介传导,改变身体规则,以器物为源、光为媒介：强化；媒介传导 → 改变身体规则
AB0492,共生,功法,雾,地面蔓延,标记目标,以功法为源、雾为媒介：共生；地面蔓延 → 标记目标
AB0493,转移,残缺体质,纹,地面蔓延,标记目标,以残缺体质为源、纹为媒介：转移；地面蔓延 → 标记目标
AB0494,锚定,契约,声,范围笼罩,交换位置,以契约为源、声为媒介：锚定；范围笼罩 → 交换位置
AB0495,嵌套,契约,丝,视线锁定,交换位置,以契约为源、丝为媒介：嵌套；视线锁定 → 交换位置
AB0496,标记,残缺体质,光,接触命中,标记目标,以残缺体质为源、光为媒介：标记；接触命中 → 标记目标
AB0497,削弱,功法,光,媒介传导,交换位置,以功法为源、光为媒介：削弱；媒介传导 → 交换位置
AB0498,寄生,器物,血,接触命中,改变因果顺序,以器物为源、血为媒介：寄生；接触命中 → 改变因果顺序
AB0499,回响,残缺体质,雷,范围笼罩,限制变化,以残缺体质为源、雷为媒介：回响；范围笼罩 → 限制变化
AB0500,共振,功法,光,接触命中,剥夺行动,以功法为源、光为媒介：共振；接触命中 → 剥夺行动
AB0501,记录,异化,丝,接触命中,交换位置,以异化为源、丝为媒介：记录；接触命中 → 交换位置
AB0502,回溯,器物,气,接触命中,改变身体规则,以器物为源、气为媒介：回溯；接触命中 → 改变身体规则
AB0503,回溯,血脉,雷,地面蔓延,制造错误感知,以血脉为源、雷为媒介：回溯；地面蔓延 → 制造错误感知
AB0504,重构,天授,血,媒介传导,复制信息,以天授为源、血为媒介：重构；媒介传导 → 复制信息
AB0505,剥离,天授,雾,范围笼罩,复制信息,以天授为源、雾为媒介：剥离；范围笼罩 → 复制信息
AB0506,寄生,异化,尘,范围笼罩,标记目标,以异化为源、尘为媒介：寄生；范围笼罩 → 标记目标
AB0507,回溯,器物,丝,视线锁定,吸收结构,以器物为源、丝为媒介：回溯；视线锁定 → 吸收结构
AB0508,强化,器物,光,地面蔓延,吸收结构,以器物为源、光为媒介：强化；地面蔓延 → 吸收结构
AB0509,锚定,天授,纹,视线锁定,交换位置,以天授为源、纹为媒介：锚定；视线锁定 → 交换位置
AB0510,吞噬,异化,光,范围笼罩,剥夺行动,以异化为源、光为媒介：吞噬；范围笼罩 → 剥夺行动
AB0511,剥离,器物,雾,视线锁定,造成位移,以器物为源、雾为媒介：剥离；视线锁定 → 造成位移
AB0512,记录,契约,丝,地面蔓延,限制变化,以契约为源、丝为媒介：记录；地面蔓延 → 限制变化
AB0513,寄生,血脉,气,视线锁定,标记目标,以血脉为源、气为媒介：寄生；视线锁定 → 标记目标
AB0514,状态交换,功法,气,范围笼罩,吸收结构,以功法为源、气为媒介：状态交换；范围笼罩 → 吸收结构
AB0515,剥离,契约,气,媒介传导,吸收结构,以契约为源、气为媒介：剥离；媒介传导 → 吸收结构
AB0516,标记,血脉,气,媒介传导,制造错误感知,以血脉为源、气为媒介：标记；媒介传导 → 制造错误感知
AB0517,位置改变,契约,声,地面蔓延,吸收结构,以契约为源、声为媒介：位置改变；地面蔓延 → 吸收结构
AB0518,标记,契约,尘,范围笼罩,吸收结构,以契约为源、尘为媒介：标记；范围笼罩 → 吸收结构
AB0519,削弱,异化,丝,范围笼罩,制造错误感知,以异化为源、丝为媒介：削弱；范围笼罩 → 制造错误感知
AB0520,错位,契约,丝,视线锁定,复制信息,以契约为源、丝为媒介：错位；视线锁定 → 复制信息
AB0521,空间连接,器物,尘,接触命中,吸收结构,以器物为源、尘为媒介：空间连接；接触命中 → 吸收结构
AB0522,标记,残缺体质,丝,地面蔓延,复制信息,以残缺体质为源、丝为媒介：标记；地面蔓延 → 复制信息
AB0523,锚定,契约,尘,媒介传导,限制变化,以契约为源、尘为媒介：锚定；媒介传导 → 限制变化
AB0524,锚定,异化,雾,范围笼罩,交换位置,以异化为源、雾为媒介：锚定；范围笼罩 → 交换位置
AB0525,分解,异化,雷,媒介传导,标记目标,以异化为源、雷为媒介：分解；媒介传导 → 标记目标
AB0526,延迟,残缺体质,声,媒介传导,制造错误感知,以残缺体质为源、声为媒介：延迟；媒介传导 → 制造错误感知
AB0527,共生,共鸣,血,视线锁定,限制变化,以共鸣为源、血为媒介：共生；视线锁定 → 限制变化
AB0528,重构,血脉,丝,接触命中,制造错误感知,以血脉为源、丝为媒介：重构；接触命中 → 制造错误感知
AB0529,标记,异化,光,视线锁定,复制信息,以异化为源、光为媒介：标记；视线锁定 → 复制信息
AB0530,共生,异化,影,接触命中,限制变化,以异化为源、影为媒介：共生；接触命中 → 限制变化
AB0531,状态交换,契约,血,媒介传导,复制信息,以契约为源、血为媒介：状态交换；媒介传导 → 复制信息
AB0532,加速,天授,雾,视线锁定,改变因果顺序,以天授为源、雾为媒介：加速；视线锁定 → 改变因果顺序
AB0533,吞噬,残缺体质,影,视线锁定,剥夺行动,以残缺体质为源、影为媒介：吞噬；视线锁定 → 剥夺行动
AB0534,转移,共鸣,光,范围笼罩,造成位移,以共鸣为源、光为媒介：转移；范围笼罩 → 造成位移
AB0535,回溯,异化,声,媒介传导,改变身体规则,以异化为源、声为媒介：回溯；媒介传导 → 改变身体规则
AB0536,记录,契约,雾,范围笼罩,改变身体规则,以契约为源、雾为媒介：记录；范围笼罩 → 改变身体规则
AB0537,分解,天授,血,接触命中,复制信息,以天授为源、血为媒介：分解；接触命中 → 复制信息
AB0538,共振,残缺体质,尘,地面蔓延,限制变化,以残缺体质为源、尘为媒介：共振；地面蔓延 → 限制变化
AB0539,方向改变,共鸣,气,视线锁定,交换位置,以共鸣为源、气为媒介：方向改变；视线锁定 → 交换位置
AB0540,共振,共鸣,影,媒介传导,剥夺行动,以共鸣为源、影为媒介：共振；媒介传导 → 剥夺行动
AB0541,剥离,器物,声,范围笼罩,造成位移,以器物为源、声为媒介：剥离；范围笼罩 → 造成位移
AB0542,空间连接,异化,影,媒介传导,吸收结构,以异化为源、影为媒介：空间连接；媒介传导 → 吸收结构
AB0543,标记,共鸣,纹,接触命中,限制变化,以共鸣为源、纹为媒介：标记；接触命中 → 限制变化
AB0544,分解,契约,雷,媒介传导,制造错误感知,以契约为源、雷为媒介：分解；媒介传导 → 制造错误感知
AB0545,加速,异化,丝,视线锁定,标记目标,以异化为源、丝为媒介：加速；视线锁定 → 标记目标
AB0546,分解,契约,光,视线锁定,标记目标,以契约为源、光为媒介：分解；视线锁定 → 标记目标
AB0547,复制,血脉,血,接触命中,吸收结构,以血脉为源、血为媒介：复制；接触命中 → 吸收结构
AB0548,位置改变,天授,声,视线锁定,改变因果顺序,以天授为源、声为媒介：位置改变；视线锁定 → 改变因果顺序
AB0549,转移,功法,光,地面蔓延,复制信息,以功法为源、光为媒介：转移；地面蔓延 → 复制信息
AB0550,寄生,残缺体质,尘,接触命中,交换位置,以残缺体质为源、尘为媒介：寄生；接触命中 → 交换位置
AB0551,折叠,共鸣,影,地面蔓延,复制信息,以共鸣为源、影为媒介：折叠；地面蔓延 → 复制信息
AB0552,加速,残缺体质,纹,媒介传导,复制信息,以残缺体质为源、纹为媒介：加速；媒介传导 → 复制信息
AB0553,回溯,血脉,丝,媒介传导,造成位移,以血脉为源、丝为媒介：回溯；媒介传导 → 造成位移
AB0554,标记,异化,影,媒介传导,标记目标,以异化为源、影为媒介：标记；媒介传导 → 标记目标
AB0555,重构,功法,雾,范围笼罩,标记目标,以功法为源、雾为媒介：重构；范围笼罩 → 标记目标
AB0556,延迟,契约,丝,范围笼罩,吸收结构,以契约为源、丝为媒介：延迟；范围笼罩 → 吸收结构
AB0557,分解,血脉,影,视线锁定,制造错误感知,以血脉为源、影为媒介：分解；视线锁定 → 制造错误感知
AB0558,共生,天授,纹,视线锁定,制造错误感知,以天授为源、纹为媒介：共生；视线锁定 → 制造错误感知
AB0559,冻结,异化,纹,范围笼罩,交换位置,以异化为源、纹为媒介：冻结；范围笼罩 → 交换位置
AB0560,记录,功法,尘,地面蔓延,标记目标,以功法为源、尘为媒介：记录；地面蔓延 → 标记目标
