costume_id,阵营,剪影,结构要素,配饰,状态,描述
CS00001,王庭,重甲,背部长摆,令牌+断扣,战损修补,王庭·重甲｜背部长摆｜令牌+断扣｜战损修补
CS00002,学宫,腰封,分片下摆,令牌+药囊,战损修补,学宫·腰封｜分片下摆｜令牌+药囊｜战损修补
CS00003,灰区,轻甲,交领叠襟,颈饰+符囊,完整如新,灰区·轻甲｜交领叠襟｜颈饰+符囊｜完整如新
CS00004,战士团,非对称剪裁,高领护颈,颈饰+腰牌,战损修补,战士团·非对称剪裁｜高领护颈｜颈饰+腰牌｜战损修补
CS00005,游侠,半甲,高领护颈,额饰+护腕,身份剥除感,游侠·半甲｜高领护颈｜额饰+护腕｜身份剥除感
CS00006,战士团,腰封,交领叠襟,额饰+令牌,陈年旧物,战士团·腰封｜交领叠襟｜额饰+令牌｜陈年旧物
CS00007,游侠,束身,绑带束腰,臂环+断扣,身份剥除感,游侠·束身｜绑带束腰｜臂环+断扣｜身份剥除感
CS00008,镇墟司,护臂,肩甲结构,符囊+旧皮带,陈年旧物,镇墟司·护臂｜肩甲结构｜符囊+旧皮带｜陈年旧物
CS00009,医者,轻甲,背部长摆,腰牌+断扣,陈年旧物,医者·轻甲｜背部长摆｜腰牌+断扣｜陈年旧物
CS00010,游侠,护臂,分片下摆,药囊+符囊,当下战损,游侠·护臂｜分片下摆｜药囊+符囊｜当下战损
CS00011,恶灵,束身,暗袋夹层,颈饰+臂环,当下战损,恶灵·束身｜暗袋夹层｜颈饰+臂环｜当下战损
CS00012,灰区,腰封,肩甲结构,断扣+耳饰,身份剥除感,灰区·腰封｜肩甲结构｜断扣+耳饰｜身份剥除感
CS00013,复苏体,半甲,分片下摆,令牌+护腕,边境磨损,复苏体·半甲｜分片下摆｜令牌+护腕｜边境磨损
CS00014,贵族,披风,分片下摆,臂环+面具残片,完整如新,贵族·披风｜分片下摆｜臂环+面具残片｜完整如新
CS00015,商贾,长袍,绑带束腰,断扣+护腕,当下战损,商贾·长袍｜绑带束腰｜断扣+护腕｜当下战损
CS00016,王庭,多层衣摆,背部长摆,旧皮带+断扣,身份剥除感,王庭·多层衣摆｜背部长摆｜旧皮带+断扣｜身份剥除感
CS00017,医者,披风,背部长摆,额饰+旧皮带,完整如新,医者·披风｜背部长摆｜额饰+旧皮带｜完整如新
CS00018,贵族,多层衣摆,背部长摆,符囊+护腕,当下战损,贵族·多层衣摆｜背部长摆｜符囊+护腕｜当下战损
CS00019,商贾,长袍,外披短褂,臂环+面具残片,完整如新,商贾·长袍｜外披短褂｜臂环+面具残片｜完整如新
CS00020,学宫,宽袖,腿部绑甲,令牌+药囊,身份剥除感,学宫·宽袖｜腿部绑甲｜令牌+药囊｜身份剥除感
CS00021,恶灵,护臂,腿部绑甲,耳饰+颈饰,战损修补,恶灵·护臂｜腿部绑甲｜耳饰+颈饰｜战损修补
CS00022,游侠,护臂,腿部绑甲,令牌+符囊,完整如新,游侠·护臂｜腿部绑甲｜令牌+符囊｜完整如新
CS00023,游侠,轻甲,高领护颈,护腕+耳饰,完整如新,游侠·轻甲｜高领护颈｜护腕+耳饰｜完整如新
CS00024,灰区,长袍,分片下摆,颈饰+令牌,陈年旧物,灰区·长袍｜分片下摆｜颈饰+令牌｜陈年旧物
CS00025,隐世,腰封,肩甲结构,药囊+旧皮带,陈年旧物,隐世·腰封｜肩甲结构｜药囊+旧皮带｜陈年旧物
CS00026,恶灵,重甲,分片下摆,令牌+符囊,当下战损,恶灵·重甲｜分片下摆｜令牌+符囊｜当下战损
CS00027,医者,非对称剪裁,高领护颈,断扣+颈饰,当下战损,医者·非对称剪裁｜高领护颈｜断扣+颈饰｜当下战损
CS00028,镇墟司,宽袖,绑带束腰,臂环+额饰,完整如新,镇墟司·宽袖｜绑带束腰｜臂环+额饰｜完整如新
CS00029,隐世,短衣,腿部绑甲,颈饰+臂环,战损修补,隐世·短衣｜腿部绑甲｜颈饰+臂环｜战损修补
CS00030,隐世,宽袖,分片下摆,令牌+药囊,身份剥除感,隐世·宽袖｜分片下摆｜令牌+药囊｜身份剥除感
CS00031,宗门,非对称剪裁,腿部绑甲,护腕+断扣,完整如新,宗门·非对称剪裁｜腿部绑甲｜护腕+断扣｜完整如新
CS00032,流亡者,多层衣摆,交领叠襟,令牌+腰牌,当下战损,流亡者·多层衣摆｜交领叠襟｜令牌+腰牌｜当下战损
CS00033,学宫,长袍,分片下摆,药囊+腰牌,日常使用痕,学宫·长袍｜分片下摆｜药囊+腰牌｜日常使用痕
CS00034,宗门,半甲,高领护颈,旧皮带+护腕,战损修补,宗门·半甲｜高领护颈｜旧皮带+护腕｜战损修补
CS00035,镇墟司,长袍,高领护颈,耳饰+药囊,陈年旧物,镇墟司·长袍｜高领护颈｜耳饰+药囊｜陈年旧物
CS00036,贵族,非对称剪裁,交领叠襟,腰牌+额饰,日常使用痕,贵族·非对称剪裁｜交领叠襟｜腰牌+额饰｜日常使用痕
CS00037,隐世,轻甲,外披短褂,令牌+颈饰,完整如新,隐世·轻甲｜外披短褂｜令牌+颈饰｜完整如新
CS00038,流亡者,长袍,外披短褂,令牌+药囊,战损修补,流亡者·长袍｜外披短褂｜令牌+药囊｜战损修补
CS00039,复苏体,多层衣摆,腿部绑甲,断扣+护腕,战损修补,复苏体·多层衣摆｜腿部绑甲｜断扣+护腕｜战损修补
CS00040,王庭,宽袖,高领护颈,耳饰+面具残片,身份剥除感,王庭·宽袖｜高领护颈｜耳饰+面具残片｜身份剥除感
CS00041,游侠,长袍,交领叠襟,旧皮带+耳饰,日常使用痕,游侠·长袍｜交领叠襟｜旧皮带+耳饰｜日常使用痕
CS00042,学宫,束身,外披短褂,颈饰+令牌,战损修补,学宫·束身｜外披短褂｜颈饰+令牌｜战损修补
CS00043,镇墟司,披风,高领护颈,腰牌+耳饰,陈年旧物,镇墟司·披风｜高领护颈｜腰牌+耳饰｜陈年旧物
CS00044,战士团,重甲,外披短褂,颈饰+药囊,当下战损,战士团·重甲｜外披短褂｜颈饰+药囊｜当下战损
CS00045,医者,非对称剪裁,分片下摆,护腕+颈饰,当下战损,医者·非对称剪裁｜分片下摆｜护腕+颈饰｜当下战损
CS00046,游侠,宽袖,交领叠襟,药囊+护腕,战损修补,游侠·宽袖｜交领叠襟｜药囊+护腕｜战损修补
CS00047,王庭,半甲,腿部绑甲,臂环+护腕,当下战损,王庭·半甲｜腿部绑甲｜臂环+护腕｜当下战损
CS00048,战士团,轻甲,分片下摆,腰牌+令牌,战损修补,战士团·轻甲｜分片下摆｜腰牌+令牌｜战损修补
CS00049,恶灵,长袍,交领叠襟,臂环+颈饰,当下战损,恶灵·长袍｜交领叠襟｜臂环+颈饰｜当下战损
CS00050,镇墟司,轻甲,绑带束腰,耳饰+断扣,身份剥除感,镇墟司·轻甲｜绑带束腰｜耳饰+断扣｜身份剥除感
CS00051,恶灵,半甲,外披短褂,药囊+臂环,战损修补,恶灵·半甲｜外披短褂｜药囊+臂环｜战损修补
CS00052,学宫,长袍,背部长摆,断扣+令牌,完整如新,学宫·长袍｜背部长摆｜断扣+令牌｜完整如新
CS00053,商贾,短衣,背部长摆,符囊+腰牌,当下战损,商贾·短衣｜背部长摆｜符囊+腰牌｜当下战损
CS00054,隐世,短衣,高领护颈,药囊+令牌,当下战损,隐世·短衣｜高领护颈｜药囊+令牌｜当下战损
CS00055,商贾,多层衣摆,绑带束腰,面具残片+臂环,日常使用痕,商贾·多层衣摆｜绑带束腰｜面具残片+臂环｜日常使用痕
CS00056,隐世,披风,腿部绑甲,药囊+颈饰,当下战损,隐世·披风｜腿部绑甲｜药囊+颈饰｜当下战损
CS00057,隐世,腰封,交领叠襟,面具残片+额饰,边境磨损,隐世·腰封｜交领叠襟｜面具残片+额饰｜边境磨损
CS00058,宗门,束身,背部长摆,符囊+药囊,陈年旧物,宗门·束身｜背部长摆｜符囊+药囊｜陈年旧物
CS00059,贵族,束身,交领叠襟,断扣+护腕,日常使用痕,贵族·束身｜交领叠襟｜断扣+护腕｜日常使用痕
CS00060,战士团,宽袖,暗袋夹层,面具残片+药囊,边境磨损,战士团·宽袖｜暗袋夹层｜面具残片+药囊｜边境磨损
CS00061,隐世,长袍,外披短褂,符囊+面具残片,陈年旧物,隐世·长袍｜外披短褂｜符囊+面具残片｜陈年旧物
CS00062,隐世,披风,暗袋夹层,药囊+断扣,战损修补,隐世·披风｜暗袋夹层｜药囊+断扣｜战损修补
CS00063,商贾,腰封,暗袋夹层,令牌+腰牌,陈年旧物,商贾·腰封｜暗袋夹层｜令牌+腰牌｜陈年旧物
CS00064,学宫,轻甲,肩甲结构,颈饰+耳饰,边境磨损,学宫·轻甲｜肩甲结构｜颈饰+耳饰｜边境磨损
CS00065,灰区,非对称剪裁,高领护颈,断扣+护腕,边境磨损,灰区·非对称剪裁｜高领护颈｜断扣+护腕｜边境磨损
CS00066,王庭,束身,外披短褂,旧皮带+颈饰,身份剥除感,王庭·束身｜外披短褂｜旧皮带+颈饰｜身份剥除感
CS00067,复苏体,腰封,胸甲结构,符囊+面具残片,战损修补,复苏体·腰封｜胸甲结构｜符囊+面具残片｜战损修补
CS00068,恶灵,长袍,暗袋夹层,符囊+令牌,完整如新,恶灵·长袍｜暗袋夹层｜符囊+令牌｜完整如新
CS00069,学宫,非对称剪裁,背部长摆,耳饰+额饰,日常使用痕,学宫·非对称剪裁｜背部长摆｜耳饰+额饰｜日常使用痕
CS00070,宗门,腰封,暗袋夹层,符囊+腰牌,陈年旧物,宗门·腰封｜暗袋夹层｜符囊+腰牌｜陈年旧物
CS00071,镇墟司,多层衣摆,绑带束腰,臂环+令牌,陈年旧物,镇墟司·多层衣摆｜绑带束腰｜臂环+令牌｜陈年旧物
CS00072,灰区,长袍,胸甲结构,断扣+护腕,身份剥除感,灰区·长袍｜胸甲结构｜断扣+护腕｜身份剥除感
CS00073,贵族,披风,高领护颈,护腕+耳饰,边境磨损,贵族·披风｜高领护颈｜护腕+耳饰｜边境磨损
CS00074,复苏体,重甲,腿部绑甲,令牌+面具残片,完整如新,复苏体·重甲｜腿部绑甲｜令牌+面具残片｜完整如新
CS00075,镇墟司,非对称剪裁,绑带束腰,面具残片+额饰,当下战损,镇墟司·非对称剪裁｜绑带束腰｜面具残片+额饰｜当下战损
CS00076,隐世,重甲,绑带束腰,颈饰+额饰,当下战损,隐世·重甲｜绑带束腰｜颈饰+额饰｜当下战损
CS00077,宗门,非对称剪裁,高领护颈,药囊+旧皮带,完整如新,宗门·非对称剪裁｜高领护颈｜药囊+旧皮带｜完整如新
CS00078,复苏体,束身,分片下摆,护腕+令牌,战损修补,复苏体·束身｜分片下摆｜护腕+令牌｜战损修补
CS00079,王庭,护臂,暗袋夹层,药囊+断扣,身份剥除感,王庭·护臂｜暗袋夹层｜药囊+断扣｜身份剥除感
CS00080,恶灵,短衣,肩甲结构,药囊+臂环,身份剥除感,恶灵·短衣｜肩甲结构｜药囊+臂环｜身份剥除感
CS00081,灰区,腰封,外披短褂,断扣+符囊,陈年旧物,灰区·腰封｜外披短褂｜断扣+符囊｜陈年旧物
CS00082,隐世,披风,暗袋夹层,符囊+令牌,日常使用痕,隐世·披风｜暗袋夹层｜符囊+令牌｜日常使用痕
CS00083,学宫,腰封,胸甲结构,颈饰+护腕,陈年旧物,学宫·腰封｜胸甲结构｜颈饰+护腕｜陈年旧物
CS00084,宗门,披风,外披短褂,药囊+臂环,当下战损,宗门·披风｜外披短褂｜药囊+臂环｜当下战损
CS00085,宗门,护臂,背部长摆,药囊+额饰,战损修补,宗门·护臂｜背部长摆｜药囊+额饰｜战损修补
CS00086,医者,护臂,交领叠襟,护腕+颈饰,身份剥除感,医者·护臂｜交领叠襟｜护腕+颈饰｜身份剥除感
CS00087,复苏体,束身,交领叠襟,护腕+断扣,当下战损,复苏体·束身｜交领叠襟｜护腕+断扣｜当下战损
CS00088,镇墟司,短衣,绑带束腰,令牌+护腕,当下战损,镇墟司·短衣｜绑带束腰｜令牌+护腕｜当下战损
CS00089,商贾,宽袖,背部长摆,耳饰+面具残片,完整如新,商贾·宽袖｜背部长摆｜耳饰+面具残片｜完整如新
CS00090,游侠,束身,暗袋夹层,臂环+符囊,战损修补,游侠·束身｜暗袋夹层｜臂环+符囊｜战损修补
CS00091,复苏体,护臂,分片下摆,腰牌+臂环,完整如新,复苏体·护臂｜分片下摆｜腰牌+臂环｜完整如新
CS00092,商贾,腰封,腿部绑甲,面具残片+耳饰,边境磨损,商贾·腰封｜腿部绑甲｜面具残片+耳饰｜边境磨损
CS00093,贵族,短衣,背部长摆,额饰+臂环,战损修补,贵族·短衣｜背部长摆｜额饰+臂环｜战损修补
CS00094,医者,长袍,高领护颈,旧皮带+面具残片,战损修补,医者·长袍｜高领护颈｜旧皮带+面具残片｜战损修补
CS00095,镇墟司,重甲,绑带束腰,颈饰+令牌,日常使用痕,镇墟司·重甲｜绑带束腰｜颈饰+令牌｜日常使用痕
CS00096,宗门,半甲,交领叠襟,颈饰+护腕,完整如新,宗门·半甲｜交领叠襟｜颈饰+护腕｜完整如新
CS00097,战士团,长袍,腿部绑甲,腰牌+面具残片,战损修补,战士团·长袍｜腿部绑甲｜腰牌+面具残片｜战损修补
CS00098,王庭,护臂,交领叠襟,额饰+护腕,陈年旧物,王庭·护臂｜交领叠襟｜额饰+护腕｜陈年旧物
CS00099,战士团,宽袖,肩甲结构,药囊+令牌,日常使用痕,战士团·宽袖｜肩甲结构｜药囊+令牌｜日常使用痕
CS00100,隐世,披风,肩甲结构,颈饰+臂环,身份剥除感,隐世·披风｜肩甲结构｜颈饰+臂环｜身份剥除感
CS00101,王庭,多层衣摆,腿部绑甲,符囊+额饰,当下战损,王庭·多层衣摆｜腿部绑甲｜符囊+额饰｜当下战损
CS00102,商贾,轻甲,交领叠襟,臂环+药囊,日常使用痕,商贾·轻甲｜交领叠襟｜臂环+药囊｜日常使用痕
CS00103,复苏体,多层衣摆,绑带束腰,令牌+额饰,日常使用痕,复苏体·多层衣摆｜绑带束腰｜令牌+额饰｜日常使用痕
CS00104,复苏体,披风,暗袋夹层,令牌+旧皮带,战损修补,复苏体·披风｜暗袋夹层｜令牌+旧皮带｜战损修补
CS00105,商贾,宽袖,交领叠襟,颈饰+腰牌,边境磨损,商贾·宽袖｜交领叠襟｜颈饰+腰牌｜边境磨损
CS00106,贵族,半甲,外披短褂,符囊+颈饰,日常使用痕,贵族·半甲｜外披短褂｜符囊+颈饰｜日常使用痕
CS00107,隐世,半甲,分片下摆,面具残片+断扣,身份剥除感,隐世·半甲｜分片下摆｜面具残片+断扣｜身份剥除感
CS00108,复苏体,宽袖,高领护颈,额饰+护腕,陈年旧物,复苏体·宽袖｜高领护颈｜额饰+护腕｜陈年旧物
CS00109,学宫,宽袖,高领护颈,令牌+额饰,战损修补,学宫·宽袖｜高领护颈｜令牌+额饰｜战损修补
CS00110,商贾,束身,外披短褂,护腕+药囊,完整如新,商贾·束身｜外披短褂｜护腕+药囊｜完整如新
CS00111,隐世,短衣,背部长摆,臂环+旧皮带,战损修补,隐世·短衣｜背部长摆｜臂环+旧皮带｜战损修补
CS00112,灰区,长袍,外披短褂,护腕+断扣,边境磨损,灰区·长袍｜外披短褂｜护腕+断扣｜边境磨损
CS00113,灰区,轻甲,外披短褂,腰牌+耳饰,边境磨损,灰区·轻甲｜外披短褂｜腰牌+耳饰｜边境磨损
CS00114,隐世,重甲,腿部绑甲,护腕+药囊,日常使用痕,隐世·重甲｜腿部绑甲｜护腕+药囊｜日常使用痕
CS00115,隐世,非对称剪裁,肩甲结构,药囊+臂环,战损修补,隐世·非对称剪裁｜肩甲结构｜药囊+臂环｜战损修补
CS00116,复苏体,宽袖,交领叠襟,符囊+耳饰,完整如新,复苏体·宽袖｜交领叠襟｜符囊+耳饰｜完整如新
CS00117,复苏体,非对称剪裁,外披短褂,腰牌+颈饰,日常使用痕,复苏体·非对称剪裁｜外披短褂｜腰牌+颈饰｜日常使用痕
CS00118,复苏体,半甲,绑带束腰,耳饰+面具残片,当下战损,复苏体·半甲｜绑带束腰｜耳饰+面具残片｜当下战损
CS00119,宗门,半甲,分片下摆,颈饰+耳饰,完整如新,宗门·半甲｜分片下摆｜颈饰+耳饰｜完整如新
CS00120,商贾,轻甲,肩甲结构,耳饰+额饰,边境磨损,商贾·轻甲｜肩甲结构｜耳饰+额饰｜边境磨损
CS00121,医者,宽袖,外披短褂,腰牌+符囊,完整如新,医者·宽袖｜外披短褂｜腰牌+符囊｜完整如新
CS00122,隐世,轻甲,腿部绑甲,旧皮带+额饰,陈年旧物,隐世·轻甲｜腿部绑甲｜旧皮带+额饰｜陈年旧物
CS00123,宗门,束身,背部长摆,旧皮带+符囊,身份剥除感,宗门·束身｜背部长摆｜旧皮带+符囊｜身份剥除感
CS00124,医者,多层衣摆,背部长摆,符囊+腰牌,战损修补,医者·多层衣摆｜背部长摆｜符囊+腰牌｜战损修补
CS00125,商贾,腰封,高领护颈,腰牌+臂环,当下战损,商贾·腰封｜高领护颈｜腰牌+臂环｜当下战损
CS00126,复苏体,长袍,腿部绑甲,面具残片+令牌,完整如新,复苏体·长袍｜腿部绑甲｜面具残片+令牌｜完整如新
CS00127,医者,护臂,高领护颈,令牌+符囊,边境磨损,医者·护臂｜高领护颈｜令牌+符囊｜边境磨损
CS00128,医者,半甲,绑带束腰,颈饰+旧皮带,当下战损,医者·半甲｜绑带束腰｜颈饰+旧皮带｜当下战损
CS00129,学宫,多层衣摆,肩甲结构,断扣+护腕,当下战损,学宫·多层衣摆｜肩甲结构｜断扣+护腕｜当下战损
CS00130,学宫,长袍,腿部绑甲,药囊+颈饰,日常使用痕,学宫·长袍｜腿部绑甲｜药囊+颈饰｜日常使用痕
CS00131,贵族,披风,肩甲结构,耳饰+药囊,身份剥除感,贵族·披风｜肩甲结构｜耳饰+药囊｜身份剥除感
CS00132,王庭,多层衣摆,腿部绑甲,腰牌+符囊,陈年旧物,王庭·多层衣摆｜腿部绑甲｜腰牌+符囊｜陈年旧物
CS00133,游侠,轻甲,暗袋夹层,腰牌+面具残片,边境磨损,游侠·轻甲｜暗袋夹层｜腰牌+面具残片｜边境磨损
CS00134,隐世,长袍,胸甲结构,额饰+断扣,完整如新,隐世·长袍｜胸甲结构｜额饰+断扣｜完整如新
CS00135,商贾,重甲,交领叠襟,腰牌+面具残片,战损修补,商贾·重甲｜交领叠襟｜腰牌+面具残片｜战损修补
CS00136,医者,多层衣摆,腿部绑甲,臂环+腰牌,战损修补,医者·多层衣摆｜腿部绑甲｜臂环+腰牌｜战损修补
CS00137,学宫,束身,胸甲结构,旧皮带+符囊,战损修补,学宫·束身｜胸甲结构｜旧皮带+符囊｜战损修补
CS00138,游侠,长袍,交领叠襟,药囊+旧皮带,边境磨损,游侠·长袍｜交领叠襟｜药囊+旧皮带｜边境磨损
CS00139,恶灵,长袍,交领叠襟,腰牌+旧皮带,日常使用痕,恶灵·长袍｜交领叠襟｜腰牌+旧皮带｜日常使用痕
CS00140,恶灵,重甲,肩甲结构,额饰+护腕,身份剥除感,恶灵·重甲｜肩甲结构｜额饰+护腕｜身份剥除感
CS00141,宗门,长袍,胸甲结构,断扣+令牌,日常使用痕,宗门·长袍｜胸甲结构｜断扣+令牌｜日常使用痕
CS00142,恶灵,长袍,分片下摆,断扣+令牌,边境磨损,恶灵·长袍｜分片下摆｜断扣+令牌｜边境磨损
CS00143,复苏体,短衣,外披短褂,面具残片+护腕,当下战损,复苏体·短衣｜外披短褂｜面具残片+护腕｜当下战损
CS00144,游侠,长袍,外披短褂,臂环+药囊,日常使用痕,游侠·长袍｜外披短褂｜臂环+药囊｜日常使用痕
CS00145,灰区,半甲,外披短褂,面具残片+断扣,日常使用痕,灰区·半甲｜外披短褂｜面具残片+断扣｜日常使用痕
CS00146,灰区,轻甲,高领护颈,旧皮带+药囊,边境磨损,灰区·轻甲｜高领护颈｜旧皮带+药囊｜边境磨损
CS00147,恶灵,披风,暗袋夹层,腰牌+臂环,边境磨损,恶灵·披风｜暗袋夹层｜腰牌+臂环｜边境磨损
CS00148,贵族,束身,胸甲结构,腰牌+臂环,陈年旧物,贵族·束身｜胸甲结构｜腰牌+臂环｜陈年旧物
CS00149,贵族,长袍,高领护颈,额饰+臂环,完整如新,贵族·长袍｜高领护颈｜额饰+臂环｜完整如新
CS00150,流亡者,长袍,分片下摆,臂环+符囊,身份剥除感,流亡者·长袍｜分片下摆｜臂环+符囊｜身份剥除感
CS00151,宗门,披风,肩甲结构,颈饰+额饰,陈年旧物,宗门·披风｜肩甲结构｜颈饰+额饰｜陈年旧物
CS00152,贵族,腰封,高领护颈,耳饰+臂环,当下战损,贵族·腰封｜高领护颈｜耳饰+臂环｜当下战损
CS00153,恶灵,宽袖,胸甲结构,臂环+药囊,身份剥除感,恶灵·宽袖｜胸甲结构｜臂环+药囊｜身份剥除感
CS00154,学宫,非对称剪裁,胸甲结构,颈饰+耳饰,战损修补,学宫·非对称剪裁｜胸甲结构｜颈饰+耳饰｜战损修补
CS00155,商贾,半甲,胸甲结构,令牌+颈饰,边境磨损,商贾·半甲｜胸甲结构｜令牌+颈饰｜边境磨损
CS00156,复苏体,多层衣摆,肩甲结构,面具残片+护腕,陈年旧物,复苏体·多层衣摆｜肩甲结构｜面具残片+护腕｜陈年旧物
CS00157,镇墟司,重甲,交领叠襟,令牌+颈饰,边境磨损,镇墟司·重甲｜交领叠襟｜令牌+颈饰｜边境磨损
CS00158,流亡者,腰封,肩甲结构,断扣+耳饰,完整如新,流亡者·腰封｜肩甲结构｜断扣+耳饰｜完整如新
CS00159,宗门,宽袖,分片下摆,药囊+符囊,身份剥除感,宗门·宽袖｜分片下摆｜药囊+符囊｜身份剥除感
CS00160,医者,宽袖,高领护颈,耳饰+旧皮带,战损修补,医者·宽袖｜高领护颈｜耳饰+旧皮带｜战损修补
CS00161,学宫,轻甲,暗袋夹层,腰牌+耳饰,完整如新,学宫·轻甲｜暗袋夹层｜腰牌+耳饰｜完整如新
CS00162,隐世,宽袖,肩甲结构,面具残片+药囊,当下战损,隐世·宽袖｜肩甲结构｜面具残片+药囊｜当下战损
CS00163,游侠,短衣,暗袋夹层,臂环+护腕,陈年旧物,游侠·短衣｜暗袋夹层｜臂环+护腕｜陈年旧物
CS00164,复苏体,宽袖,绑带束腰,护腕+臂环,陈年旧物,复苏体·宽袖｜绑带束腰｜护腕+臂环｜陈年旧物
CS00165,流亡者,长袍,背部长摆,断扣+护腕,日常使用痕,流亡者·长袍｜背部长摆｜断扣+护腕｜日常使用痕
CS00166,镇墟司,轻甲,胸甲结构,额饰+颈饰,完整如新,镇墟司·轻甲｜胸甲结构｜额饰+颈饰｜完整如新
CS00167,恶灵,护臂,背部长摆,颈饰+耳饰,战损修补,恶灵·护臂｜背部长摆｜颈饰+耳饰｜战损修补
CS00168,镇墟司,长袍,绑带束腰,耳饰+符囊,日常使用痕,镇墟司·长袍｜绑带束腰｜耳饰+符囊｜日常使用痕
CS00169,隐世,半甲,高领护颈,断扣+符囊,当下战损,隐世·半甲｜高领护颈｜断扣+符囊｜当下战损
CS00170,王庭,短衣,外披短褂,药囊+令牌,身份剥除感,王庭·短衣｜外披短褂｜药囊+令牌｜身份剥除感
CS00171,医者,重甲,外披短褂,面具残片+护腕,完整如新,医者·重甲｜外披短褂｜面具残片+护腕｜完整如新
CS00172,隐世,短衣,外披短褂,药囊+护腕,身份剥除感,隐世·短衣｜外披短褂｜药囊+护腕｜身份剥除感
CS00173,隐世,宽袖,背部长摆,护腕+符囊,战损修补,隐世·宽袖｜背部长摆｜护腕+符囊｜战损修补
CS00174,复苏体,多层衣摆,腿部绑甲,腰牌+旧皮带,身份剥除感,复苏体·多层衣摆｜腿部绑甲｜腰牌+旧皮带｜身份剥除感
CS00175,流亡者,长袍,绑带束腰,额饰+护腕,当下战损,流亡者·长袍｜绑带束腰｜额饰+护腕｜当下战损
CS00176,宗门,重甲,绑带束腰,耳饰+颈饰,完整如新,宗门·重甲｜绑带束腰｜耳饰+颈饰｜完整如新
CS00177,贵族,多层衣摆,外披短褂,令牌+臂环,当下战损,贵族·多层衣摆｜外披短褂｜令牌+臂环｜当下战损
CS00178,恶灵,宽袖,绑带束腰,颈饰+臂环,当下战损,恶灵·宽袖｜绑带束腰｜颈饰+臂环｜当下战损
CS00179,隐世,短衣,暗袋夹层,护腕+药囊,陈年旧物,隐世·短衣｜暗袋夹层｜护腕+药囊｜陈年旧物
CS00180,商贾,重甲,外披短褂,耳饰+颈饰,陈年旧物,商贾·重甲｜外披短褂｜耳饰+颈饰｜陈年旧物
CS00181,灰区,宽袖,绑带束腰,护腕+面具残片,完整如新,灰区·宽袖｜绑带束腰｜护腕+面具残片｜完整如新
CS00182,复苏体,半甲,外披短褂,腰牌+符囊,身份剥除感,复苏体·半甲｜外披短褂｜腰牌+符囊｜身份剥除感
CS00183,宗门,宽袖,绑带束腰,面具残片+颈饰,日常使用痕,宗门·宽袖｜绑带束腰｜面具残片+颈饰｜日常使用痕
CS00184,商贾,长袍,分片下摆,符囊+腰牌,身份剥除感,商贾·长袍｜分片下摆｜符囊+腰牌｜身份剥除感
CS00185,学宫,多层衣摆,背部长摆,药囊+旧皮带,边境磨损,学宫·多层衣摆｜背部长摆｜药囊+旧皮带｜边境磨损
CS00186,王庭,非对称剪裁,暗袋夹层,耳饰+旧皮带,边境磨损,王庭·非对称剪裁｜暗袋夹层｜耳饰+旧皮带｜边境磨损
CS00187,医者,护臂,交领叠襟,旧皮带+断扣,完整如新,医者·护臂｜交领叠襟｜旧皮带+断扣｜完整如新
CS00188,游侠,重甲,高领护颈,符囊+腰牌,日常使用痕,游侠·重甲｜高领护颈｜符囊+腰牌｜日常使用痕
CS00189,战士团,非对称剪裁,背部长摆,额饰+臂环,边境磨损,战士团·非对称剪裁｜背部长摆｜额饰+臂环｜边境磨损
CS00190,流亡者,长袍,交领叠襟,令牌+额饰,完整如新,流亡者·长袍｜交领叠襟｜令牌+额饰｜完整如新
CS00191,隐世,非对称剪裁,交领叠襟,旧皮带+面具残片,战损修补,隐世·非对称剪裁｜交领叠襟｜旧皮带+面具残片｜战损修补
CS00192,游侠,束身,腿部绑甲,臂环+腰牌,战损修补,游侠·束身｜腿部绑甲｜臂环+腰牌｜战损修补
CS00193,恶灵,披风,腿部绑甲,药囊+面具残片,边境磨损,恶灵·披风｜腿部绑甲｜药囊+面具残片｜边境磨损
CS00194,游侠,披风,背部长摆,耳饰+腰牌,当下战损,游侠·披风｜背部长摆｜耳饰+腰牌｜当下战损
CS00195,游侠,腰封,胸甲结构,额饰+旧皮带,边境磨损,游侠·腰封｜胸甲结构｜额饰+旧皮带｜边境磨损
CS00196,流亡者,束身,高领护颈,断扣+令牌,战损修补,流亡者·束身｜高领护颈｜断扣+令牌｜战损修补
CS00197,镇墟司,重甲,外披短褂,符囊+面具残片,身份剥除感,镇墟司·重甲｜外披短褂｜符囊+面具残片｜身份剥除感
CS00198,镇墟司,腰封,腿部绑甲,面具残片+药囊,战损修补,镇墟司·腰封｜腿部绑甲｜面具残片+药囊｜战损修补
CS00199,灰区,护臂,肩甲结构,额饰+药囊,完整如新,灰区·护臂｜肩甲结构｜额饰+药囊｜完整如新
CS00200,流亡者,宽袖,交领叠襟,符囊+颈饰,完整如新,流亡者·宽袖｜交领叠襟｜符囊+颈饰｜完整如新
CS00201,灰区,腰封,绑带束腰,符囊+腰牌,当下战损,灰区·腰封｜绑带束腰｜符囊+腰牌｜当下战损
CS00202,隐世,披风,背部长摆,颈饰+耳饰,边境磨损,隐世·披风｜背部长摆｜颈饰+耳饰｜边境磨损
CS00203,宗门,长袍,外披短褂,臂环+颈饰,战损修补,宗门·长袍｜外披短褂｜臂环+颈饰｜战损修补
CS00204,贵族,多层衣摆,分片下摆,旧皮带+臂环,当下战损,贵族·多层衣摆｜分片下摆｜旧皮带+臂环｜当下战损
CS00205,灰区,轻甲,外披短褂,腰牌+颈饰,当下战损,灰区·轻甲｜外披短褂｜腰牌+颈饰｜当下战损
CS00206,战士团,束身,背部长摆,护腕+臂环,日常使用痕,战士团·束身｜背部长摆｜护腕+臂环｜日常使用痕
CS00207,灰区,重甲,暗袋夹层,药囊+符囊,边境磨损,灰区·重甲｜暗袋夹层｜药囊+符囊｜边境磨损
CS00208,宗门,披风,背部长摆,药囊+符囊,边境磨损,宗门·披风｜背部长摆｜药囊+符囊｜边境磨损
CS00209,恶灵,披风,暗袋夹层,额饰+护腕,战损修补,恶灵·披风｜暗袋夹层｜额饰+护腕｜战损修补
CS00210,恶灵,披风,外披短褂,药囊+护腕,身份剥除感,恶灵·披风｜外披短褂｜药囊+护腕｜身份剥除感
CS00211,恶灵,披风,胸甲结构,颈饰+药囊,当下战损,恶灵·披风｜胸甲结构｜颈饰+药囊｜当下战损
CS00212,隐世,轻甲,高领护颈,耳饰+腰牌,当下战损,隐世·轻甲｜高领护颈｜耳饰+腰牌｜当下战损
CS00213,学宫,多层衣摆,交领叠襟,令牌+护腕,战损修补,学宫·多层衣摆｜交领叠襟｜令牌+护腕｜战损修补
CS00214,学宫,半甲,绑带束腰,护腕+旧皮带,边境磨损,学宫·半甲｜绑带束腰｜护腕+旧皮带｜边境磨损
CS00215,恶灵,短衣,分片下摆,旧皮带+额饰,边境磨损,恶灵·短衣｜分片下摆｜旧皮带+额饰｜边境磨损
CS00216,王庭,非对称剪裁,分片下摆,旧皮带+符囊,当下战损,王庭·非对称剪裁｜分片下摆｜旧皮带+符囊｜当下战损
CS00217,复苏体,宽袖,外披短褂,旧皮带+令牌,战损修补,复苏体·宽袖｜外披短褂｜旧皮带+令牌｜战损修补
CS00218,商贾,重甲,肩甲结构,耳饰+令牌,边境磨损,商贾·重甲｜肩甲结构｜耳饰+令牌｜边境磨损
CS00219,宗门,披风,暗袋夹层,额饰+令牌,完整如新,宗门·披风｜暗袋夹层｜额饰+令牌｜完整如新
CS00220,战士团,重甲,交领叠襟,断扣+符囊,身份剥除感,战士团·重甲｜交领叠襟｜断扣+符囊｜身份剥除感
CS00221,学宫,非对称剪裁,背部长摆,臂环+断扣,完整如新,学宫·非对称剪裁｜背部长摆｜臂环+断扣｜完整如新
CS00222,贵族,腰封,交领叠襟,臂环+颈饰,战损修补,贵族·腰封｜交领叠襟｜臂环+颈饰｜战损修补
CS00223,恶灵,宽袖,高领护颈,药囊+令牌,身份剥除感,恶灵·宽袖｜高领护颈｜药囊+令牌｜身份剥除感
CS00224,宗门,披风,高领护颈,令牌+耳饰,当下战损,宗门·披风｜高领护颈｜令牌+耳饰｜当下战损
CS00225,流亡者,束身,分片下摆,臂环+符囊,日常使用痕,流亡者·束身｜分片下摆｜臂环+符囊｜日常使用痕
CS00226,贵族,腰封,背部长摆,旧皮带+臂环,身份剥除感,贵族·腰封｜背部长摆｜旧皮带+臂环｜身份剥除感
CS00227,流亡者,短衣,暗袋夹层,耳饰+旧皮带,边境磨损,流亡者·短衣｜暗袋夹层｜耳饰+旧皮带｜边境磨损
CS00228,王庭,非对称剪裁,绑带束腰,断扣+符囊,陈年旧物,王庭·非对称剪裁｜绑带束腰｜断扣+符囊｜陈年旧物
CS00229,恶灵,宽袖,绑带束腰,额饰+面具残片,完整如新,恶灵·宽袖｜绑带束腰｜额饰+面具残片｜完整如新
CS00230,游侠,半甲,胸甲结构,腰牌+耳饰,当下战损,游侠·半甲｜胸甲结构｜腰牌+耳饰｜当下战损
CS00231,镇墟司,护臂,暗袋夹层,护腕+颈饰,陈年旧物,镇墟司·护臂｜暗袋夹层｜护腕+颈饰｜陈年旧物
CS00232,医者,半甲,外披短褂,耳饰+护腕,日常使用痕,医者·半甲｜外披短褂｜耳饰+护腕｜日常使用痕
CS00233,战士团,腰封,背部长摆,额饰+耳饰,边境磨损,战士团·腰封｜背部长摆｜额饰+耳饰｜边境磨损
CS00234,镇墟司,非对称剪裁,绑带束腰,符囊+额饰,陈年旧物,镇墟司·非对称剪裁｜绑带束腰｜符囊+额饰｜陈年旧物
CS00235,王庭,披风,肩甲结构,药囊+护腕,身份剥除感,王庭·披风｜肩甲结构｜药囊+护腕｜身份剥除感
CS00236,镇墟司,重甲,腿部绑甲,药囊+耳饰,战损修补,镇墟司·重甲｜腿部绑甲｜药囊+耳饰｜战损修补
CS00237,贵族,长袍,背部长摆,令牌+护腕,陈年旧物,贵族·长袍｜背部长摆｜令牌+护腕｜陈年旧物
CS00238,恶灵,多层衣摆,腿部绑甲,旧皮带+符囊,身份剥除感,恶灵·多层衣摆｜腿部绑甲｜旧皮带+符囊｜身份剥除感
CS00239,复苏体,轻甲,暗袋夹层,符囊+臂环,边境磨损,复苏体·轻甲｜暗袋夹层｜符囊+臂环｜边境磨损
CS00240,隐世,轻甲,胸甲结构,符囊+护腕,战损修补,隐世·轻甲｜胸甲结构｜符囊+护腕｜战损修补
CS00241,商贾,短衣,胸甲结构,颈饰+符囊,完整如新,商贾·短衣｜胸甲结构｜颈饰+符囊｜完整如新
CS00242,灰区,短衣,腿部绑甲,颈饰+面具残片,日常使用痕,灰区·短衣｜腿部绑甲｜颈饰+面具残片｜日常使用痕
CS00243,商贾,轻甲,交领叠襟,臂环+令牌,当下战损,商贾·轻甲｜交领叠襟｜臂环+令牌｜当下战损
CS00244,灰区,束身,外披短褂,药囊+腰牌,身份剥除感,灰区·束身｜外披短褂｜药囊+腰牌｜身份剥除感
CS00245,镇墟司,轻甲,绑带束腰,面具残片+符囊,当下战损,镇墟司·轻甲｜绑带束腰｜面具残片+符囊｜当下战损
CS00246,灰区,护臂,高领护颈,耳饰+面具残片,日常使用痕,灰区·护臂｜高领护颈｜耳饰+面具残片｜日常使用痕
CS00247,流亡者,半甲,肩甲结构,面具残片+符囊,陈年旧物,流亡者·半甲｜肩甲结构｜面具残片+符囊｜陈年旧物
CS00248,战士团,短衣,分片下摆,臂环+额饰,边境磨损,战士团·短衣｜分片下摆｜臂环+额饰｜边境磨损
CS00249,流亡者,非对称剪裁,分片下摆,额饰+断扣,身份剥除感,流亡者·非对称剪裁｜分片下摆｜额饰+断扣｜身份剥除感
CS00250,学宫,非对称剪裁,暗袋夹层,面具残片+臂环,日常使用痕,学宫·非对称剪裁｜暗袋夹层｜面具残片+臂环｜日常使用痕
CS00251,战士团,轻甲,腿部绑甲,断扣+面具残片,身份剥除感,战士团·轻甲｜腿部绑甲｜断扣+面具残片｜身份剥除感
CS00252,贵族,短衣,外披短褂,旧皮带+颈饰,边境磨损,贵族·短衣｜外披短褂｜旧皮带+颈饰｜边境磨损
CS00253,恶灵,宽袖,交领叠襟,额饰+颈饰,边境磨损,恶灵·宽袖｜交领叠襟｜额饰+颈饰｜边境磨损
CS00254,灰区,多层衣摆,分片下摆,断扣+面具残片,边境磨损,灰区·多层衣摆｜分片下摆｜断扣+面具残片｜边境磨损
CS00255,商贾,护臂,分片下摆,耳饰+令牌,完整如新,商贾·护臂｜分片下摆｜耳饰+令牌｜完整如新
CS00256,游侠,多层衣摆,交领叠襟,腰牌+旧皮带,身份剥除感,游侠·多层衣摆｜交领叠襟｜腰牌+旧皮带｜身份剥除感
CS00257,镇墟司,披风,高领护颈,令牌+旧皮带,边境磨损,镇墟司·披风｜高领护颈｜令牌+旧皮带｜边境磨损
CS00258,游侠,轻甲,绑带束腰,腰牌+药囊,当下战损,游侠·轻甲｜绑带束腰｜腰牌+药囊｜当下战损
CS00259,复苏体,半甲,分片下摆,断扣+符囊,战损修补,复苏体·半甲｜分片下摆｜断扣+符囊｜战损修补
CS00260,恶灵,多层衣摆,胸甲结构,额饰+腰牌,完整如新,恶灵·多层衣摆｜胸甲结构｜额饰+腰牌｜完整如新
CS00261,镇墟司,护臂,分片下摆,面具残片+腰牌,当下战损,镇墟司·护臂｜分片下摆｜面具残片+腰牌｜当下战损
CS00262,复苏体,非对称剪裁,分片下摆,面具残片+令牌,陈年旧物,复苏体·非对称剪裁｜分片下摆｜面具残片+令牌｜陈年旧物
CS00263,镇墟司,非对称剪裁,交领叠襟,药囊+额饰,陈年旧物,镇墟司·非对称剪裁｜交领叠襟｜药囊+额饰｜陈年旧物
CS00264,王庭,长袍,高领护颈,旧皮带+符囊,完整如新,王庭·长袍｜高领护颈｜旧皮带+符囊｜完整如新
CS00265,王庭,重甲,腿部绑甲,符囊+断扣,战损修补,王庭·重甲｜腿部绑甲｜符囊+断扣｜战损修补
CS00266,王庭,短衣,肩甲结构,护腕+额饰,完整如新,王庭·短衣｜肩甲结构｜护腕+额饰｜完整如新
CS00267,隐世,腰封,外披短褂,药囊+臂环,战损修补,隐世·腰封｜外披短褂｜药囊+臂环｜战损修补
CS00268,流亡者,披风,绑带束腰,臂环+旧皮带,边境磨损,流亡者·披风｜绑带束腰｜臂环+旧皮带｜边境磨损
CS00269,流亡者,轻甲,交领叠襟,颈饰+断扣,战损修补,流亡者·轻甲｜交领叠襟｜颈饰+断扣｜战损修补
CS00270,王庭,短衣,外披短褂,臂环+令牌,战损修补,王庭·短衣｜外披短褂｜臂环+令牌｜战损修补
CS00271,王庭,长袍,胸甲结构,颈饰+旧皮带,边境磨损,王庭·长袍｜胸甲结构｜颈饰+旧皮带｜边境磨损
CS00272,贵族,束身,背部长摆,断扣+臂环,当下战损,贵族·束身｜背部长摆｜断扣+臂环｜当下战损
CS00273,宗门,重甲,背部长摆,耳饰+符囊,身份剥除感,宗门·重甲｜背部长摆｜耳饰+符囊｜身份剥除感
CS00274,镇墟司,轻甲,高领护颈,旧皮带+断扣,战损修补,镇墟司·轻甲｜高领护颈｜旧皮带+断扣｜战损修补
CS00275,镇墟司,长袍,交领叠襟,臂环+颈饰,身份剥除感,镇墟司·长袍｜交领叠襟｜臂环+颈饰｜身份剥除感
CS00276,贵族,腰封,交领叠襟,腰牌+护腕,完整如新,贵族·腰封｜交领叠襟｜腰牌+护腕｜完整如新
CS00277,复苏体,披风,肩甲结构,护腕+符囊,当下战损,复苏体·披风｜肩甲结构｜护腕+符囊｜当下战损
CS00278,战士团,多层衣摆,暗袋夹层,颈饰+旧皮带,完整如新,战士团·多层衣摆｜暗袋夹层｜颈饰+旧皮带｜完整如新
CS00279,游侠,披风,胸甲结构,令牌+护腕,战损修补,游侠·披风｜胸甲结构｜令牌+护腕｜战损修补
CS00280,流亡者,束身,胸甲结构,断扣+耳饰,完整如新,流亡者·束身｜胸甲结构｜断扣+耳饰｜完整如新
CS00281,战士团,护臂,腿部绑甲,颈饰+令牌,日常使用痕,战士团·护臂｜腿部绑甲｜颈饰+令牌｜日常使用痕
CS00282,游侠,束身,腿部绑甲,药囊+耳饰,身份剥除感,游侠·束身｜腿部绑甲｜药囊+耳饰｜身份剥除感
CS00283,隐世,短衣,绑带束腰,药囊+腰牌,身份剥除感,隐世·短衣｜绑带束腰｜药囊+腰牌｜身份剥除感
CS00284,镇墟司,轻甲,腿部绑甲,药囊+耳饰,日常使用痕,镇墟司·轻甲｜腿部绑甲｜药囊+耳饰｜日常使用痕
CS00285,镇墟司,轻甲,高领护颈,额饰+护腕,边境磨损,镇墟司·轻甲｜高领护颈｜额饰+护腕｜边境磨损
CS00286,宗门,半甲,高领护颈,旧皮带+面具残片,日常使用痕,宗门·半甲｜高领护颈｜旧皮带+面具残片｜日常使用痕
CS00287,贵族,宽袖,分片下摆,旧皮带+耳饰,身份剥除感,贵族·宽袖｜分片下摆｜旧皮带+耳饰｜身份剥除感
CS00288,恶灵,半甲,背部长摆,颈饰+护腕,身份剥除感,恶灵·半甲｜背部长摆｜颈饰+护腕｜身份剥除感
CS00289,隐世,长袍,高领护颈,药囊+旧皮带,身份剥除感,隐世·长袍｜高领护颈｜药囊+旧皮带｜身份剥除感
CS00290,恶灵,非对称剪裁,交领叠襟,臂环+令牌,日常使用痕,恶灵·非对称剪裁｜交领叠襟｜臂环+令牌｜日常使用痕
CS00291,复苏体,护臂,外披短褂,符囊+面具残片,边境磨损,复苏体·护臂｜外披短褂｜符囊+面具残片｜边境磨损
CS00292,灰区,非对称剪裁,交领叠襟,耳饰+令牌,当下战损,灰区·非对称剪裁｜交领叠襟｜耳饰+令牌｜当下战损
CS00293,商贾,披风,绑带束腰,药囊+断扣,边境磨损,商贾·披风｜绑带束腰｜药囊+断扣｜边境磨损
CS00294,复苏体,宽袖,绑带束腰,面具残片+耳饰,当下战损,复苏体·宽袖｜绑带束腰｜面具残片+耳饰｜当下战损
CS00295,恶灵,宽袖,分片下摆,符囊+药囊,当下战损,恶灵·宽袖｜分片下摆｜符囊+药囊｜当下战损
CS00296,游侠,宽袖,背部长摆,旧皮带+颈饰,战损修补,游侠·宽袖｜背部长摆｜旧皮带+颈饰｜战损修补
CS00297,宗门,长袍,肩甲结构,旧皮带+断扣,日常使用痕,宗门·长袍｜肩甲结构｜旧皮带+断扣｜日常使用痕
CS00298,学宫,重甲,分片下摆,腰牌+令牌,完整如新,学宫·重甲｜分片下摆｜腰牌+令牌｜完整如新
CS00299,学宫,护臂,分片下摆,断扣+护腕,日常使用痕,学宫·护臂｜分片下摆｜断扣+护腕｜日常使用痕
CS00300,王庭,束身,胸甲结构,令牌+额饰,完整如新,王庭·束身｜胸甲结构｜令牌+额饰｜完整如新
CS00301,恶灵,披风,外披短褂,额饰+符囊,日常使用痕,恶灵·披风｜外披短褂｜额饰+符囊｜日常使用痕
CS00302,流亡者,长袍,暗袋夹层,护腕+腰牌,当下战损,流亡者·长袍｜暗袋夹层｜护腕+腰牌｜当下战损
CS00303,医者,腰封,胸甲结构,耳饰+符囊,完整如新,医者·腰封｜胸甲结构｜耳饰+符囊｜完整如新
CS00304,商贾,披风,绑带束腰,面具残片+断扣,战损修补,商贾·披风｜绑带束腰｜面具残片+断扣｜战损修补
CS00305,游侠,重甲,暗袋夹层,旧皮带+药囊,日常使用痕,游侠·重甲｜暗袋夹层｜旧皮带+药囊｜日常使用痕
CS00306,隐世,多层衣摆,高领护颈,臂环+符囊,边境磨损,隐世·多层衣摆｜高领护颈｜臂环+符囊｜边境磨损
CS00307,恶灵,半甲,交领叠襟,旧皮带+臂环,边境磨损,恶灵·半甲｜交领叠襟｜旧皮带+臂环｜边境磨损
CS00308,流亡者,护臂,外披短褂,额饰+令牌,当下战损,流亡者·护臂｜外披短褂｜额饰+令牌｜当下战损
CS00309,学宫,重甲,交领叠襟,面具残片+断扣,身份剥除感,学宫·重甲｜交领叠襟｜面具残片+断扣｜身份剥除感
CS00310,商贾,重甲,暗袋夹层,耳饰+护腕,边境磨损,商贾·重甲｜暗袋夹层｜耳饰+护腕｜边境磨损
CS00311,医者,护臂,高领护颈,颈饰+符囊,日常使用痕,医者·护臂｜高领护颈｜颈饰+符囊｜日常使用痕
CS00312,游侠,多层衣摆,暗袋夹层,臂环+护腕,当下战损,游侠·多层衣摆｜暗袋夹层｜臂环+护腕｜当下战损
CS00313,流亡者,多层衣摆,胸甲结构,护腕+断扣,战损修补,流亡者·多层衣摆｜胸甲结构｜护腕+断扣｜战损修补
CS00314,战士团,束身,外披短褂,令牌+颈饰,当下战损,战士团·束身｜外披短褂｜令牌+颈饰｜当下战损
CS00315,游侠,半甲,腿部绑甲,腰牌+耳饰,当下战损,游侠·半甲｜腿部绑甲｜腰牌+耳饰｜当下战损
CS00316,学宫,轻甲,腿部绑甲,耳饰+臂环,战损修补,学宫·轻甲｜腿部绑甲｜耳饰+臂环｜战损修补
CS00317,王庭,非对称剪裁,外披短褂,臂环+额饰,战损修补,王庭·非对称剪裁｜外披短褂｜臂环+额饰｜战损修补
CS00318,宗门,短衣,胸甲结构,腰牌+符囊,完整如新,宗门·短衣｜胸甲结构｜腰牌+符囊｜完整如新
CS00319,宗门,长袍,分片下摆,腰牌+旧皮带,边境磨损,宗门·长袍｜分片下摆｜腰牌+旧皮带｜边境磨损
CS00320,游侠,束身,胸甲结构,旧皮带+令牌,日常使用痕,游侠·束身｜胸甲结构｜旧皮带+令牌｜日常使用痕
CS00321,贵族,非对称剪裁,绑带束腰,腰牌+药囊,身份剥除感,贵族·非对称剪裁｜绑带束腰｜腰牌+药囊｜身份剥除感
CS00322,战士团,多层衣摆,交领叠襟,断扣+额饰,战损修补,战士团·多层衣摆｜交领叠襟｜断扣+额饰｜战损修补
CS00323,王庭,多层衣摆,分片下摆,符囊+耳饰,边境磨损,王庭·多层衣摆｜分片下摆｜符囊+耳饰｜边境磨损
CS00324,隐世,多层衣摆,交领叠襟,额饰+臂环,战损修补,隐世·多层衣摆｜交领叠襟｜额饰+臂环｜战损修补
CS00325,战士团,多层衣摆,分片下摆,符囊+颈饰,战损修补,战士团·多层衣摆｜分片下摆｜符囊+颈饰｜战损修补
CS00326,镇墟司,轻甲,交领叠襟,额饰+药囊,日常使用痕,镇墟司·轻甲｜交领叠襟｜额饰+药囊｜日常使用痕
CS00327,战士团,轻甲,绑带束腰,臂环+腰牌,陈年旧物,战士团·轻甲｜绑带束腰｜臂环+腰牌｜陈年旧物
CS00328,学宫,腰封,分片下摆,断扣+符囊,日常使用痕,学宫·腰封｜分片下摆｜断扣+符囊｜日常使用痕
CS00329,流亡者,长袍,高领护颈,断扣+药囊,边境磨损,流亡者·长袍｜高领护颈｜断扣+药囊｜边境磨损
CS00330,流亡者,宽袖,分片下摆,药囊+面具残片,战损修补,流亡者·宽袖｜分片下摆｜药囊+面具残片｜战损修补
CS00331,贵族,长袍,胸甲结构,断扣+颈饰,战损修补,贵族·长袍｜胸甲结构｜断扣+颈饰｜战损修补
CS00332,学宫,长袍,暗袋夹层,护腕+额饰,日常使用痕,学宫·长袍｜暗袋夹层｜护腕+额饰｜日常使用痕
CS00333,灰区,束身,外披短褂,臂环+护腕,边境磨损,灰区·束身｜外披短褂｜臂环+护腕｜边境磨损
CS00334,隐世,非对称剪裁,外披短褂,断扣+旧皮带,完整如新,隐世·非对称剪裁｜外披短褂｜断扣+旧皮带｜完整如新
CS00335,复苏体,长袍,腿部绑甲,臂环+额饰,陈年旧物,复苏体·长袍｜腿部绑甲｜臂环+额饰｜陈年旧物
CS00336,学宫,非对称剪裁,暗袋夹层,腰牌+药囊,当下战损,学宫·非对称剪裁｜暗袋夹层｜腰牌+药囊｜当下战损
CS00337,灰区,短衣,腿部绑甲,臂环+耳饰,边境磨损,灰区·短衣｜腿部绑甲｜臂环+耳饰｜边境磨损
CS00338,灰区,半甲,肩甲结构,护腕+耳饰,战损修补,灰区·半甲｜肩甲结构｜护腕+耳饰｜战损修补
CS00339,复苏体,束身,外披短褂,药囊+护腕,战损修补,复苏体·束身｜外披短褂｜药囊+护腕｜战损修补
CS00340,复苏体,短衣,绑带束腰,护腕+药囊,陈年旧物,复苏体·短衣｜绑带束腰｜护腕+药囊｜陈年旧物
CS00341,恶灵,半甲,暗袋夹层,颈饰+护腕,身份剥除感,恶灵·半甲｜暗袋夹层｜颈饰+护腕｜身份剥除感
CS00342,镇墟司,半甲,暗袋夹层,臂环+颈饰,完整如新,镇墟司·半甲｜暗袋夹层｜臂环+颈饰｜完整如新
CS00343,灰区,短衣,肩甲结构,额饰+耳饰,战损修补,灰区·短衣｜肩甲结构｜额饰+耳饰｜战损修补
CS00344,学宫,护臂,高领护颈,面具残片+药囊,陈年旧物,学宫·护臂｜高领护颈｜面具残片+药囊｜陈年旧物
CS00345,流亡者,非对称剪裁,分片下摆,令牌+药囊,陈年旧物,流亡者·非对称剪裁｜分片下摆｜令牌+药囊｜陈年旧物
CS00346,学宫,长袍,绑带束腰,耳饰+断扣,边境磨损,学宫·长袍｜绑带束腰｜耳饰+断扣｜边境磨损
CS00347,医者,轻甲,胸甲结构,旧皮带+护腕,完整如新,医者·轻甲｜胸甲结构｜旧皮带+护腕｜完整如新
CS00348,游侠,多层衣摆,胸甲结构,额饰+护腕,边境磨损,游侠·多层衣摆｜胸甲结构｜额饰+护腕｜边境磨损
CS00349,流亡者,护臂,外披短褂,臂环+符囊,身份剥除感,流亡者·护臂｜外披短褂｜臂环+符囊｜身份剥除感
CS00350,医者,非对称剪裁,绑带束腰,药囊+符囊,完整如新,医者·非对称剪裁｜绑带束腰｜药囊+符囊｜完整如新
CS00351,王庭,腰封,胸甲结构,护腕+面具残片,战损修补,王庭·腰封｜胸甲结构｜护腕+面具残片｜战损修补
CS00352,恶灵,束身,肩甲结构,腰牌+旧皮带,当下战损,恶灵·束身｜肩甲结构｜腰牌+旧皮带｜当下战损
CS00353,医者,非对称剪裁,外披短褂,颈饰+护腕,陈年旧物,医者·非对称剪裁｜外披短褂｜颈饰+护腕｜陈年旧物
CS00354,战士团,护臂,胸甲结构,面具残片+颈饰,战损修补,战士团·护臂｜胸甲结构｜面具残片+颈饰｜战损修补
CS00355,恶灵,重甲,胸甲结构,断扣+颈饰,日常使用痕,恶灵·重甲｜胸甲结构｜断扣+颈饰｜日常使用痕
CS00356,战士团,长袍,交领叠襟,颈饰+面具残片,完整如新,战士团·长袍｜交领叠襟｜颈饰+面具残片｜完整如新
CS00357,游侠,短衣,腿部绑甲,符囊+腰牌,日常使用痕,游侠·短衣｜腿部绑甲｜符囊+腰牌｜日常使用痕
CS00358,宗门,长袍,肩甲结构,护腕+旧皮带,完整如新,宗门·长袍｜肩甲结构｜护腕+旧皮带｜完整如新
CS00359,贵族,束身,外披短褂,耳饰+腰牌,当下战损,贵族·束身｜外披短褂｜耳饰+腰牌｜当下战损
CS00360,学宫,重甲,暗袋夹层,护腕+耳饰,完整如新,学宫·重甲｜暗袋夹层｜护腕+耳饰｜完整如新
CS00361,医者,护臂,背部长摆,臂环+断扣,陈年旧物,医者·护臂｜背部长摆｜臂环+断扣｜陈年旧物
CS00362,游侠,重甲,交领叠襟,令牌+旧皮带,边境磨损,游侠·重甲｜交领叠襟｜令牌+旧皮带｜边境磨损
CS00363,医者,非对称剪裁,胸甲结构,护腕+臂环,当下战损,医者·非对称剪裁｜胸甲结构｜护腕+臂环｜当下战损
CS00364,贵族,长袍,交领叠襟,腰牌+颈饰,身份剥除感,贵族·长袍｜交领叠襟｜腰牌+颈饰｜身份剥除感
CS00365,医者,腰封,暗袋夹层,符囊+腰牌,当下战损,医者·腰封｜暗袋夹层｜符囊+腰牌｜当下战损
CS00366,宗门,多层衣摆,外披短褂,额饰+面具残片,日常使用痕,宗门·多层衣摆｜外披短褂｜额饰+面具残片｜日常使用痕
CS00367,战士团,非对称剪裁,背部长摆,腰牌+令牌,身份剥除感,战士团·非对称剪裁｜背部长摆｜腰牌+令牌｜身份剥除感
CS00368,战士团,披风,高领护颈,臂环+面具残片,当下战损,战士团·披风｜高领护颈｜臂环+面具残片｜当下战损
CS00369,流亡者,重甲,肩甲结构,符囊+额饰,日常使用痕,流亡者·重甲｜肩甲结构｜符囊+额饰｜日常使用痕
CS00370,王庭,披风,外披短褂,符囊+护腕,陈年旧物,王庭·披风｜外披短褂｜符囊+护腕｜陈年旧物
CS00371,战士团,腰封,背部长摆,符囊+臂环,战损修补,战士团·腰封｜背部长摆｜符囊+臂环｜战损修补
CS00372,游侠,多层衣摆,暗袋夹层,令牌+药囊,陈年旧物,游侠·多层衣摆｜暗袋夹层｜令牌+药囊｜陈年旧物
CS00373,学宫,重甲,暗袋夹层,臂环+旧皮带,当下战损,学宫·重甲｜暗袋夹层｜臂环+旧皮带｜当下战损
CS00374,商贾,护臂,交领叠襟,断扣+旧皮带,战损修补,商贾·护臂｜交领叠襟｜断扣+旧皮带｜战损修补
CS00375,隐世,短衣,高领护颈,颈饰+额饰,战损修补,隐世·短衣｜高领护颈｜颈饰+额饰｜战损修补
CS00376,镇墟司,护臂,腿部绑甲,旧皮带+颈饰,战损修补,镇墟司·护臂｜腿部绑甲｜旧皮带+颈饰｜战损修补
CS00377,流亡者,短衣,背部长摆,腰牌+护腕,身份剥除感,流亡者·短衣｜背部长摆｜腰牌+护腕｜身份剥除感
CS00378,流亡者,短衣,腿部绑甲,耳饰+令牌,当下战损,流亡者·短衣｜腿部绑甲｜耳饰+令牌｜当下战损
CS00379,镇墟司,半甲,背部长摆,面具残片+颈饰,完整如新,镇墟司·半甲｜背部长摆｜面具残片+颈饰｜完整如新
CS00380,流亡者,半甲,分片下摆,符囊+额饰,战损修补,流亡者·半甲｜分片下摆｜符囊+额饰｜战损修补
CS00381,隐世,宽袖,胸甲结构,颈饰+耳饰,日常使用痕,隐世·宽袖｜胸甲结构｜颈饰+耳饰｜日常使用痕
CS00382,商贾,宽袖,暗袋夹层,符囊+药囊,身份剥除感,商贾·宽袖｜暗袋夹层｜符囊+药囊｜身份剥除感
CS00383,王庭,护臂,绑带束腰,臂环+药囊,战损修补,王庭·护臂｜绑带束腰｜臂环+药囊｜战损修补
CS00384,医者,长袍,绑带束腰,旧皮带+颈饰,身份剥除感,医者·长袍｜绑带束腰｜旧皮带+颈饰｜身份剥除感
CS00385,王庭,非对称剪裁,分片下摆,臂环+旧皮带,边境磨损,王庭·非对称剪裁｜分片下摆｜臂环+旧皮带｜边境磨损
CS00386,战士团,半甲,胸甲结构,额饰+护腕,边境磨损,战士团·半甲｜胸甲结构｜额饰+护腕｜边境磨损
CS00387,学宫,腰封,交领叠襟,断扣+腰牌,日常使用痕,学宫·腰封｜交领叠襟｜断扣+腰牌｜日常使用痕
CS00388,王庭,多层衣摆,外披短褂,耳饰+腰牌,边境磨损,王庭·多层衣摆｜外披短褂｜耳饰+腰牌｜边境磨损
CS00389,流亡者,披风,绑带束腰,耳饰+旧皮带,陈年旧物,流亡者·披风｜绑带束腰｜耳饰+旧皮带｜陈年旧物
CS00390,学宫,半甲,腿部绑甲,额饰+令牌,完整如新,学宫·半甲｜腿部绑甲｜额饰+令牌｜完整如新
CS00391,宗门,护臂,绑带束腰,令牌+断扣,日常使用痕,宗门·护臂｜绑带束腰｜令牌+断扣｜日常使用痕
CS00392,镇墟司,护臂,胸甲结构,符囊+颈饰,当下战损,镇墟司·护臂｜胸甲结构｜符囊+颈饰｜当下战损
CS00393,医者,多层衣摆,肩甲结构,药囊+腰牌,边境磨损,医者·多层衣摆｜肩甲结构｜药囊+腰牌｜边境磨损
CS00394,医者,披风,交领叠襟,护腕+旧皮带,当下战损,医者·披风｜交领叠襟｜护腕+旧皮带｜当下战损
CS00395,战士团,披风,肩甲结构,额饰+令牌,身份剥除感,战士团·披风｜肩甲结构｜额饰+令牌｜身份剥除感
CS00396,游侠,宽袖,分片下摆,断扣+颈饰,日常使用痕,游侠·宽袖｜分片下摆｜断扣+颈饰｜日常使用痕
CS00397,隐世,重甲,胸甲结构,药囊+令牌,完整如新,隐世·重甲｜胸甲结构｜药囊+令牌｜完整如新
CS00398,流亡者,披风,背部长摆,额饰+旧皮带,边境磨损,流亡者·披风｜背部长摆｜额饰+旧皮带｜边境磨损
CS00399,灰区,短衣,背部长摆,令牌+额饰,陈年旧物,灰区·短衣｜背部长摆｜令牌+额饰｜陈年旧物
CS00400,宗门,非对称剪裁,暗袋夹层,颈饰+臂环,日常使用痕,宗门·非对称剪裁｜暗袋夹层｜颈饰+臂环｜日常使用痕
CS00401,贵族,重甲,背部长摆,药囊+旧皮带,日常使用痕,贵族·重甲｜背部长摆｜药囊+旧皮带｜日常使用痕
CS00402,灰区,重甲,暗袋夹层,令牌+面具残片,战损修补,灰区·重甲｜暗袋夹层｜令牌+面具残片｜战损修补
CS00403,恶灵,多层衣摆,背部长摆,药囊+令牌,战损修补,恶灵·多层衣摆｜背部长摆｜药囊+令牌｜战损修补
CS00404,复苏体,重甲,交领叠襟,断扣+面具残片,战损修补,复苏体·重甲｜交领叠襟｜断扣+面具残片｜战损修补
CS00405,战士团,披风,绑带束腰,护腕+额饰,身份剥除感,战士团·披风｜绑带束腰｜护腕+额饰｜身份剥除感
CS00406,隐世,短衣,背部长摆,护腕+耳饰,身份剥除感,隐世·短衣｜背部长摆｜护腕+耳饰｜身份剥除感
CS00407,恶灵,短衣,交领叠襟,颈饰+腰牌,日常使用痕,恶灵·短衣｜交领叠襟｜颈饰+腰牌｜日常使用痕
CS00408,复苏体,重甲,绑带束腰,额饰+护腕,边境磨损,复苏体·重甲｜绑带束腰｜额饰+护腕｜边境磨损
CS00409,灰区,护臂,分片下摆,护腕+颈饰,陈年旧物,灰区·护臂｜分片下摆｜护腕+颈饰｜陈年旧物
CS00410,镇墟司,多层衣摆,胸甲结构,旧皮带+额饰,日常使用痕,镇墟司·多层衣摆｜胸甲结构｜旧皮带+额饰｜日常使用痕
CS00411,学宫,披风,胸甲结构,旧皮带+耳饰,陈年旧物,学宫·披风｜胸甲结构｜旧皮带+耳饰｜陈年旧物
CS00412,战士团,非对称剪裁,胸甲结构,断扣+臂环,身份剥除感,战士团·非对称剪裁｜胸甲结构｜断扣+臂环｜身份剥除感
CS00413,医者,短衣,绑带束腰,断扣+额饰,边境磨损,医者·短衣｜绑带束腰｜断扣+额饰｜边境磨损
CS00414,商贾,重甲,暗袋夹层,护腕+臂环,当下战损,商贾·重甲｜暗袋夹层｜护腕+臂环｜当下战损
CS00415,学宫,重甲,腿部绑甲,护腕+令牌,当下战损,学宫·重甲｜腿部绑甲｜护腕+令牌｜当下战损
CS00416,商贾,轻甲,高领护颈,耳饰+旧皮带,日常使用痕,商贾·轻甲｜高领护颈｜耳饰+旧皮带｜日常使用痕
CS00417,学宫,束身,肩甲结构,颈饰+断扣,当下战损,学宫·束身｜肩甲结构｜颈饰+断扣｜当下战损
CS00418,游侠,束身,交领叠襟,护腕+令牌,陈年旧物,游侠·束身｜交领叠襟｜护腕+令牌｜陈年旧物
CS00419,隐世,多层衣摆,胸甲结构,面具残片+符囊,战损修补,隐世·多层衣摆｜胸甲结构｜面具残片+符囊｜战损修补
CS00420,复苏体,宽袖,外披短褂,腰牌+面具残片,陈年旧物,复苏体·宽袖｜外披短褂｜腰牌+面具残片｜陈年旧物
CS00421,宗门,非对称剪裁,肩甲结构,药囊+臂环,日常使用痕,宗门·非对称剪裁｜肩甲结构｜药囊+臂环｜日常使用痕
CS00422,贵族,腰封,胸甲结构,额饰+颈饰,身份剥除感,贵族·腰封｜胸甲结构｜额饰+颈饰｜身份剥除感
CS00423,灰区,长袍,交领叠襟,护腕+臂环,当下战损,灰区·长袍｜交领叠襟｜护腕+臂环｜当下战损
CS00424,隐世,长袍,胸甲结构,旧皮带+面具残片,身份剥除感,隐世·长袍｜胸甲结构｜旧皮带+面具残片｜身份剥除感
CS00425,医者,护臂,肩甲结构,药囊+护腕,完整如新,医者·护臂｜肩甲结构｜药囊+护腕｜完整如新
CS00426,王庭,重甲,分片下摆,护腕+腰牌,日常使用痕,王庭·重甲｜分片下摆｜护腕+腰牌｜日常使用痕
CS00427,游侠,非对称剪裁,背部长摆,符囊+断扣,陈年旧物,游侠·非对称剪裁｜背部长摆｜符囊+断扣｜陈年旧物
CS00428,游侠,重甲,交领叠襟,额饰+断扣,日常使用痕,游侠·重甲｜交领叠襟｜额饰+断扣｜日常使用痕
CS00429,医者,长袍,高领护颈,额饰+断扣,完整如新,医者·长袍｜高领护颈｜额饰+断扣｜完整如新
CS00430,灰区,长袍,背部长摆,药囊+符囊,战损修补,灰区·长袍｜背部长摆｜药囊+符囊｜战损修补
CS00431,恶灵,轻甲,腿部绑甲,腰牌+护腕,战损修补,恶灵·轻甲｜腿部绑甲｜腰牌+护腕｜战损修补
CS00432,宗门,束身,交领叠襟,令牌+颈饰,边境磨损,宗门·束身｜交领叠襟｜令牌+颈饰｜边境磨损
CS00433,隐世,多层衣摆,交领叠襟,颈饰+符囊,当下战损,隐世·多层衣摆｜交领叠襟｜颈饰+符囊｜当下战损
CS00434,贵族,非对称剪裁,绑带束腰,额饰+药囊,日常使用痕,贵族·非对称剪裁｜绑带束腰｜额饰+药囊｜日常使用痕
CS00435,复苏体,轻甲,腿部绑甲,面具残片+断扣,身份剥除感,复苏体·轻甲｜腿部绑甲｜面具残片+断扣｜身份剥除感
CS00436,宗门,多层衣摆,背部长摆,护腕+腰牌,完整如新,宗门·多层衣摆｜背部长摆｜护腕+腰牌｜完整如新
CS00437,医者,护臂,胸甲结构,颈饰+护腕,当下战损,医者·护臂｜胸甲结构｜颈饰+护腕｜当下战损
CS00438,王庭,半甲,高领护颈,旧皮带+颈饰,身份剥除感,王庭·半甲｜高领护颈｜旧皮带+颈饰｜身份剥除感
CS00439,王庭,非对称剪裁,暗袋夹层,臂环+额饰,日常使用痕,王庭·非对称剪裁｜暗袋夹层｜臂环+额饰｜日常使用痕
CS00440,医者,腰封,外披短褂,颈饰+药囊,边境磨损,医者·腰封｜外披短褂｜颈饰+药囊｜边境磨损
CS00441,医者,长袍,外披短褂,令牌+护腕,完整如新,医者·长袍｜外披短褂｜令牌+护腕｜完整如新
CS00442,镇墟司,轻甲,高领护颈,臂环+护腕,身份剥除感,镇墟司·轻甲｜高领护颈｜臂环+护腕｜身份剥除感
CS00443,镇墟司,腰封,腿部绑甲,符囊+腰牌,陈年旧物,镇墟司·腰封｜腿部绑甲｜符囊+腰牌｜陈年旧物
CS00444,宗门,重甲,分片下摆,面具残片+药囊,身份剥除感,宗门·重甲｜分片下摆｜面具残片+药囊｜身份剥除感
CS00445,战士团,护臂,肩甲结构,旧皮带+耳饰,陈年旧物,战士团·护臂｜肩甲结构｜旧皮带+耳饰｜陈年旧物
CS00446,复苏体,宽袖,暗袋夹层,臂环+断扣,身份剥除感,复苏体·宽袖｜暗袋夹层｜臂环+断扣｜身份剥除感
CS00447,贵族,长袍,分片下摆,旧皮带+颈饰,完整如新,贵族·长袍｜分片下摆｜旧皮带+颈饰｜完整如新
CS00448,医者,重甲,交领叠襟,断扣+面具残片,边境磨损,医者·重甲｜交领叠襟｜断扣+面具残片｜边境磨损
CS00449,流亡者,轻甲,交领叠襟,面具残片+断扣,当下战损,流亡者·轻甲｜交领叠襟｜面具残片+断扣｜当下战损
CS00450,复苏体,长袍,交领叠襟,臂环+令牌,日常使用痕,复苏体·长袍｜交领叠襟｜臂环+令牌｜日常使用痕
CS00451,灰区,重甲,分片下摆,药囊+颈饰,当下战损,灰区·重甲｜分片下摆｜药囊+颈饰｜当下战损
CS00452,战士团,长袍,腿部绑甲,令牌+额饰,身份剥除感,战士团·长袍｜腿部绑甲｜令牌+额饰｜身份剥除感
CS00453,宗门,护臂,暗袋夹层,额饰+颈饰,身份剥除感,宗门·护臂｜暗袋夹层｜额饰+颈饰｜身份剥除感
CS00454,复苏体,长袍,腿部绑甲,令牌+臂环,身份剥除感,复苏体·长袍｜腿部绑甲｜令牌+臂环｜身份剥除感
CS00455,游侠,长袍,肩甲结构,颈饰+护腕,陈年旧物,游侠·长袍｜肩甲结构｜颈饰+护腕｜陈年旧物
CS00456,复苏体,短衣,肩甲结构,符囊+断扣,边境磨损,复苏体·短衣｜肩甲结构｜符囊+断扣｜边境磨损
CS00457,复苏体,非对称剪裁,背部长摆,面具残片+颈饰,日常使用痕,复苏体·非对称剪裁｜背部长摆｜面具残片+颈饰｜日常使用痕
CS00458,恶灵,腰封,分片下摆,臂环+耳饰,完整如新,恶灵·腰封｜分片下摆｜臂环+耳饰｜完整如新
CS00459,镇墟司,多层衣摆,交领叠襟,符囊+护腕,当下战损,镇墟司·多层衣摆｜交领叠襟｜符囊+护腕｜当下战损
CS00460,医者,轻甲,交领叠襟,旧皮带+腰牌,日常使用痕,医者·轻甲｜交领叠襟｜旧皮带+腰牌｜日常使用痕
CS00461,复苏体,非对称剪裁,分片下摆,护腕+符囊,身份剥除感,复苏体·非对称剪裁｜分片下摆｜护腕+符囊｜身份剥除感
CS00462,镇墟司,重甲,高领护颈,颈饰+药囊,日常使用痕,镇墟司·重甲｜高领护颈｜颈饰+药囊｜日常使用痕
CS00463,王庭,重甲,暗袋夹层,护腕+符囊,当下战损,王庭·重甲｜暗袋夹层｜护腕+符囊｜当下战损
CS00464,镇墟司,多层衣摆,背部长摆,臂环+旧皮带,当下战损,镇墟司·多层衣摆｜背部长摆｜臂环+旧皮带｜当下战损
CS00465,恶灵,宽袖,高领护颈,臂环+面具残片,边境磨损,恶灵·宽袖｜高领护颈｜臂环+面具残片｜边境磨损
CS00466,灰区,腰封,分片下摆,面具残片+耳饰,战损修补,灰区·腰封｜分片下摆｜面具残片+耳饰｜战损修补
CS00467,镇墟司,束身,腿部绑甲,腰牌+臂环,日常使用痕,镇墟司·束身｜腿部绑甲｜腰牌+臂环｜日常使用痕
CS00468,镇墟司,多层衣摆,腿部绑甲,臂环+额饰,完整如新,镇墟司·多层衣摆｜腿部绑甲｜臂环+额饰｜完整如新
CS00469,战士团,多层衣摆,高领护颈,护腕+符囊,边境磨损,战士团·多层衣摆｜高领护颈｜护腕+符囊｜边境磨损
CS00470,王庭,长袍,外披短褂,旧皮带+护腕,战损修补,王庭·长袍｜外披短褂｜旧皮带+护腕｜战损修补
CS00471,医者,腰封,外披短褂,腰牌+耳饰,当下战损,医者·腰封｜外披短褂｜腰牌+耳饰｜当下战损
CS00472,贵族,腰封,绑带束腰,旧皮带+护腕,完整如新,贵族·腰封｜绑带束腰｜旧皮带+护腕｜完整如新
CS00473,学宫,多层衣摆,背部长摆,臂环+耳饰,身份剥除感,学宫·多层衣摆｜背部长摆｜臂环+耳饰｜身份剥除感
CS00474,流亡者,短衣,背部长摆,额饰+旧皮带,日常使用痕,流亡者·短衣｜背部长摆｜额饰+旧皮带｜日常使用痕
CS00475,镇墟司,非对称剪裁,外披短褂,臂环+面具残片,边境磨损,镇墟司·非对称剪裁｜外披短褂｜臂环+面具残片｜边境磨损
CS00476,商贾,短衣,高领护颈,断扣+面具残片,陈年旧物,商贾·短衣｜高领护颈｜断扣+面具残片｜陈年旧物
CS00477,商贾,多层衣摆,绑带束腰,符囊+药囊,当下战损,商贾·多层衣摆｜绑带束腰｜符囊+药囊｜当下战损
CS00478,学宫,半甲,暗袋夹层,颈饰+令牌,战损修补,学宫·半甲｜暗袋夹层｜颈饰+令牌｜战损修补
CS00479,学宫,长袍,分片下摆,药囊+旧皮带,战损修补,学宫·长袍｜分片下摆｜药囊+旧皮带｜战损修补
CS00480,隐世,半甲,肩甲结构,臂环+旧皮带,完整如新,隐世·半甲｜肩甲结构｜臂环+旧皮带｜完整如新
CS00481,医者,束身,肩甲结构,面具残片+耳饰,日常使用痕,医者·束身｜肩甲结构｜面具残片+耳饰｜日常使用痕
CS00482,恶灵,束身,交领叠襟,符囊+面具残片,陈年旧物,恶灵·束身｜交领叠襟｜符囊+面具残片｜陈年旧物
CS00483,战士团,多层衣摆,肩甲结构,药囊+断扣,完整如新,战士团·多层衣摆｜肩甲结构｜药囊+断扣｜完整如新
CS00484,镇墟司,护臂,交领叠襟,旧皮带+药囊,身份剥除感,镇墟司·护臂｜交领叠襟｜旧皮带+药囊｜身份剥除感
CS00485,王庭,披风,交领叠襟,断扣+耳饰,日常使用痕,王庭·披风｜交领叠襟｜断扣+耳饰｜日常使用痕
CS00486,商贾,非对称剪裁,胸甲结构,额饰+药囊,身份剥除感,商贾·非对称剪裁｜胸甲结构｜额饰+药囊｜身份剥除感
CS00487,宗门,短衣,高领护颈,符囊+旧皮带,战损修补,宗门·短衣｜高领护颈｜符囊+旧皮带｜战损修补
CS00488,复苏体,半甲,绑带束腰,护腕+旧皮带,战损修补,复苏体·半甲｜绑带束腰｜护腕+旧皮带｜战损修补
CS00489,王庭,束身,外披短褂,腰牌+面具残片,完整如新,王庭·束身｜外披短褂｜腰牌+面具残片｜完整如新
CS00490,流亡者,半甲,腿部绑甲,药囊+腰牌,边境磨损,流亡者·半甲｜腿部绑甲｜药囊+腰牌｜边境磨损
CS00491,游侠,轻甲,背部长摆,药囊+腰牌,战损修补,游侠·轻甲｜背部长摆｜药囊+腰牌｜战损修补
CS00492,宗门,重甲,腿部绑甲,令牌+面具残片,战损修补,宗门·重甲｜腿部绑甲｜令牌+面具残片｜战损修补
CS00493,宗门,重甲,绑带束腰,耳饰+面具残片,陈年旧物,宗门·重甲｜绑带束腰｜耳饰+面具残片｜陈年旧物
CS00494,商贾,腰封,高领护颈,符囊+额饰,边境磨损,商贾·腰封｜高领护颈｜符囊+额饰｜边境磨损
CS00495,隐世,披风,交领叠襟,额饰+耳饰,身份剥除感,隐世·披风｜交领叠襟｜额饰+耳饰｜身份剥除感
CS00496,学宫,多层衣摆,绑带束腰,额饰+断扣,完整如新,学宫·多层衣摆｜绑带束腰｜额饰+断扣｜完整如新
CS00497,贵族,宽袖,绑带束腰,旧皮带+额饰,边境磨损,贵族·宽袖｜绑带束腰｜旧皮带+额饰｜边境磨损
CS00498,复苏体,半甲,背部长摆,断扣+臂环,边境磨损,复苏体·半甲｜背部长摆｜断扣+臂环｜边境磨损
CS00499,王庭,重甲,背部长摆,臂环+额饰,完整如新,王庭·重甲｜背部长摆｜臂环+额饰｜完整如新
CS00500,复苏体,护臂,暗袋夹层,断扣+腰牌,完整如新,复苏体·护臂｜暗袋夹层｜断扣+腰牌｜完整如新
CS00501,灰区,半甲,绑带束腰,臂环+护腕,当下战损,灰区·半甲｜绑带束腰｜臂环+护腕｜当下战损
CS00502,宗门,轻甲,外披短褂,面具残片+臂环,陈年旧物,宗门·轻甲｜外披短褂｜面具残片+臂环｜陈年旧物
CS00503,隐世,轻甲,暗袋夹层,护腕+耳饰,身份剥除感,隐世·轻甲｜暗袋夹层｜护腕+耳饰｜身份剥除感
CS00504,贵族,腰封,外披短褂,额饰+面具残片,边境磨损,贵族·腰封｜外披短褂｜额饰+面具残片｜边境磨损
CS00505,恶灵,半甲,肩甲结构,断扣+面具残片,完整如新,恶灵·半甲｜肩甲结构｜断扣+面具残片｜完整如新
CS00506,游侠,长袍,胸甲结构,耳饰+颈饰,身份剥除感,游侠·长袍｜胸甲结构｜耳饰+颈饰｜身份剥除感
CS00507,宗门,重甲,交领叠襟,旧皮带+护腕,边境磨损,宗门·重甲｜交领叠襟｜旧皮带+护腕｜边境磨损
CS00508,恶灵,重甲,外披短褂,臂环+颈饰,战损修补,恶灵·重甲｜外披短褂｜臂环+颈饰｜战损修补
CS00509,学宫,宽袖,分片下摆,耳饰+断扣,陈年旧物,学宫·宽袖｜分片下摆｜耳饰+断扣｜陈年旧物
CS00510,灰区,半甲,腿部绑甲,腰牌+断扣,边境磨损,灰区·半甲｜腿部绑甲｜腰牌+断扣｜边境磨损
CS00511,医者,半甲,分片下摆,面具残片+额饰,完整如新,医者·半甲｜分片下摆｜面具残片+额饰｜完整如新
CS00512,战士团,宽袖,胸甲结构,腰牌+护腕,当下战损,战士团·宽袖｜胸甲结构｜腰牌+护腕｜当下战损
CS00513,游侠,短衣,腿部绑甲,符囊+臂环,当下战损,游侠·短衣｜腿部绑甲｜符囊+臂环｜当下战损
CS00514,镇墟司,短衣,背部长摆,臂环+符囊,日常使用痕,镇墟司·短衣｜背部长摆｜臂环+符囊｜日常使用痕
CS00515,医者,束身,交领叠襟,符囊+额饰,完整如新,医者·束身｜交领叠襟｜符囊+额饰｜完整如新
CS00516,王庭,长袍,胸甲结构,颈饰+符囊,战损修补,王庭·长袍｜胸甲结构｜颈饰+符囊｜战损修补
CS00517,镇墟司,半甲,外披短褂,耳饰+符囊,完整如新,镇墟司·半甲｜外披短褂｜耳饰+符囊｜完整如新
CS00518,隐世,长袍,分片下摆,腰牌+臂环,完整如新,隐世·长袍｜分片下摆｜腰牌+臂环｜完整如新
CS00519,灰区,多层衣摆,外披短褂,令牌+断扣,边境磨损,灰区·多层衣摆｜外披短褂｜令牌+断扣｜边境磨损
CS00520,学宫,半甲,外披短褂,臂环+药囊,战损修补,学宫·半甲｜外披短褂｜臂环+药囊｜战损修补
CS00521,医者,束身,肩甲结构,护腕+令牌,陈年旧物,医者·束身｜肩甲结构｜护腕+令牌｜陈年旧物
CS00522,王庭,护臂,腿部绑甲,令牌+旧皮带,完整如新,王庭·护臂｜腿部绑甲｜令牌+旧皮带｜完整如新
CS00523,战士团,重甲,背部长摆,耳饰+面具残片,战损修补,战士团·重甲｜背部长摆｜耳饰+面具残片｜战损修补
CS00524,复苏体,轻甲,暗袋夹层,药囊+腰牌,日常使用痕,复苏体·轻甲｜暗袋夹层｜药囊+腰牌｜日常使用痕
CS00525,商贾,宽袖,暗袋夹层,药囊+臂环,陈年旧物,商贾·宽袖｜暗袋夹层｜药囊+臂环｜陈年旧物
CS00526,商贾,重甲,暗袋夹层,腰牌+面具残片,日常使用痕,商贾·重甲｜暗袋夹层｜腰牌+面具残片｜日常使用痕
CS00527,流亡者,腰封,绑带束腰,颈饰+断扣,日常使用痕,流亡者·腰封｜绑带束腰｜颈饰+断扣｜日常使用痕
CS00528,流亡者,束身,分片下摆,符囊+护腕,身份剥除感,流亡者·束身｜分片下摆｜符囊+护腕｜身份剥除感
CS00529,镇墟司,多层衣摆,分片下摆,断扣+药囊,日常使用痕,镇墟司·多层衣摆｜分片下摆｜断扣+药囊｜日常使用痕
CS00530,贵族,短衣,高领护颈,令牌+旧皮带,战损修补,贵族·短衣｜高领护颈｜令牌+旧皮带｜战损修补
CS00531,镇墟司,短衣,腿部绑甲,旧皮带+护腕,边境磨损,镇墟司·短衣｜腿部绑甲｜旧皮带+护腕｜边境磨损
CS00532,复苏体,重甲,暗袋夹层,符囊+臂环,完整如新,复苏体·重甲｜暗袋夹层｜符囊+臂环｜完整如新
CS00533,流亡者,短衣,绑带束腰,令牌+旧皮带,完整如新,流亡者·短衣｜绑带束腰｜令牌+旧皮带｜完整如新
CS00534,宗门,披风,肩甲结构,颈饰+令牌,当下战损,宗门·披风｜肩甲结构｜颈饰+令牌｜当下战损
CS00535,隐世,护臂,分片下摆,药囊+面具残片,身份剥除感,隐世·护臂｜分片下摆｜药囊+面具残片｜身份剥除感
CS00536,游侠,披风,交领叠襟,额饰+腰牌,陈年旧物,游侠·披风｜交领叠襟｜额饰+腰牌｜陈年旧物
CS00537,隐世,长袍,绑带束腰,令牌+药囊,边境磨损,隐世·长袍｜绑带束腰｜令牌+药囊｜边境磨损
CS00538,王庭,重甲,腿部绑甲,断扣+药囊,当下战损,王庭·重甲｜腿部绑甲｜断扣+药囊｜当下战损
CS00539,隐世,腰封,绑带束腰,断扣+护腕,边境磨损,隐世·腰封｜绑带束腰｜断扣+护腕｜边境磨损
CS00540,贵族,护臂,腿部绑甲,额饰+护腕,边境磨损,贵族·护臂｜腿部绑甲｜额饰+护腕｜边境磨损
CS00541,医者,多层衣摆,胸甲结构,断扣+药囊,日常使用痕,医者·多层衣摆｜胸甲结构｜断扣+药囊｜日常使用痕
CS00542,流亡者,披风,外披短褂,面具残片+旧皮带,陈年旧物,流亡者·披风｜外披短褂｜面具残片+旧皮带｜陈年旧物
CS00543,镇墟司,束身,暗袋夹层,断扣+符囊,边境磨损,镇墟司·束身｜暗袋夹层｜断扣+符囊｜边境磨损
CS00544,恶灵,多层衣摆,外披短褂,耳饰+旧皮带,完整如新,恶灵·多层衣摆｜外披短褂｜耳饰+旧皮带｜完整如新
CS00545,战士团,长袍,肩甲结构,腰牌+药囊,边境磨损,战士团·长袍｜肩甲结构｜腰牌+药囊｜边境磨损
CS00546,灰区,半甲,暗袋夹层,护腕+断扣,身份剥除感,灰区·半甲｜暗袋夹层｜护腕+断扣｜身份剥除感
CS00547,隐世,短衣,分片下摆,面具残片+符囊,陈年旧物,隐世·短衣｜分片下摆｜面具残片+符囊｜陈年旧物
CS00548,战士团,披风,胸甲结构,面具残片+令牌,身份剥除感,战士团·披风｜胸甲结构｜面具残片+令牌｜身份剥除感
CS00549,游侠,重甲,交领叠襟,腰牌+令牌,身份剥除感,游侠·重甲｜交领叠襟｜腰牌+令牌｜身份剥除感
CS00550,商贾,宽袖,外披短褂,符囊+断扣,身份剥除感,商贾·宽袖｜外披短褂｜符囊+断扣｜身份剥除感
CS00551,医者,多层衣摆,交领叠襟,断扣+颈饰,战损修补,医者·多层衣摆｜交领叠襟｜断扣+颈饰｜战损修补
CS00552,恶灵,非对称剪裁,腿部绑甲,药囊+令牌,完整如新,恶灵·非对称剪裁｜腿部绑甲｜药囊+令牌｜完整如新
CS00553,镇墟司,护臂,外披短褂,护腕+旧皮带,陈年旧物,镇墟司·护臂｜外披短褂｜护腕+旧皮带｜陈年旧物
CS00554,商贾,轻甲,高领护颈,符囊+旧皮带,战损修补,商贾·轻甲｜高领护颈｜符囊+旧皮带｜战损修补
CS00555,镇墟司,束身,腿部绑甲,面具残片+药囊,陈年旧物,镇墟司·束身｜腿部绑甲｜面具残片+药囊｜陈年旧物
CS00556,复苏体,短衣,外披短褂,额饰+符囊,身份剥除感,复苏体·短衣｜外披短褂｜额饰+符囊｜身份剥除感
CS00557,宗门,腰封,胸甲结构,令牌+药囊,陈年旧物,宗门·腰封｜胸甲结构｜令牌+药囊｜陈年旧物
CS00558,战士团,腰封,高领护颈,药囊+额饰,边境磨损,战士团·腰封｜高领护颈｜药囊+额饰｜边境磨损
CS00559,游侠,宽袖,外披短褂,令牌+腰牌,身份剥除感,游侠·宽袖｜外披短褂｜令牌+腰牌｜身份剥除感
CS00560,游侠,多层衣摆,肩甲结构,面具残片+臂环,身份剥除感,游侠·多层衣摆｜肩甲结构｜面具残片+臂环｜身份剥除感
CS00561,恶灵,束身,胸甲结构,腰牌+旧皮带,当下战损,恶灵·束身｜胸甲结构｜腰牌+旧皮带｜当下战损
CS00562,王庭,护臂,绑带束腰,颈饰+符囊,当下战损,王庭·护臂｜绑带束腰｜颈饰+符囊｜当下战损
CS00563,王庭,护臂,肩甲结构,符囊+断扣,完整如新,王庭·护臂｜肩甲结构｜符囊+断扣｜完整如新
CS00564,隐世,披风,绑带束腰,药囊+断扣,身份剥除感,隐世·披风｜绑带束腰｜药囊+断扣｜身份剥除感
CS00565,宗门,非对称剪裁,腿部绑甲,旧皮带+颈饰,身份剥除感,宗门·非对称剪裁｜腿部绑甲｜旧皮带+颈饰｜身份剥除感
CS00566,贵族,宽袖,胸甲结构,护腕+耳饰,战损修补,贵族·宽袖｜胸甲结构｜护腕+耳饰｜战损修补
CS00567,游侠,腰封,高领护颈,耳饰+护腕,边境磨损,游侠·腰封｜高领护颈｜耳饰+护腕｜边境磨损
CS00568,医者,半甲,高领护颈,断扣+符囊,战损修补,医者·半甲｜高领护颈｜断扣+符囊｜战损修补
CS00569,复苏体,护臂,分片下摆,腰牌+药囊,陈年旧物,复苏体·护臂｜分片下摆｜腰牌+药囊｜陈年旧物
CS00570,医者,轻甲,外披短褂,臂环+护腕,身份剥除感,医者·轻甲｜外披短褂｜臂环+护腕｜身份剥除感
CS00571,贵族,护臂,高领护颈,额饰+臂环,完整如新,贵族·护臂｜高领护颈｜额饰+臂环｜完整如新
CS00572,流亡者,多层衣摆,肩甲结构,耳饰+药囊,完整如新,流亡者·多层衣摆｜肩甲结构｜耳饰+药囊｜完整如新
CS00573,学宫,短衣,暗袋夹层,腰牌+旧皮带,边境磨损,学宫·短衣｜暗袋夹层｜腰牌+旧皮带｜边境磨损
CS00574,复苏体,束身,外披短褂,断扣+面具残片,完整如新,复苏体·束身｜外披短褂｜断扣+面具残片｜完整如新
CS00575,贵族,轻甲,分片下摆,药囊+额饰,战损修补,贵族·轻甲｜分片下摆｜药囊+额饰｜战损修补
CS00576,王庭,轻甲,背部长摆,符囊+颈饰,当下战损,王庭·轻甲｜背部长摆｜符囊+颈饰｜当下战损
CS00577,贵族,长袍,肩甲结构,额饰+颈饰,完整如新,贵族·长袍｜肩甲结构｜额饰+颈饰｜完整如新
CS00578,医者,护臂,肩甲结构,额饰+颈饰,当下战损,医者·护臂｜肩甲结构｜额饰+颈饰｜当下战损
CS00579,隐世,宽袖,背部长摆,耳饰+药囊,完整如新,隐世·宽袖｜背部长摆｜耳饰+药囊｜完整如新
CS00580,流亡者,重甲,交领叠襟,臂环+药囊,边境磨损,流亡者·重甲｜交领叠襟｜臂环+药囊｜边境磨损
CS00581,复苏体,长袍,分片下摆,护腕+旧皮带,战损修补,复苏体·长袍｜分片下摆｜护腕+旧皮带｜战损修补
CS00582,复苏体,重甲,绑带束腰,药囊+耳饰,完整如新,复苏体·重甲｜绑带束腰｜药囊+耳饰｜完整如新
CS00583,恶灵,披风,肩甲结构,额饰+护腕,日常使用痕,恶灵·披风｜肩甲结构｜额饰+护腕｜日常使用痕
CS00584,学宫,束身,肩甲结构,额饰+颈饰,战损修补,学宫·束身｜肩甲结构｜额饰+颈饰｜战损修补
CS00585,恶灵,护臂,分片下摆,耳饰+旧皮带,战损修补,恶灵·护臂｜分片下摆｜耳饰+旧皮带｜战损修补
CS00586,灰区,重甲,交领叠襟,断扣+臂环,边境磨损,灰区·重甲｜交领叠襟｜断扣+臂环｜边境磨损
CS00587,战士团,束身,胸甲结构,腰牌+符囊,边境磨损,战士团·束身｜胸甲结构｜腰牌+符囊｜边境磨损
CS00588,贵族,重甲,外披短褂,护腕+断扣,完整如新,贵族·重甲｜外披短褂｜护腕+断扣｜完整如新
CS00589,游侠,束身,分片下摆,面具残片+旧皮带,战损修补,游侠·束身｜分片下摆｜面具残片+旧皮带｜战损修补
CS00590,贵族,多层衣摆,绑带束腰,耳饰+护腕,边境磨损,贵族·多层衣摆｜绑带束腰｜耳饰+护腕｜边境磨损
CS00591,学宫,腰封,交领叠襟,断扣+额饰,陈年旧物,学宫·腰封｜交领叠襟｜断扣+额饰｜陈年旧物
CS00592,复苏体,腰封,高领护颈,符囊+腰牌,边境磨损,复苏体·腰封｜高领护颈｜符囊+腰牌｜边境磨损
CS00593,贵族,非对称剪裁,高领护颈,臂环+护腕,日常使用痕,贵族·非对称剪裁｜高领护颈｜臂环+护腕｜日常使用痕
CS00594,灰区,短衣,肩甲结构,腰牌+额饰,陈年旧物,灰区·短衣｜肩甲结构｜腰牌+额饰｜陈年旧物
CS00595,镇墟司,多层衣摆,肩甲结构,臂环+额饰,完整如新,镇墟司·多层衣摆｜肩甲结构｜臂环+额饰｜完整如新
CS00596,游侠,非对称剪裁,外披短褂,耳饰+颈饰,陈年旧物,游侠·非对称剪裁｜外披短褂｜耳饰+颈饰｜陈年旧物
CS00597,王庭,轻甲,高领护颈,颈饰+护腕,陈年旧物,王庭·轻甲｜高领护颈｜颈饰+护腕｜陈年旧物
CS00598,贵族,轻甲,胸甲结构,颈饰+符囊,战损修补,贵族·轻甲｜胸甲结构｜颈饰+符囊｜战损修补
CS00599,战士团,短衣,高领护颈,断扣+护腕,完整如新,战士团·短衣｜高领护颈｜断扣+护腕｜完整如新
CS00600,宗门,重甲,暗袋夹层,面具残片+颈饰,完整如新,宗门·重甲｜暗袋夹层｜面具残片+颈饰｜完整如新
CS00601,恶灵,半甲,高领护颈,旧皮带+药囊,身份剥除感,恶灵·半甲｜高领护颈｜旧皮带+药囊｜身份剥除感
CS00602,王庭,长袍,暗袋夹层,颈饰+旧皮带,战损修补,王庭·长袍｜暗袋夹层｜颈饰+旧皮带｜战损修补
CS00603,宗门,重甲,肩甲结构,额饰+臂环,边境磨损,宗门·重甲｜肩甲结构｜额饰+臂环｜边境磨损
CS00604,宗门,束身,胸甲结构,额饰+旧皮带,日常使用痕,宗门·束身｜胸甲结构｜额饰+旧皮带｜日常使用痕
CS00605,复苏体,长袍,分片下摆,臂环+断扣,边境磨损,复苏体·长袍｜分片下摆｜臂环+断扣｜边境磨损
CS00606,宗门,短衣,腿部绑甲,旧皮带+腰牌,当下战损,宗门·短衣｜腿部绑甲｜旧皮带+腰牌｜当下战损
CS00607,王庭,腰封,肩甲结构,药囊+令牌,完整如新,王庭·腰封｜肩甲结构｜药囊+令牌｜完整如新
CS00608,贵族,宽袖,胸甲结构,符囊+颈饰,当下战损,贵族·宽袖｜胸甲结构｜符囊+颈饰｜当下战损
CS00609,商贾,宽袖,胸甲结构,腰牌+颈饰,陈年旧物,商贾·宽袖｜胸甲结构｜腰牌+颈饰｜陈年旧物
CS00610,复苏体,多层衣摆,背部长摆,面具残片+旧皮带,日常使用痕,复苏体·多层衣摆｜背部长摆｜面具残片+旧皮带｜日常使用痕
CS00611,流亡者,短衣,腿部绑甲,符囊+药囊,边境磨损,流亡者·短衣｜腿部绑甲｜符囊+药囊｜边境磨损
CS00612,流亡者,非对称剪裁,外披短褂,令牌+旧皮带,边境磨损,流亡者·非对称剪裁｜外披短褂｜令牌+旧皮带｜边境磨损
CS00613,学宫,轻甲,胸甲结构,断扣+符囊,边境磨损,学宫·轻甲｜胸甲结构｜断扣+符囊｜边境磨损
CS00614,贵族,半甲,背部长摆,臂环+额饰,日常使用痕,贵族·半甲｜背部长摆｜臂环+额饰｜日常使用痕
CS00615,宗门,半甲,交领叠襟,护腕+符囊,陈年旧物,宗门·半甲｜交领叠襟｜护腕+符囊｜陈年旧物
CS00616,镇墟司,轻甲,交领叠襟,旧皮带+断扣,边境磨损,镇墟司·轻甲｜交领叠襟｜旧皮带+断扣｜边境磨损
CS00617,镇墟司,束身,外披短褂,令牌+额饰,完整如新,镇墟司·束身｜外披短褂｜令牌+额饰｜完整如新
CS00618,战士团,轻甲,分片下摆,面具残片+旧皮带,边境磨损,战士团·轻甲｜分片下摆｜面具残片+旧皮带｜边境磨损
CS00619,流亡者,非对称剪裁,交领叠襟,符囊+耳饰,完整如新,流亡者·非对称剪裁｜交领叠襟｜符囊+耳饰｜完整如新
CS00620,商贾,宽袖,胸甲结构,额饰+颈饰,完整如新,商贾·宽袖｜胸甲结构｜额饰+颈饰｜完整如新
CS00621,王庭,短衣,腿部绑甲,臂环+药囊,陈年旧物,王庭·短衣｜腿部绑甲｜臂环+药囊｜陈年旧物
CS00622,复苏体,短衣,肩甲结构,断扣+旧皮带,当下战损,复苏体·短衣｜肩甲结构｜断扣+旧皮带｜当下战损
CS00623,流亡者,重甲,腿部绑甲,耳饰+断扣,当下战损,流亡者·重甲｜腿部绑甲｜耳饰+断扣｜当下战损
CS00624,镇墟司,护臂,分片下摆,颈饰+面具残片,战损修补,镇墟司·护臂｜分片下摆｜颈饰+面具残片｜战损修补
CS00625,流亡者,宽袖,分片下摆,腰牌+旧皮带,当下战损,流亡者·宽袖｜分片下摆｜腰牌+旧皮带｜当下战损
CS00626,医者,长袍,交领叠襟,旧皮带+断扣,日常使用痕,医者·长袍｜交领叠襟｜旧皮带+断扣｜日常使用痕
CS00627,贵族,束身,胸甲结构,额饰+符囊,日常使用痕,贵族·束身｜胸甲结构｜额饰+符囊｜日常使用痕
CS00628,隐世,非对称剪裁,高领护颈,腰牌+符囊,陈年旧物,隐世·非对称剪裁｜高领护颈｜腰牌+符囊｜陈年旧物
CS00629,王庭,披风,绑带束腰,耳饰+护腕,当下战损,王庭·披风｜绑带束腰｜耳饰+护腕｜当下战损
CS00630,贵族,护臂,高领护颈,药囊+臂环,陈年旧物,贵族·护臂｜高领护颈｜药囊+臂环｜陈年旧物
CS00631,隐世,宽袖,交领叠襟,耳饰+腰牌,身份剥除感,隐世·宽袖｜交领叠襟｜耳饰+腰牌｜身份剥除感
CS00632,灰区,短衣,交领叠襟,旧皮带+颈饰,战损修补,灰区·短衣｜交领叠襟｜旧皮带+颈饰｜战损修补
CS00633,恶灵,轻甲,暗袋夹层,护腕+符囊,完整如新,恶灵·轻甲｜暗袋夹层｜护腕+符囊｜完整如新
CS00634,游侠,半甲,腿部绑甲,颈饰+符囊,边境磨损,游侠·半甲｜腿部绑甲｜颈饰+符囊｜边境磨损
CS00635,王庭,重甲,肩甲结构,臂环+令牌,完整如新,王庭·重甲｜肩甲结构｜臂环+令牌｜完整如新
CS00636,医者,多层衣摆,暗袋夹层,颈饰+臂环,身份剥除感,医者·多层衣摆｜暗袋夹层｜颈饰+臂环｜身份剥除感
CS00637,学宫,非对称剪裁,背部长摆,面具残片+断扣,陈年旧物,学宫·非对称剪裁｜背部长摆｜面具残片+断扣｜陈年旧物
CS00638,流亡者,短衣,背部长摆,断扣+旧皮带,完整如新,流亡者·短衣｜背部长摆｜断扣+旧皮带｜完整如新
CS00639,镇墟司,重甲,分片下摆,断扣+臂环,身份剥除感,镇墟司·重甲｜分片下摆｜断扣+臂环｜身份剥除感
CS00640,复苏体,护臂,背部长摆,臂环+耳饰,完整如新,复苏体·护臂｜背部长摆｜臂环+耳饰｜完整如新
CS00641,恶灵,腰封,背部长摆,臂环+旧皮带,身份剥除感,恶灵·腰封｜背部长摆｜臂环+旧皮带｜身份剥除感
CS00642,战士团,非对称剪裁,肩甲结构,颈饰+臂环,战损修补,战士团·非对称剪裁｜肩甲结构｜颈饰+臂环｜战损修补
CS00643,商贾,多层衣摆,肩甲结构,臂环+护腕,陈年旧物,商贾·多层衣摆｜肩甲结构｜臂环+护腕｜陈年旧物
CS00644,战士团,腰封,背部长摆,腰牌+护腕,陈年旧物,战士团·腰封｜背部长摆｜腰牌+护腕｜陈年旧物
CS00645,战士团,轻甲,肩甲结构,额饰+臂环,当下战损,战士团·轻甲｜肩甲结构｜额饰+臂环｜当下战损
CS00646,贵族,多层衣摆,背部长摆,额饰+颈饰,战损修补,贵族·多层衣摆｜背部长摆｜额饰+颈饰｜战损修补
CS00647,复苏体,束身,暗袋夹层,臂环+额饰,当下战损,复苏体·束身｜暗袋夹层｜臂环+额饰｜当下战损
CS00648,灰区,重甲,绑带束腰,药囊+断扣,日常使用痕,灰区·重甲｜绑带束腰｜药囊+断扣｜日常使用痕
CS00649,隐世,多层衣摆,交领叠襟,耳饰+断扣,身份剥除感,隐世·多层衣摆｜交领叠襟｜耳饰+断扣｜身份剥除感
CS00650,医者,披风,背部长摆,颈饰+令牌,身份剥除感,医者·披风｜背部长摆｜颈饰+令牌｜身份剥除感
CS00651,游侠,短衣,外披短褂,耳饰+药囊,战损修补,游侠·短衣｜外披短褂｜耳饰+药囊｜战损修补
CS00652,医者,长袍,分片下摆,耳饰+臂环,边境磨损,医者·长袍｜分片下摆｜耳饰+臂环｜边境磨损
CS00653,战士团,腰封,绑带束腰,令牌+旧皮带,陈年旧物,战士团·腰封｜绑带束腰｜令牌+旧皮带｜陈年旧物
CS00654,镇墟司,轻甲,暗袋夹层,颈饰+额饰,身份剥除感,镇墟司·轻甲｜暗袋夹层｜颈饰+额饰｜身份剥除感
CS00655,战士团,多层衣摆,外披短褂,面具残片+断扣,当下战损,战士团·多层衣摆｜外披短褂｜面具残片+断扣｜当下战损
CS00656,隐世,长袍,背部长摆,耳饰+药囊,陈年旧物,隐世·长袍｜背部长摆｜耳饰+药囊｜陈年旧物
CS00657,贵族,短衣,外披短褂,颈饰+药囊,战损修补,贵族·短衣｜外披短褂｜颈饰+药囊｜战损修补
CS00658,商贾,短衣,背部长摆,耳饰+令牌,陈年旧物,商贾·短衣｜背部长摆｜耳饰+令牌｜陈年旧物
CS00659,宗门,半甲,高领护颈,药囊+耳饰,边境磨损,宗门·半甲｜高领护颈｜药囊+耳饰｜边境磨损
CS00660,隐世,半甲,外披短褂,腰牌+符囊,陈年旧物,隐世·半甲｜外披短褂｜腰牌+符囊｜陈年旧物
CS00661,宗门,半甲,外披短褂,护腕+额饰,日常使用痕,宗门·半甲｜外披短褂｜护腕+额饰｜日常使用痕
CS00662,恶灵,多层衣摆,背部长摆,断扣+符囊,完整如新,恶灵·多层衣摆｜背部长摆｜断扣+符囊｜完整如新
CS00663,隐世,披风,分片下摆,药囊+颈饰,日常使用痕,隐世·披风｜分片下摆｜药囊+颈饰｜日常使用痕
CS00664,灰区,重甲,腿部绑甲,额饰+面具残片,完整如新,灰区·重甲｜腿部绑甲｜额饰+面具残片｜完整如新
CS00665,商贾,束身,高领护颈,耳饰+符囊,战损修补,商贾·束身｜高领护颈｜耳饰+符囊｜战损修补
CS00666,贵族,束身,交领叠襟,药囊+臂环,陈年旧物,贵族·束身｜交领叠襟｜药囊+臂环｜陈年旧物
CS00667,隐世,短衣,高领护颈,符囊+腰牌,日常使用痕,隐世·短衣｜高领护颈｜符囊+腰牌｜日常使用痕
CS00668,游侠,宽袖,分片下摆,耳饰+符囊,身份剥除感,游侠·宽袖｜分片下摆｜耳饰+符囊｜身份剥除感
CS00669,贵族,长袍,暗袋夹层,断扣+腰牌,身份剥除感,贵族·长袍｜暗袋夹层｜断扣+腰牌｜身份剥除感
CS00670,战士团,宽袖,绑带束腰,旧皮带+颈饰,陈年旧物,战士团·宽袖｜绑带束腰｜旧皮带+颈饰｜陈年旧物
CS00671,学宫,半甲,高领护颈,耳饰+臂环,身份剥除感,学宫·半甲｜高领护颈｜耳饰+臂环｜身份剥除感
CS00672,灰区,宽袖,交领叠襟,额饰+耳饰,身份剥除感,灰区·宽袖｜交领叠襟｜额饰+耳饰｜身份剥除感
CS00673,灰区,宽袖,高领护颈,旧皮带+护腕,身份剥除感,灰区·宽袖｜高领护颈｜旧皮带+护腕｜身份剥除感
CS00674,游侠,披风,高领护颈,耳饰+腰牌,当下战损,游侠·披风｜高领护颈｜耳饰+腰牌｜当下战损
CS00675,灰区,非对称剪裁,绑带束腰,护腕+额饰,边境磨损,灰区·非对称剪裁｜绑带束腰｜护腕+额饰｜边境磨损
CS00676,贵族,披风,分片下摆,断扣+颈饰,当下战损,贵族·披风｜分片下摆｜断扣+颈饰｜当下战损
CS00677,宗门,护臂,绑带束腰,药囊+腰牌,战损修补,宗门·护臂｜绑带束腰｜药囊+腰牌｜战损修补
CS00678,镇墟司,半甲,胸甲结构,断扣+耳饰,战损修补,镇墟司·半甲｜胸甲结构｜断扣+耳饰｜战损修补
CS00679,灰区,非对称剪裁,外披短褂,臂环+腰牌,完整如新,灰区·非对称剪裁｜外披短褂｜臂环+腰牌｜完整如新
CS00680,游侠,腰封,分片下摆,腰牌+旧皮带,完整如新,游侠·腰封｜分片下摆｜腰牌+旧皮带｜完整如新
CS00681,商贾,披风,高领护颈,令牌+药囊,完整如新,商贾·披风｜高领护颈｜令牌+药囊｜完整如新
CS00682,复苏体,宽袖,交领叠襟,符囊+断扣,战损修补,复苏体·宽袖｜交领叠襟｜符囊+断扣｜战损修补
CS00683,镇墟司,披风,腿部绑甲,符囊+臂环,战损修补,镇墟司·披风｜腿部绑甲｜符囊+臂环｜战损修补
CS00684,战士团,重甲,高领护颈,符囊+药囊,当下战损,战士团·重甲｜高领护颈｜符囊+药囊｜当下战损
CS00685,复苏体,长袍,分片下摆,腰牌+旧皮带,身份剥除感,复苏体·长袍｜分片下摆｜腰牌+旧皮带｜身份剥除感
CS00686,贵族,轻甲,背部长摆,符囊+面具残片,边境磨损,贵族·轻甲｜背部长摆｜符囊+面具残片｜边境磨损
CS00687,复苏体,腰封,暗袋夹层,臂环+护腕,边境磨损,复苏体·腰封｜暗袋夹层｜臂环+护腕｜边境磨损
CS00688,贵族,腰封,绑带束腰,耳饰+腰牌,边境磨损,贵族·腰封｜绑带束腰｜耳饰+腰牌｜边境磨损
CS00689,恶灵,长袍,胸甲结构,令牌+护腕,边境磨损,恶灵·长袍｜胸甲结构｜令牌+护腕｜边境磨损
CS00690,复苏体,宽袖,背部长摆,耳饰+药囊,日常使用痕,复苏体·宽袖｜背部长摆｜耳饰+药囊｜日常使用痕
CS00691,宗门,束身,绑带束腰,臂环+药囊,边境磨损,宗门·束身｜绑带束腰｜臂环+药囊｜边境磨损
CS00692,战士团,护臂,分片下摆,面具残片+断扣,当下战损,战士团·护臂｜分片下摆｜面具残片+断扣｜当下战损
CS00693,流亡者,宽袖,绑带束腰,腰牌+令牌,战损修补,流亡者·宽袖｜绑带束腰｜腰牌+令牌｜战损修补
CS00694,恶灵,多层衣摆,肩甲结构,耳饰+面具残片,日常使用痕,恶灵·多层衣摆｜肩甲结构｜耳饰+面具残片｜日常使用痕
CS00695,学宫,长袍,高领护颈,颈饰+护腕,日常使用痕,学宫·长袍｜高领护颈｜颈饰+护腕｜日常使用痕
CS00696,商贾,重甲,背部长摆,断扣+面具残片,日常使用痕,商贾·重甲｜背部长摆｜断扣+面具残片｜日常使用痕
CS00697,商贾,宽袖,绑带束腰,令牌+颈饰,完整如新,商贾·宽袖｜绑带束腰｜令牌+颈饰｜完整如新
CS00698,学宫,长袍,腿部绑甲,断扣+腰牌,完整如新,学宫·长袍｜腿部绑甲｜断扣+腰牌｜完整如新
CS00699,隐世,宽袖,外披短褂,臂环+额饰,陈年旧物,隐世·宽袖｜外披短褂｜臂环+额饰｜陈年旧物
CS00700,医者,护臂,外披短褂,断扣+旧皮带,战损修补,医者·护臂｜外披短褂｜断扣+旧皮带｜战损修补
CS00701,医者,披风,胸甲结构,耳饰+腰牌,完整如新,医者·披风｜胸甲结构｜耳饰+腰牌｜完整如新
CS00702,镇墟司,半甲,肩甲结构,颈饰+药囊,身份剥除感,镇墟司·半甲｜肩甲结构｜颈饰+药囊｜身份剥除感
CS00703,镇墟司,长袍,分片下摆,令牌+符囊,边境磨损,镇墟司·长袍｜分片下摆｜令牌+符囊｜边境磨损
CS00704,学宫,束身,外披短褂,令牌+颈饰,边境磨损,学宫·束身｜外披短褂｜令牌+颈饰｜边境磨损
CS00705,流亡者,腰封,绑带束腰,符囊+护腕,战损修补,流亡者·腰封｜绑带束腰｜符囊+护腕｜战损修补
CS00706,镇墟司,多层衣摆,胸甲结构,颈饰+面具残片,边境磨损,镇墟司·多层衣摆｜胸甲结构｜颈饰+面具残片｜边境磨损
CS00707,贵族,半甲,腿部绑甲,旧皮带+腰牌,当下战损,贵族·半甲｜腿部绑甲｜旧皮带+腰牌｜当下战损
CS00708,游侠,重甲,绑带束腰,额饰+耳饰,陈年旧物,游侠·重甲｜绑带束腰｜额饰+耳饰｜陈年旧物
CS00709,学宫,披风,背部长摆,面具残片+额饰,战损修补,学宫·披风｜背部长摆｜面具残片+额饰｜战损修补
CS00710,恶灵,重甲,腿部绑甲,臂环+额饰,日常使用痕,恶灵·重甲｜腿部绑甲｜臂环+额饰｜日常使用痕
CS00711,贵族,多层衣摆,绑带束腰,耳饰+额饰,陈年旧物,贵族·多层衣摆｜绑带束腰｜耳饰+额饰｜陈年旧物
CS00712,隐世,护臂,暗袋夹层,耳饰+腰牌,完整如新,隐世·护臂｜暗袋夹层｜耳饰+腰牌｜完整如新
CS00713,学宫,束身,胸甲结构,额饰+符囊,当下战损,学宫·束身｜胸甲结构｜额饰+符囊｜当下战损
CS00714,医者,护臂,高领护颈,耳饰+面具残片,完整如新,医者·护臂｜高领护颈｜耳饰+面具残片｜完整如新
CS00715,游侠,重甲,肩甲结构,护腕+腰牌,当下战损,游侠·重甲｜肩甲结构｜护腕+腰牌｜当下战损
CS00716,商贾,披风,腿部绑甲,断扣+额饰,当下战损,商贾·披风｜腿部绑甲｜断扣+额饰｜当下战损
CS00717,战士团,腰封,高领护颈,断扣+臂环,身份剥除感,战士团·腰封｜高领护颈｜断扣+臂环｜身份剥除感
CS00718,灰区,长袍,肩甲结构,臂环+旧皮带,日常使用痕,灰区·长袍｜肩甲结构｜臂环+旧皮带｜日常使用痕
CS00719,复苏体,短衣,交领叠襟,耳饰+护腕,当下战损,复苏体·短衣｜交领叠襟｜耳饰+护腕｜当下战损
CS00720,贵族,短衣,绑带束腰,耳饰+符囊,当下战损,贵族·短衣｜绑带束腰｜耳饰+符囊｜当下战损
CS00721,战士团,半甲,分片下摆,旧皮带+耳饰,日常使用痕,战士团·半甲｜分片下摆｜旧皮带+耳饰｜日常使用痕
CS00722,王庭,半甲,外披短褂,额饰+药囊,完整如新,王庭·半甲｜外披短褂｜额饰+药囊｜完整如新
CS00723,商贾,轻甲,背部长摆,耳饰+腰牌,陈年旧物,商贾·轻甲｜背部长摆｜耳饰+腰牌｜陈年旧物
CS00724,商贾,腰封,交领叠襟,耳饰+旧皮带,战损修补,商贾·腰封｜交领叠襟｜耳饰+旧皮带｜战损修补
CS00725,宗门,重甲,暗袋夹层,额饰+臂环,身份剥除感,宗门·重甲｜暗袋夹层｜额饰+臂环｜身份剥除感
CS00726,医者,束身,高领护颈,颈饰+护腕,日常使用痕,医者·束身｜高领护颈｜颈饰+护腕｜日常使用痕
CS00727,商贾,短衣,外披短褂,面具残片+符囊,边境磨损,商贾·短衣｜外披短褂｜面具残片+符囊｜边境磨损
CS00728,镇墟司,轻甲,分片下摆,令牌+面具残片,完整如新,镇墟司·轻甲｜分片下摆｜令牌+面具残片｜完整如新
CS00729,王庭,束身,高领护颈,令牌+符囊,当下战损,王庭·束身｜高领护颈｜令牌+符囊｜当下战损
CS00730,医者,短衣,肩甲结构,额饰+令牌,战损修补,医者·短衣｜肩甲结构｜额饰+令牌｜战损修补
CS00731,灰区,束身,背部长摆,腰牌+药囊,战损修补,灰区·束身｜背部长摆｜腰牌+药囊｜战损修补
CS00732,战士团,腰封,绑带束腰,护腕+颈饰,完整如新,战士团·腰封｜绑带束腰｜护腕+颈饰｜完整如新
CS00733,贵族,护臂,外披短褂,面具残片+腰牌,陈年旧物,贵族·护臂｜外披短褂｜面具残片+腰牌｜陈年旧物
CS00734,宗门,腰封,背部长摆,断扣+符囊,边境磨损,宗门·腰封｜背部长摆｜断扣+符囊｜边境磨损
CS00735,王庭,半甲,高领护颈,面具残片+符囊,战损修补,王庭·半甲｜高领护颈｜面具残片+符囊｜战损修补
CS00736,宗门,轻甲,肩甲结构,旧皮带+令牌,战损修补,宗门·轻甲｜肩甲结构｜旧皮带+令牌｜战损修补
CS00737,复苏体,轻甲,绑带束腰,符囊+药囊,日常使用痕,复苏体·轻甲｜绑带束腰｜符囊+药囊｜日常使用痕
CS00738,隐世,披风,胸甲结构,药囊+额饰,当下战损,隐世·披风｜胸甲结构｜药囊+额饰｜当下战损
CS00739,流亡者,腰封,绑带束腰,断扣+臂环,陈年旧物,流亡者·腰封｜绑带束腰｜断扣+臂环｜陈年旧物
CS00740,战士团,重甲,暗袋夹层,旧皮带+颈饰,日常使用痕,战士团·重甲｜暗袋夹层｜旧皮带+颈饰｜日常使用痕
CS00741,恶灵,披风,绑带束腰,符囊+腰牌,战损修补,恶灵·披风｜绑带束腰｜符囊+腰牌｜战损修补
CS00742,游侠,轻甲,外披短褂,额饰+药囊,边境磨损,游侠·轻甲｜外披短褂｜额饰+药囊｜边境磨损
CS00743,镇墟司,束身,暗袋夹层,断扣+面具残片,完整如新,镇墟司·束身｜暗袋夹层｜断扣+面具残片｜完整如新
CS00744,恶灵,宽袖,绑带束腰,药囊+令牌,身份剥除感,恶灵·宽袖｜绑带束腰｜药囊+令牌｜身份剥除感
CS00745,隐世,束身,外披短褂,面具残片+颈饰,身份剥除感,隐世·束身｜外披短褂｜面具残片+颈饰｜身份剥除感
CS00746,宗门,轻甲,外披短褂,额饰+药囊,身份剥除感,宗门·轻甲｜外披短褂｜额饰+药囊｜身份剥除感
CS00747,宗门,非对称剪裁,胸甲结构,臂环+令牌,边境磨损,宗门·非对称剪裁｜胸甲结构｜臂环+令牌｜边境磨损
CS00748,流亡者,腰封,背部长摆,令牌+面具残片,身份剥除感,流亡者·腰封｜背部长摆｜令牌+面具残片｜身份剥除感
CS00749,宗门,重甲,高领护颈,腰牌+面具残片,当下战损,宗门·重甲｜高领护颈｜腰牌+面具残片｜当下战损
CS00750,王庭,长袍,交领叠襟,颈饰+符囊,边境磨损,王庭·长袍｜交领叠襟｜颈饰+符囊｜边境磨损
CS00751,贵族,护臂,绑带束腰,耳饰+腰牌,战损修补,贵族·护臂｜绑带束腰｜耳饰+腰牌｜战损修补
CS00752,镇墟司,护臂,分片下摆,护腕+药囊,身份剥除感,镇墟司·护臂｜分片下摆｜护腕+药囊｜身份剥除感
CS00753,学宫,轻甲,外披短褂,药囊+令牌,边境磨损,学宫·轻甲｜外披短褂｜药囊+令牌｜边境磨损
CS00754,学宫,披风,腿部绑甲,符囊+耳饰,陈年旧物,学宫·披风｜腿部绑甲｜符囊+耳饰｜陈年旧物
CS00755,宗门,宽袖,肩甲结构,令牌+面具残片,战损修补,宗门·宽袖｜肩甲结构｜令牌+面具残片｜战损修补
CS00756,复苏体,非对称剪裁,腿部绑甲,符囊+令牌,陈年旧物,复苏体·非对称剪裁｜腿部绑甲｜符囊+令牌｜陈年旧物
CS00757,灰区,护臂,高领护颈,断扣+腰牌,身份剥除感,灰区·护臂｜高领护颈｜断扣+腰牌｜身份剥除感
CS00758,宗门,短衣,背部长摆,腰牌+令牌,陈年旧物,宗门·短衣｜背部长摆｜腰牌+令牌｜陈年旧物
CS00759,游侠,宽袖,暗袋夹层,额饰+断扣,陈年旧物,游侠·宽袖｜暗袋夹层｜额饰+断扣｜陈年旧物
CS00760,战士团,短衣,肩甲结构,颈饰+耳饰,当下战损,战士团·短衣｜肩甲结构｜颈饰+耳饰｜当下战损
CS00761,宗门,半甲,暗袋夹层,令牌+护腕,身份剥除感,宗门·半甲｜暗袋夹层｜令牌+护腕｜身份剥除感
CS00762,镇墟司,重甲,暗袋夹层,符囊+臂环,完整如新,镇墟司·重甲｜暗袋夹层｜符囊+臂环｜完整如新
CS00763,贵族,长袍,高领护颈,颈饰+耳饰,身份剥除感,贵族·长袍｜高领护颈｜颈饰+耳饰｜身份剥除感
CS00764,贵族,轻甲,暗袋夹层,护腕+面具残片,边境磨损,贵族·轻甲｜暗袋夹层｜护腕+面具残片｜边境磨损
CS00765,医者,束身,背部长摆,腰牌+断扣,日常使用痕,医者·束身｜背部长摆｜腰牌+断扣｜日常使用痕
CS00766,王庭,披风,分片下摆,护腕+腰牌,当下战损,王庭·披风｜分片下摆｜护腕+腰牌｜当下战损
CS00767,学宫,非对称剪裁,交领叠襟,腰牌+药囊,完整如新,学宫·非对称剪裁｜交领叠襟｜腰牌+药囊｜完整如新
CS00768,镇墟司,护臂,肩甲结构,面具残片+令牌,当下战损,镇墟司·护臂｜肩甲结构｜面具残片+令牌｜当下战损
CS00769,商贾,长袍,暗袋夹层,耳饰+额饰,当下战损,商贾·长袍｜暗袋夹层｜耳饰+额饰｜当下战损
CS00770,战士团,非对称剪裁,肩甲结构,额饰+护腕,日常使用痕,战士团·非对称剪裁｜肩甲结构｜额饰+护腕｜日常使用痕
CS00771,医者,非对称剪裁,暗袋夹层,耳饰+护腕,完整如新,医者·非对称剪裁｜暗袋夹层｜耳饰+护腕｜完整如新
CS00772,复苏体,轻甲,胸甲结构,断扣+耳饰,日常使用痕,复苏体·轻甲｜胸甲结构｜断扣+耳饰｜日常使用痕
CS00773,游侠,重甲,交领叠襟,断扣+面具残片,战损修补,游侠·重甲｜交领叠襟｜断扣+面具残片｜战损修补
CS00774,战士团,护臂,暗袋夹层,腰牌+药囊,当下战损,战士团·护臂｜暗袋夹层｜腰牌+药囊｜当下战损
CS00775,镇墟司,多层衣摆,交领叠襟,额饰+断扣,边境磨损,镇墟司·多层衣摆｜交领叠襟｜额饰+断扣｜边境磨损
CS00776,游侠,多层衣摆,分片下摆,护腕+颈饰,边境磨损,游侠·多层衣摆｜分片下摆｜护腕+颈饰｜边境磨损
CS00777,恶灵,多层衣摆,暗袋夹层,符囊+臂环,当下战损,恶灵·多层衣摆｜暗袋夹层｜符囊+臂环｜当下战损
CS00778,流亡者,护臂,肩甲结构,面具残片+断扣,完整如新,流亡者·护臂｜肩甲结构｜面具残片+断扣｜完整如新
CS00779,商贾,束身,绑带束腰,药囊+额饰,身份剥除感,商贾·束身｜绑带束腰｜药囊+额饰｜身份剥除感
CS00780,恶灵,短衣,暗袋夹层,腰牌+额饰,战损修补,恶灵·短衣｜暗袋夹层｜腰牌+额饰｜战损修补
CS00781,隐世,非对称剪裁,肩甲结构,令牌+额饰,边境磨损,隐世·非对称剪裁｜肩甲结构｜令牌+额饰｜边境磨损
CS00782,复苏体,多层衣摆,腿部绑甲,药囊+耳饰,日常使用痕,复苏体·多层衣摆｜腿部绑甲｜药囊+耳饰｜日常使用痕
CS00783,流亡者,短衣,外披短褂,符囊+臂环,日常使用痕,流亡者·短衣｜外披短褂｜符囊+臂环｜日常使用痕
CS00784,复苏体,护臂,绑带束腰,耳饰+额饰,身份剥除感,复苏体·护臂｜绑带束腰｜耳饰+额饰｜身份剥除感
CS00785,恶灵,披风,背部长摆,颈饰+额饰,日常使用痕,恶灵·披风｜背部长摆｜颈饰+额饰｜日常使用痕
CS00786,游侠,披风,暗袋夹层,断扣+药囊,日常使用痕,游侠·披风｜暗袋夹层｜断扣+药囊｜日常使用痕
CS00787,游侠,多层衣摆,分片下摆,符囊+药囊,陈年旧物,游侠·多层衣摆｜分片下摆｜符囊+药囊｜陈年旧物
CS00788,学宫,披风,腿部绑甲,令牌+护腕,日常使用痕,学宫·披风｜腿部绑甲｜令牌+护腕｜日常使用痕
CS00789,宗门,重甲,肩甲结构,断扣+颈饰,日常使用痕,宗门·重甲｜肩甲结构｜断扣+颈饰｜日常使用痕
CS00790,战士团,非对称剪裁,肩甲结构,腰牌+药囊,边境磨损,战士团·非对称剪裁｜肩甲结构｜腰牌+药囊｜边境磨损
CS00791,流亡者,多层衣摆,肩甲结构,令牌+符囊,陈年旧物,流亡者·多层衣摆｜肩甲结构｜令牌+符囊｜陈年旧物
CS00792,灰区,束身,胸甲结构,令牌+药囊,完整如新,灰区·束身｜胸甲结构｜令牌+药囊｜完整如新
CS00793,恶灵,非对称剪裁,胸甲结构,令牌+耳饰,身份剥除感,恶灵·非对称剪裁｜胸甲结构｜令牌+耳饰｜身份剥除感
CS00794,贵族,长袍,胸甲结构,旧皮带+臂环,身份剥除感,贵族·长袍｜胸甲结构｜旧皮带+臂环｜身份剥除感
CS00795,灰区,披风,绑带束腰,符囊+耳饰,完整如新,灰区·披风｜绑带束腰｜符囊+耳饰｜完整如新
CS00796,游侠,轻甲,背部长摆,符囊+护腕,身份剥除感,游侠·轻甲｜背部长摆｜符囊+护腕｜身份剥除感
CS00797,医者,多层衣摆,分片下摆,耳饰+颈饰,当下战损,医者·多层衣摆｜分片下摆｜耳饰+颈饰｜当下战损
CS00798,流亡者,半甲,交领叠襟,断扣+额饰,战损修补,流亡者·半甲｜交领叠襟｜断扣+额饰｜战损修补
CS00799,宗门,多层衣摆,肩甲结构,旧皮带+额饰,日常使用痕,宗门·多层衣摆｜肩甲结构｜旧皮带+额饰｜日常使用痕
CS00800,隐世,多层衣摆,外披短褂,符囊+面具残片,身份剥除感,隐世·多层衣摆｜外披短褂｜符囊+面具残片｜身份剥除感
CS00801,学宫,披风,交领叠襟,腰牌+旧皮带,日常使用痕,学宫·披风｜交领叠襟｜腰牌+旧皮带｜日常使用痕
CS00802,宗门,半甲,绑带束腰,臂环+护腕,战损修补,宗门·半甲｜绑带束腰｜臂环+护腕｜战损修补
CS00803,宗门,宽袖,暗袋夹层,旧皮带+面具残片,日常使用痕,宗门·宽袖｜暗袋夹层｜旧皮带+面具残片｜日常使用痕
CS00804,游侠,短衣,肩甲结构,腰牌+药囊,战损修补,游侠·短衣｜肩甲结构｜腰牌+药囊｜战损修补
CS00805,商贾,束身,外披短褂,耳饰+旧皮带,战损修补,商贾·束身｜外披短褂｜耳饰+旧皮带｜战损修补
CS00806,游侠,长袍,绑带束腰,符囊+药囊,身份剥除感,游侠·长袍｜绑带束腰｜符囊+药囊｜身份剥除感
CS00807,商贾,披风,肩甲结构,药囊+腰牌,完整如新,商贾·披风｜肩甲结构｜药囊+腰牌｜完整如新
CS00808,学宫,束身,分片下摆,旧皮带+护腕,日常使用痕,学宫·束身｜分片下摆｜旧皮带+护腕｜日常使用痕
CS00809,镇墟司,多层衣摆,暗袋夹层,面具残片+腰牌,日常使用痕,镇墟司·多层衣摆｜暗袋夹层｜面具残片+腰牌｜日常使用痕
CS00810,贵族,半甲,交领叠襟,护腕+颈饰,边境磨损,贵族·半甲｜交领叠襟｜护腕+颈饰｜边境磨损
CS00811,灰区,非对称剪裁,交领叠襟,腰牌+护腕,战损修补,灰区·非对称剪裁｜交领叠襟｜腰牌+护腕｜战损修补
CS00812,医者,宽袖,高领护颈,护腕+颈饰,日常使用痕,医者·宽袖｜高领护颈｜护腕+颈饰｜日常使用痕
CS00813,复苏体,非对称剪裁,绑带束腰,耳饰+旧皮带,边境磨损,复苏体·非对称剪裁｜绑带束腰｜耳饰+旧皮带｜边境磨损
CS00814,灰区,重甲,分片下摆,腰牌+药囊,边境磨损,灰区·重甲｜分片下摆｜腰牌+药囊｜边境磨损
CS00815,商贾,多层衣摆,高领护颈,护腕+额饰,边境磨损,商贾·多层衣摆｜高领护颈｜护腕+额饰｜边境磨损
CS00816,宗门,短衣,胸甲结构,腰牌+令牌,当下战损,宗门·短衣｜胸甲结构｜腰牌+令牌｜当下战损
CS00817,复苏体,披风,腿部绑甲,药囊+面具残片,边境磨损,复苏体·披风｜腿部绑甲｜药囊+面具残片｜边境磨损
CS00818,恶灵,短衣,腿部绑甲,符囊+耳饰,完整如新,恶灵·短衣｜腿部绑甲｜符囊+耳饰｜完整如新
CS00819,镇墟司,束身,胸甲结构,耳饰+臂环,战损修补,镇墟司·束身｜胸甲结构｜耳饰+臂环｜战损修补
CS00820,复苏体,护臂,肩甲结构,符囊+面具残片,身份剥除感,复苏体·护臂｜肩甲结构｜符囊+面具残片｜身份剥除感
CS00821,镇墟司,束身,外披短褂,颈饰+旧皮带,身份剥除感,镇墟司·束身｜外披短褂｜颈饰+旧皮带｜身份剥除感
CS00822,贵族,披风,暗袋夹层,断扣+面具残片,战损修补,贵族·披风｜暗袋夹层｜断扣+面具残片｜战损修补
CS00823,战士团,宽袖,外披短褂,臂环+断扣,战损修补,战士团·宽袖｜外披短褂｜臂环+断扣｜战损修补
CS00824,复苏体,护臂,肩甲结构,腰牌+符囊,当下战损,复苏体·护臂｜肩甲结构｜腰牌+符囊｜当下战损
CS00825,战士团,重甲,绑带束腰,臂环+面具残片,日常使用痕,战士团·重甲｜绑带束腰｜臂环+面具残片｜日常使用痕
CS00826,宗门,重甲,高领护颈,护腕+颈饰,完整如新,宗门·重甲｜高领护颈｜护腕+颈饰｜完整如新
CS00827,复苏体,短衣,肩甲结构,令牌+断扣,陈年旧物,复苏体·短衣｜肩甲结构｜令牌+断扣｜陈年旧物
CS00828,王庭,护臂,分片下摆,令牌+符囊,陈年旧物,王庭·护臂｜分片下摆｜令牌+符囊｜陈年旧物
CS00829,流亡者,长袍,暗袋夹层,断扣+面具残片,陈年旧物,流亡者·长袍｜暗袋夹层｜断扣+面具残片｜陈年旧物
CS00830,商贾,半甲,肩甲结构,臂环+耳饰,完整如新,商贾·半甲｜肩甲结构｜臂环+耳饰｜完整如新
CS00831,流亡者,多层衣摆,腿部绑甲,腰牌+符囊,完整如新,流亡者·多层衣摆｜腿部绑甲｜腰牌+符囊｜完整如新
CS00832,隐世,多层衣摆,背部长摆,断扣+护腕,完整如新,隐世·多层衣摆｜背部长摆｜断扣+护腕｜完整如新
CS00833,流亡者,多层衣摆,分片下摆,药囊+臂环,日常使用痕,流亡者·多层衣摆｜分片下摆｜药囊+臂环｜日常使用痕
CS00834,王庭,披风,交领叠襟,额饰+耳饰,战损修补,王庭·披风｜交领叠襟｜额饰+耳饰｜战损修补
CS00835,恶灵,长袍,暗袋夹层,额饰+臂环,日常使用痕,恶灵·长袍｜暗袋夹层｜额饰+臂环｜日常使用痕
CS00836,宗门,束身,胸甲结构,耳饰+颈饰,当下战损,宗门·束身｜胸甲结构｜耳饰+颈饰｜当下战损
CS00837,宗门,护臂,绑带束腰,断扣+额饰,完整如新,宗门·护臂｜绑带束腰｜断扣+额饰｜完整如新
CS00838,复苏体,束身,分片下摆,耳饰+颈饰,陈年旧物,复苏体·束身｜分片下摆｜耳饰+颈饰｜陈年旧物
CS00839,学宫,宽袖,高领护颈,断扣+符囊,身份剥除感,学宫·宽袖｜高领护颈｜断扣+符囊｜身份剥除感
CS00840,灰区,轻甲,背部长摆,护腕+断扣,边境磨损,灰区·轻甲｜背部长摆｜护腕+断扣｜边境磨损
CS00841,医者,非对称剪裁,外披短褂,旧皮带+额饰,边境磨损,医者·非对称剪裁｜外披短褂｜旧皮带+额饰｜边境磨损
CS00842,游侠,腰封,背部长摆,耳饰+旧皮带,战损修补,游侠·腰封｜背部长摆｜耳饰+旧皮带｜战损修补
CS00843,隐世,重甲,暗袋夹层,药囊+腰牌,身份剥除感,隐世·重甲｜暗袋夹层｜药囊+腰牌｜身份剥除感
CS00844,王庭,腰封,外披短褂,符囊+旧皮带,身份剥除感,王庭·腰封｜外披短褂｜符囊+旧皮带｜身份剥除感
CS00845,宗门,披风,暗袋夹层,药囊+符囊,战损修补,宗门·披风｜暗袋夹层｜药囊+符囊｜战损修补
CS00846,学宫,半甲,分片下摆,面具残片+旧皮带,完整如新,学宫·半甲｜分片下摆｜面具残片+旧皮带｜完整如新
CS00847,学宫,多层衣摆,外披短褂,护腕+符囊,战损修补,学宫·多层衣摆｜外披短褂｜护腕+符囊｜战损修补
CS00848,医者,短衣,背部长摆,符囊+腰牌,战损修补,医者·短衣｜背部长摆｜符囊+腰牌｜战损修补
CS00849,宗门,宽袖,交领叠襟,药囊+颈饰,当下战损,宗门·宽袖｜交领叠襟｜药囊+颈饰｜当下战损
CS00850,王庭,披风,高领护颈,耳饰+臂环,完整如新,王庭·披风｜高领护颈｜耳饰+臂环｜完整如新
CS00851,复苏体,束身,腿部绑甲,腰牌+耳饰,边境磨损,复苏体·束身｜腿部绑甲｜腰牌+耳饰｜边境磨损
CS00852,王庭,短衣,高领护颈,符囊+面具残片,战损修补,王庭·短衣｜高领护颈｜符囊+面具残片｜战损修补
CS00853,医者,半甲,肩甲结构,臂环+令牌,日常使用痕,医者·半甲｜肩甲结构｜臂环+令牌｜日常使用痕
CS00854,流亡者,束身,绑带束腰,腰牌+面具残片,当下战损,流亡者·束身｜绑带束腰｜腰牌+面具残片｜当下战损
CS00855,医者,重甲,绑带束腰,耳饰+断扣,当下战损,医者·重甲｜绑带束腰｜耳饰+断扣｜当下战损
CS00856,恶灵,半甲,胸甲结构,护腕+耳饰,日常使用痕,恶灵·半甲｜胸甲结构｜护腕+耳饰｜日常使用痕
CS00857,隐世,半甲,外披短褂,护腕+颈饰,身份剥除感,隐世·半甲｜外披短褂｜护腕+颈饰｜身份剥除感
CS00858,隐世,宽袖,分片下摆,旧皮带+药囊,日常使用痕,隐世·宽袖｜分片下摆｜旧皮带+药囊｜日常使用痕
CS00859,商贾,腰封,外披短褂,臂环+颈饰,边境磨损,商贾·腰封｜外披短褂｜臂环+颈饰｜边境磨损
CS00860,隐世,长袍,背部长摆,符囊+臂环,战损修补,隐世·长袍｜背部长摆｜符囊+臂环｜战损修补
CS00861,复苏体,轻甲,外披短褂,护腕+断扣,陈年旧物,复苏体·轻甲｜外披短褂｜护腕+断扣｜陈年旧物
CS00862,商贾,束身,背部长摆,臂环+护腕,当下战损,商贾·束身｜背部长摆｜臂环+护腕｜当下战损
CS00863,商贾,腰封,胸甲结构,面具残片+断扣,陈年旧物,商贾·腰封｜胸甲结构｜面具残片+断扣｜陈年旧物
CS00864,复苏体,短衣,腿部绑甲,符囊+额饰,日常使用痕,复苏体·短衣｜腿部绑甲｜符囊+额饰｜日常使用痕
CS00865,灰区,半甲,分片下摆,符囊+护腕,日常使用痕,灰区·半甲｜分片下摆｜符囊+护腕｜日常使用痕
CS00866,贵族,披风,胸甲结构,断扣+腰牌,边境磨损,贵族·披风｜胸甲结构｜断扣+腰牌｜边境磨损
CS00867,恶灵,披风,绑带束腰,断扣+护腕,当下战损,恶灵·披风｜绑带束腰｜断扣+护腕｜当下战损
CS00868,灰区,长袍,肩甲结构,断扣+腰牌,战损修补,灰区·长袍｜肩甲结构｜断扣+腰牌｜战损修补
CS00869,战士团,宽袖,暗袋夹层,额饰+颈饰,日常使用痕,战士团·宽袖｜暗袋夹层｜额饰+颈饰｜日常使用痕
CS00870,灰区,长袍,背部长摆,令牌+护腕,陈年旧物,灰区·长袍｜背部长摆｜令牌+护腕｜陈年旧物
CS00871,医者,重甲,分片下摆,面具残片+旧皮带,陈年旧物,医者·重甲｜分片下摆｜面具残片+旧皮带｜陈年旧物
CS00872,游侠,半甲,背部长摆,护腕+腰牌,当下战损,游侠·半甲｜背部长摆｜护腕+腰牌｜当下战损
CS00873,灰区,宽袖,高领护颈,面具残片+颈饰,边境磨损,灰区·宽袖｜高领护颈｜面具残片+颈饰｜边境磨损
CS00874,游侠,轻甲,暗袋夹层,药囊+臂环,完整如新,游侠·轻甲｜暗袋夹层｜药囊+臂环｜完整如新
CS00875,游侠,长袍,腿部绑甲,断扣+颈饰,陈年旧物,游侠·长袍｜腿部绑甲｜断扣+颈饰｜陈年旧物
CS00876,学宫,腰封,胸甲结构,护腕+旧皮带,完整如新,学宫·腰封｜胸甲结构｜护腕+旧皮带｜完整如新
CS00877,灰区,宽袖,暗袋夹层,护腕+耳饰,完整如新,灰区·宽袖｜暗袋夹层｜护腕+耳饰｜完整如新
CS00878,流亡者,短衣,暗袋夹层,护腕+颈饰,日常使用痕,流亡者·短衣｜暗袋夹层｜护腕+颈饰｜日常使用痕
CS00879,复苏体,宽袖,腿部绑甲,耳饰+腰牌,日常使用痕,复苏体·宽袖｜腿部绑甲｜耳饰+腰牌｜日常使用痕
CS00880,商贾,腰封,背部长摆,药囊+额饰,陈年旧物,商贾·腰封｜背部长摆｜药囊+额饰｜陈年旧物
CS00881,复苏体,宽袖,肩甲结构,断扣+符囊,身份剥除感,复苏体·宽袖｜肩甲结构｜断扣+符囊｜身份剥除感
CS00882,战士团,短衣,绑带束腰,药囊+颈饰,战损修补,战士团·短衣｜绑带束腰｜药囊+颈饰｜战损修补
CS00883,宗门,披风,胸甲结构,护腕+颈饰,日常使用痕,宗门·披风｜胸甲结构｜护腕+颈饰｜日常使用痕
CS00884,医者,长袍,外披短褂,颈饰+腰牌,身份剥除感,医者·长袍｜外披短褂｜颈饰+腰牌｜身份剥除感
CS00885,贵族,披风,绑带束腰,臂环+旧皮带,当下战损,贵族·披风｜绑带束腰｜臂环+旧皮带｜当下战损
CS00886,隐世,长袍,外披短褂,令牌+药囊,日常使用痕,隐世·长袍｜外披短褂｜令牌+药囊｜日常使用痕
CS00887,恶灵,重甲,分片下摆,耳饰+额饰,边境磨损,恶灵·重甲｜分片下摆｜耳饰+额饰｜边境磨损
CS00888,游侠,腰封,暗袋夹层,令牌+药囊,陈年旧物,游侠·腰封｜暗袋夹层｜令牌+药囊｜陈年旧物
CS00889,隐世,轻甲,绑带束腰,令牌+药囊,身份剥除感,隐世·轻甲｜绑带束腰｜令牌+药囊｜身份剥除感
CS00890,游侠,非对称剪裁,腿部绑甲,药囊+臂环,战损修补,游侠·非对称剪裁｜腿部绑甲｜药囊+臂环｜战损修补
CS00891,灰区,宽袖,腿部绑甲,符囊+药囊,身份剥除感,灰区·宽袖｜腿部绑甲｜符囊+药囊｜身份剥除感
CS00892,流亡者,非对称剪裁,高领护颈,腰牌+耳饰,当下战损,流亡者·非对称剪裁｜高领护颈｜腰牌+耳饰｜当下战损
CS00893,战士团,长袍,外披短褂,符囊+面具残片,陈年旧物,战士团·长袍｜外披短褂｜符囊+面具残片｜陈年旧物
CS00894,战士团,重甲,外披短褂,断扣+面具残片,陈年旧物,战士团·重甲｜外披短褂｜断扣+面具残片｜陈年旧物
CS00895,镇墟司,长袍,腿部绑甲,护腕+额饰,战损修补,镇墟司·长袍｜腿部绑甲｜护腕+额饰｜战损修补
CS00896,复苏体,长袍,绑带束腰,耳饰+护腕,边境磨损,复苏体·长袍｜绑带束腰｜耳饰+护腕｜边境磨损
CS00897,贵族,披风,外披短褂,腰牌+令牌,身份剥除感,贵族·披风｜外披短褂｜腰牌+令牌｜身份剥除感
CS00898,医者,宽袖,暗袋夹层,额饰+护腕,当下战损,医者·宽袖｜暗袋夹层｜额饰+护腕｜当下战损
CS00899,游侠,护臂,交领叠襟,颈饰+耳饰,日常使用痕,游侠·护臂｜交领叠襟｜颈饰+耳饰｜日常使用痕
CS00900,流亡者,束身,绑带束腰,面具残片+令牌,陈年旧物,流亡者·束身｜绑带束腰｜面具残片+令牌｜陈年旧物
CS00901,学宫,半甲,肩甲结构,耳饰+符囊,当下战损,学宫·半甲｜肩甲结构｜耳饰+符囊｜当下战损
CS00902,王庭,宽袖,背部长摆,腰牌+药囊,当下战损,王庭·宽袖｜背部长摆｜腰牌+药囊｜当下战损
CS00903,恶灵,重甲,绑带束腰,符囊+腰牌,完整如新,恶灵·重甲｜绑带束腰｜符囊+腰牌｜完整如新
CS00904,游侠,重甲,背部长摆,断扣+符囊,战损修补,游侠·重甲｜背部长摆｜断扣+符囊｜战损修补
CS00905,游侠,披风,绑带束腰,药囊+令牌,边境磨损,游侠·披风｜绑带束腰｜药囊+令牌｜边境磨损
CS00906,战士团,护臂,背部长摆,腰牌+断扣,日常使用痕,战士团·护臂｜背部长摆｜腰牌+断扣｜日常使用痕
CS00907,复苏体,披风,腿部绑甲,药囊+面具残片,完整如新,复苏体·披风｜腿部绑甲｜药囊+面具残片｜完整如新
CS00908,灰区,长袍,背部长摆,额饰+颈饰,身份剥除感,灰区·长袍｜背部长摆｜额饰+颈饰｜身份剥除感
CS00909,商贾,多层衣摆,外披短褂,断扣+符囊,战损修补,商贾·多层衣摆｜外披短褂｜断扣+符囊｜战损修补
CS00910,复苏体,宽袖,肩甲结构,耳饰+臂环,当下战损,复苏体·宽袖｜肩甲结构｜耳饰+臂环｜当下战损
CS00911,贵族,轻甲,绑带束腰,护腕+令牌,战损修补,贵族·轻甲｜绑带束腰｜护腕+令牌｜战损修补
CS00912,流亡者,重甲,绑带束腰,药囊+耳饰,身份剥除感,流亡者·重甲｜绑带束腰｜药囊+耳饰｜身份剥除感
CS00913,学宫,长袍,分片下摆,面具残片+旧皮带,陈年旧物,学宫·长袍｜分片下摆｜面具残片+旧皮带｜陈年旧物
CS00914,灰区,重甲,胸甲结构,符囊+护腕,身份剥除感,灰区·重甲｜胸甲结构｜符囊+护腕｜身份剥除感
CS00915,隐世,护臂,绑带束腰,令牌+腰牌,完整如新,隐世·护臂｜绑带束腰｜令牌+腰牌｜完整如新
CS00916,隐世,非对称剪裁,外披短褂,额饰+断扣,身份剥除感,隐世·非对称剪裁｜外披短褂｜额饰+断扣｜身份剥除感
CS00917,学宫,束身,背部长摆,耳饰+面具残片,边境磨损,学宫·束身｜背部长摆｜耳饰+面具残片｜边境磨损
CS00918,宗门,短衣,交领叠襟,断扣+护腕,当下战损,宗门·短衣｜交领叠襟｜断扣+护腕｜当下战损
CS00919,隐世,轻甲,高领护颈,面具残片+臂环,战损修补,隐世·轻甲｜高领护颈｜面具残片+臂环｜战损修补
CS00920,复苏体,束身,外披短褂,臂环+令牌,陈年旧物,复苏体·束身｜外披短褂｜臂环+令牌｜陈年旧物
CS00921,游侠,非对称剪裁,绑带束腰,护腕+臂环,陈年旧物,游侠·非对称剪裁｜绑带束腰｜护腕+臂环｜陈年旧物
CS00922,贵族,非对称剪裁,肩甲结构,药囊+符囊,战损修补,贵族·非对称剪裁｜肩甲结构｜药囊+符囊｜战损修补
CS00923,游侠,护臂,交领叠襟,断扣+耳饰,陈年旧物,游侠·护臂｜交领叠襟｜断扣+耳饰｜陈年旧物
CS00924,复苏体,短衣,胸甲结构,符囊+额饰,身份剥除感,复苏体·短衣｜胸甲结构｜符囊+额饰｜身份剥除感
CS00925,恶灵,重甲,交领叠襟,颈饰+腰牌,陈年旧物,恶灵·重甲｜交领叠襟｜颈饰+腰牌｜陈年旧物
CS00926,流亡者,宽袖,绑带束腰,耳饰+药囊,身份剥除感,流亡者·宽袖｜绑带束腰｜耳饰+药囊｜身份剥除感
CS00927,商贾,短衣,高领护颈,臂环+护腕,当下战损,商贾·短衣｜高领护颈｜臂环+护腕｜当下战损
CS00928,宗门,短衣,外披短褂,令牌+面具残片,陈年旧物,宗门·短衣｜外披短褂｜令牌+面具残片｜陈年旧物
CS00929,医者,束身,交领叠襟,旧皮带+令牌,当下战损,医者·束身｜交领叠襟｜旧皮带+令牌｜当下战损
CS00930,商贾,多层衣摆,外披短褂,旧皮带+护腕,日常使用痕,商贾·多层衣摆｜外披短褂｜旧皮带+护腕｜日常使用痕
CS00931,灰区,多层衣摆,绑带束腰,颈饰+令牌,陈年旧物,灰区·多层衣摆｜绑带束腰｜颈饰+令牌｜陈年旧物
CS00932,贵族,轻甲,暗袋夹层,旧皮带+断扣,日常使用痕,贵族·轻甲｜暗袋夹层｜旧皮带+断扣｜日常使用痕
CS00933,流亡者,非对称剪裁,外披短褂,符囊+药囊,身份剥除感,流亡者·非对称剪裁｜外披短褂｜符囊+药囊｜身份剥除感
CS00934,镇墟司,重甲,背部长摆,面具残片+护腕,身份剥除感,镇墟司·重甲｜背部长摆｜面具残片+护腕｜身份剥除感
CS00935,复苏体,护臂,肩甲结构,符囊+面具残片,边境磨损,复苏体·护臂｜肩甲结构｜符囊+面具残片｜边境磨损
CS00936,镇墟司,束身,交领叠襟,药囊+额饰,完整如新,镇墟司·束身｜交领叠襟｜药囊+额饰｜完整如新
CS00937,学宫,披风,交领叠襟,断扣+令牌,完整如新,学宫·披风｜交领叠襟｜断扣+令牌｜完整如新
CS00938,学宫,腰封,背部长摆,腰牌+护腕,身份剥除感,学宫·腰封｜背部长摆｜腰牌+护腕｜身份剥除感
CS00939,医者,披风,暗袋夹层,符囊+腰牌,日常使用痕,医者·披风｜暗袋夹层｜符囊+腰牌｜日常使用痕
CS00940,学宫,非对称剪裁,交领叠襟,护腕+颈饰,战损修补,学宫·非对称剪裁｜交领叠襟｜护腕+颈饰｜战损修补
CS00941,贵族,护臂,暗袋夹层,令牌+颈饰,战损修补,贵族·护臂｜暗袋夹层｜令牌+颈饰｜战损修补
CS00942,恶灵,宽袖,肩甲结构,面具残片+护腕,身份剥除感,恶灵·宽袖｜肩甲结构｜面具残片+护腕｜身份剥除感
CS00943,宗门,半甲,交领叠襟,符囊+耳饰,边境磨损,宗门·半甲｜交领叠襟｜符囊+耳饰｜边境磨损
CS00944,游侠,腰封,交领叠襟,面具残片+额饰,日常使用痕,游侠·腰封｜交领叠襟｜面具残片+额饰｜日常使用痕
CS00945,贵族,非对称剪裁,高领护颈,护腕+符囊,当下战损,贵族·非对称剪裁｜高领护颈｜护腕+符囊｜当下战损
CS00946,游侠,半甲,肩甲结构,护腕+腰牌,日常使用痕,游侠·半甲｜肩甲结构｜护腕+腰牌｜日常使用痕
CS00947,商贾,宽袖,绑带束腰,腰牌+令牌,边境磨损,商贾·宽袖｜绑带束腰｜腰牌+令牌｜边境磨损
CS00948,隐世,短衣,肩甲结构,额饰+臂环,战损修补,隐世·短衣｜肩甲结构｜额饰+臂环｜战损修补
CS00949,恶灵,长袍,高领护颈,臂环+令牌,身份剥除感,恶灵·长袍｜高领护颈｜臂环+令牌｜身份剥除感
CS00950,灰区,披风,胸甲结构,额饰+耳饰,战损修补,灰区·披风｜胸甲结构｜额饰+耳饰｜战损修补
CS00951,医者,束身,暗袋夹层,令牌+面具残片,边境磨损,医者·束身｜暗袋夹层｜令牌+面具残片｜边境磨损
CS00952,复苏体,短衣,暗袋夹层,面具残片+旧皮带,日常使用痕,复苏体·短衣｜暗袋夹层｜面具残片+旧皮带｜日常使用痕
CS00953,游侠,束身,绑带束腰,耳饰+护腕,边境磨损,游侠·束身｜绑带束腰｜耳饰+护腕｜边境磨损
CS00954,流亡者,束身,胸甲结构,面具残片+颈饰,当下战损,流亡者·束身｜胸甲结构｜面具残片+颈饰｜当下战损
CS00955,医者,腰封,交领叠襟,臂环+颈饰,当下战损,医者·腰封｜交领叠襟｜臂环+颈饰｜当下战损
CS00956,灰区,披风,绑带束腰,护腕+耳饰,身份剥除感,灰区·披风｜绑带束腰｜护腕+耳饰｜身份剥除感
CS00957,宗门,轻甲,高领护颈,颈饰+臂环,当下战损,宗门·轻甲｜高领护颈｜颈饰+臂环｜当下战损
CS00958,隐世,束身,交领叠襟,断扣+臂环,战损修补,隐世·束身｜交领叠襟｜断扣+臂环｜战损修补
CS00959,学宫,轻甲,肩甲结构,面具残片+断扣,身份剥除感,学宫·轻甲｜肩甲结构｜面具残片+断扣｜身份剥除感
CS00960,宗门,长袍,交领叠襟,额饰+颈饰,边境磨损,宗门·长袍｜交领叠襟｜额饰+颈饰｜边境磨损
CS00961,复苏体,轻甲,高领护颈,面具残片+令牌,边境磨损,复苏体·轻甲｜高领护颈｜面具残片+令牌｜边境磨损
CS00962,灰区,非对称剪裁,肩甲结构,颈饰+旧皮带,边境磨损,灰区·非对称剪裁｜肩甲结构｜颈饰+旧皮带｜边境磨损
CS00963,宗门,非对称剪裁,交领叠襟,臂环+断扣,边境磨损,宗门·非对称剪裁｜交领叠襟｜臂环+断扣｜边境磨损
CS00964,镇墟司,重甲,背部长摆,旧皮带+护腕,当下战损,镇墟司·重甲｜背部长摆｜旧皮带+护腕｜当下战损
CS00965,复苏体,束身,肩甲结构,腰牌+断扣,边境磨损,复苏体·束身｜肩甲结构｜腰牌+断扣｜边境磨损
CS00966,贵族,护臂,绑带束腰,额饰+护腕,身份剥除感,贵族·护臂｜绑带束腰｜额饰+护腕｜身份剥除感
CS00967,医者,宽袖,暗袋夹层,颈饰+令牌,完整如新,医者·宽袖｜暗袋夹层｜颈饰+令牌｜完整如新
CS00968,流亡者,轻甲,胸甲结构,颈饰+额饰,身份剥除感,流亡者·轻甲｜胸甲结构｜颈饰+额饰｜身份剥除感
CS00969,医者,重甲,肩甲结构,药囊+令牌,身份剥除感,医者·重甲｜肩甲结构｜药囊+令牌｜身份剥除感
CS00970,灰区,宽袖,外披短褂,颈饰+旧皮带,身份剥除感,灰区·宽袖｜外披短褂｜颈饰+旧皮带｜身份剥除感
CS00971,贵族,护臂,交领叠襟,耳饰+颈饰,陈年旧物,贵族·护臂｜交领叠襟｜耳饰+颈饰｜陈年旧物
CS00972,医者,护臂,绑带束腰,额饰+腰牌,陈年旧物,医者·护臂｜绑带束腰｜额饰+腰牌｜陈年旧物
CS00973,镇墟司,轻甲,背部长摆,耳饰+额饰,边境磨损,镇墟司·轻甲｜背部长摆｜耳饰+额饰｜边境磨损
CS00974,流亡者,宽袖,暗袋夹层,旧皮带+颈饰,陈年旧物,流亡者·宽袖｜暗袋夹层｜旧皮带+颈饰｜陈年旧物
CS00975,贵族,宽袖,高领护颈,令牌+额饰,身份剥除感,贵族·宽袖｜高领护颈｜令牌+额饰｜身份剥除感
CS00976,医者,护臂,分片下摆,断扣+耳饰,当下战损,医者·护臂｜分片下摆｜断扣+耳饰｜当下战损
CS00977,灰区,轻甲,胸甲结构,药囊+耳饰,战损修补,灰区·轻甲｜胸甲结构｜药囊+耳饰｜战损修补
CS00978,游侠,半甲,胸甲结构,旧皮带+药囊,完整如新,游侠·半甲｜胸甲结构｜旧皮带+药囊｜完整如新
CS00979,战士团,宽袖,背部长摆,颈饰+额饰,日常使用痕,战士团·宽袖｜背部长摆｜颈饰+额饰｜日常使用痕
CS00980,学宫,束身,胸甲结构,耳饰+额饰,边境磨损,学宫·束身｜胸甲结构｜耳饰+额饰｜边境磨损
CS00981,宗门,护臂,交领叠襟,护腕+耳饰,边境磨损,宗门·护臂｜交领叠襟｜护腕+耳饰｜边境磨损
CS00982,学宫,长袍,绑带束腰,额饰+面具残片,日常使用痕,学宫·长袍｜绑带束腰｜额饰+面具残片｜日常使用痕
CS00983,医者,束身,外披短褂,面具残片+护腕,日常使用痕,医者·束身｜外披短褂｜面具残片+护腕｜日常使用痕
CS00984,贵族,短衣,腿部绑甲,药囊+耳饰,当下战损,贵族·短衣｜腿部绑甲｜药囊+耳饰｜当下战损
CS00985,镇墟司,半甲,腿部绑甲,药囊+额饰,身份剥除感,镇墟司·半甲｜腿部绑甲｜药囊+额饰｜身份剥除感
CS00986,商贾,重甲,暗袋夹层,药囊+腰牌,身份剥除感,商贾·重甲｜暗袋夹层｜药囊+腰牌｜身份剥除感
CS00987,流亡者,半甲,外披短褂,腰牌+护腕,完整如新,流亡者·半甲｜外披短褂｜腰牌+护腕｜完整如新
CS00988,隐世,多层衣摆,背部长摆,药囊+旧皮带,日常使用痕,隐世·多层衣摆｜背部长摆｜药囊+旧皮带｜日常使用痕
CS00989,商贾,轻甲,暗袋夹层,面具残片+臂环,身份剥除感,商贾·轻甲｜暗袋夹层｜面具残片+臂环｜身份剥除感
CS00990,流亡者,束身,暗袋夹层,旧皮带+护腕,陈年旧物,流亡者·束身｜暗袋夹层｜旧皮带+护腕｜陈年旧物
CS00991,复苏体,宽袖,分片下摆,令牌+腰牌,战损修补,复苏体·宽袖｜分片下摆｜令牌+腰牌｜战损修补
CS00992,战士团,宽袖,暗袋夹层,耳饰+腰牌,陈年旧物,战士团·宽袖｜暗袋夹层｜耳饰+腰牌｜陈年旧物
CS00993,镇墟司,束身,交领叠襟,断扣+旧皮带,边境磨损,镇墟司·束身｜交领叠襟｜断扣+旧皮带｜边境磨损
CS00994,王庭,宽袖,腿部绑甲,腰牌+药囊,边境磨损,王庭·宽袖｜腿部绑甲｜腰牌+药囊｜边境磨损
CS00995,游侠,多层衣摆,分片下摆,面具残片+护腕,当下战损,游侠·多层衣摆｜分片下摆｜面具残片+护腕｜当下战损
CS00996,镇墟司,宽袖,腿部绑甲,颈饰+护腕,当下战损,镇墟司·宽袖｜腿部绑甲｜颈饰+护腕｜当下战损
CS00997,宗门,重甲,分片下摆,药囊+臂环,边境磨损,宗门·重甲｜分片下摆｜药囊+臂环｜边境磨损
CS00998,医者,束身,肩甲结构,断扣+额饰,身份剥除感,医者·束身｜肩甲结构｜断扣+额饰｜身份剥除感
CS00999,医者,护臂,胸甲结构,颈饰+旧皮带,日常使用痕,医者·护臂｜胸甲结构｜颈饰+旧皮带｜日常使用痕
CS01000,恶灵,长袍,腿部绑甲,额饰+面具残片,当下战损,恶灵·长袍｜腿部绑甲｜额饰+面具残片｜当下战损
CS01001,灰区,束身,肩甲结构,符囊+颈饰,战损修补,灰区·束身｜肩甲结构｜符囊+颈饰｜战损修补
CS01002,学宫,重甲,背部长摆,断扣+臂环,日常使用痕,学宫·重甲｜背部长摆｜断扣+臂环｜日常使用痕
CS01003,贵族,宽袖,交领叠襟,腰牌+面具残片,日常使用痕,贵族·宽袖｜交领叠襟｜腰牌+面具残片｜日常使用痕
CS01004,王庭,短衣,外披短褂,旧皮带+护腕,边境磨损,王庭·短衣｜外披短褂｜旧皮带+护腕｜边境磨损
CS01005,隐世,长袍,腿部绑甲,臂环+符囊,完整如新,隐世·长袍｜腿部绑甲｜臂环+符囊｜完整如新
CS01006,灰区,轻甲,外披短褂,面具残片+旧皮带,日常使用痕,灰区·轻甲｜外披短褂｜面具残片+旧皮带｜日常使用痕
CS01007,流亡者,短衣,胸甲结构,面具残片+符囊,陈年旧物,流亡者·短衣｜胸甲结构｜面具残片+符囊｜陈年旧物
CS01008,贵族,披风,交领叠襟,护腕+面具残片,当下战损,贵族·披风｜交领叠襟｜护腕+面具残片｜当下战损
CS01009,镇墟司,重甲,胸甲结构,面具残片+护腕,战损修补,镇墟司·重甲｜胸甲结构｜面具残片+护腕｜战损修补
CS01010,学宫,长袍,外披短褂,护腕+腰牌,完整如新,学宫·长袍｜外披短褂｜护腕+腰牌｜完整如新
CS01011,流亡者,重甲,外披短褂,令牌+额饰,战损修补,流亡者·重甲｜外披短褂｜令牌+额饰｜战损修补
CS01012,医者,半甲,暗袋夹层,符囊+臂环,陈年旧物,医者·半甲｜暗袋夹层｜符囊+臂环｜陈年旧物
CS01013,隐世,宽袖,背部长摆,符囊+令牌,身份剥除感,隐世·宽袖｜背部长摆｜符囊+令牌｜身份剥除感
CS01014,镇墟司,披风,分片下摆,令牌+断扣,身份剥除感,镇墟司·披风｜分片下摆｜令牌+断扣｜身份剥除感
CS01015,镇墟司,短衣,腿部绑甲,腰牌+臂环,战损修补,镇墟司·短衣｜腿部绑甲｜腰牌+臂环｜战损修补
CS01016,镇墟司,非对称剪裁,肩甲结构,药囊+令牌,日常使用痕,镇墟司·非对称剪裁｜肩甲结构｜药囊+令牌｜日常使用痕
CS01017,游侠,多层衣摆,外披短褂,符囊+面具残片,日常使用痕,游侠·多层衣摆｜外披短褂｜符囊+面具残片｜日常使用痕
CS01018,灰区,多层衣摆,胸甲结构,耳饰+旧皮带,边境磨损,灰区·多层衣摆｜胸甲结构｜耳饰+旧皮带｜边境磨损
CS01019,隐世,束身,暗袋夹层,面具残片+药囊,陈年旧物,隐世·束身｜暗袋夹层｜面具残片+药囊｜陈年旧物
CS01020,战士团,宽袖,腿部绑甲,臂环+腰牌,战损修补,战士团·宽袖｜腿部绑甲｜臂环+腰牌｜战损修补
CS01021,游侠,宽袖,肩甲结构,颈饰+额饰,日常使用痕,游侠·宽袖｜肩甲结构｜颈饰+额饰｜日常使用痕
CS01022,复苏体,多层衣摆,外披短褂,额饰+令牌,身份剥除感,复苏体·多层衣摆｜外披短褂｜额饰+令牌｜身份剥除感
CS01023,王庭,短衣,腿部绑甲,旧皮带+颈饰,日常使用痕,王庭·短衣｜腿部绑甲｜旧皮带+颈饰｜日常使用痕
CS01024,镇墟司,非对称剪裁,腿部绑甲,颈饰+耳饰,日常使用痕,镇墟司·非对称剪裁｜腿部绑甲｜颈饰+耳饰｜日常使用痕
CS01025,宗门,宽袖,外披短褂,旧皮带+腰牌,边境磨损,宗门·宽袖｜外披短褂｜旧皮带+腰牌｜边境磨损
CS01026,镇墟司,束身,分片下摆,令牌+额饰,边境磨损,镇墟司·束身｜分片下摆｜令牌+额饰｜边境磨损
CS01027,王庭,束身,高领护颈,令牌+腰牌,身份剥除感,王庭·束身｜高领护颈｜令牌+腰牌｜身份剥除感
CS01028,商贾,腰封,外披短褂,旧皮带+腰牌,身份剥除感,商贾·腰封｜外披短褂｜旧皮带+腰牌｜身份剥除感
CS01029,灰区,腰封,暗袋夹层,腰牌+断扣,完整如新,灰区·腰封｜暗袋夹层｜腰牌+断扣｜完整如新
CS01030,医者,多层衣摆,胸甲结构,符囊+旧皮带,身份剥除感,医者·多层衣摆｜胸甲结构｜符囊+旧皮带｜身份剥除感
CS01031,医者,宽袖,暗袋夹层,颈饰+符囊,身份剥除感,医者·宽袖｜暗袋夹层｜颈饰+符囊｜身份剥除感
CS01032,游侠,束身,绑带束腰,旧皮带+面具残片,完整如新,游侠·束身｜绑带束腰｜旧皮带+面具残片｜完整如新
CS01033,医者,多层衣摆,暗袋夹层,药囊+耳饰,完整如新,医者·多层衣摆｜暗袋夹层｜药囊+耳饰｜完整如新
CS01034,战士团,长袍,暗袋夹层,符囊+令牌,陈年旧物,战士团·长袍｜暗袋夹层｜符囊+令牌｜陈年旧物
CS01035,游侠,非对称剪裁,分片下摆,护腕+面具残片,身份剥除感,游侠·非对称剪裁｜分片下摆｜护腕+面具残片｜身份剥除感
CS01036,贵族,多层衣摆,暗袋夹层,断扣+耳饰,当下战损,贵族·多层衣摆｜暗袋夹层｜断扣+耳饰｜当下战损
CS01037,流亡者,护臂,胸甲结构,腰牌+药囊,边境磨损,流亡者·护臂｜胸甲结构｜腰牌+药囊｜边境磨损
CS01038,灰区,轻甲,肩甲结构,药囊+令牌,战损修补,灰区·轻甲｜肩甲结构｜药囊+令牌｜战损修补
CS01039,宗门,长袍,高领护颈,耳饰+额饰,陈年旧物,宗门·长袍｜高领护颈｜耳饰+额饰｜陈年旧物
CS01040,游侠,重甲,暗袋夹层,护腕+额饰,陈年旧物,游侠·重甲｜暗袋夹层｜护腕+额饰｜陈年旧物
CS01041,战士团,披风,外披短褂,药囊+面具残片,陈年旧物,战士团·披风｜外披短褂｜药囊+面具残片｜陈年旧物
CS01042,学宫,长袍,暗袋夹层,符囊+护腕,陈年旧物,学宫·长袍｜暗袋夹层｜符囊+护腕｜陈年旧物
CS01043,流亡者,护臂,腿部绑甲,药囊+额饰,完整如新,流亡者·护臂｜腿部绑甲｜药囊+额饰｜完整如新
CS01044,隐世,轻甲,外披短褂,腰牌+臂环,边境磨损,隐世·轻甲｜外披短褂｜腰牌+臂环｜边境磨损
CS01045,镇墟司,轻甲,分片下摆,面具残片+药囊,边境磨损,镇墟司·轻甲｜分片下摆｜面具残片+药囊｜边境磨损
CS01046,恶灵,束身,背部长摆,令牌+旧皮带,边境磨损,恶灵·束身｜背部长摆｜令牌+旧皮带｜边境磨损
CS01047,宗门,长袍,肩甲结构,颈饰+耳饰,陈年旧物,宗门·长袍｜肩甲结构｜颈饰+耳饰｜陈年旧物
CS01048,恶灵,多层衣摆,外披短褂,断扣+耳饰,陈年旧物,恶灵·多层衣摆｜外披短褂｜断扣+耳饰｜陈年旧物
CS01049,商贾,宽袖,高领护颈,旧皮带+额饰,陈年旧物,商贾·宽袖｜高领护颈｜旧皮带+额饰｜陈年旧物
CS01050,恶灵,多层衣摆,分片下摆,臂环+额饰,战损修补,恶灵·多层衣摆｜分片下摆｜臂环+额饰｜战损修补
CS01051,复苏体,轻甲,分片下摆,额饰+面具残片,战损修补,复苏体·轻甲｜分片下摆｜额饰+面具残片｜战损修补
CS01052,宗门,护臂,腿部绑甲,药囊+旧皮带,当下战损,宗门·护臂｜腿部绑甲｜药囊+旧皮带｜当下战损
CS01053,镇墟司,短衣,暗袋夹层,令牌+符囊,战损修补,镇墟司·短衣｜暗袋夹层｜令牌+符囊｜战损修补
CS01054,贵族,短衣,肩甲结构,护腕+耳饰,陈年旧物,贵族·短衣｜肩甲结构｜护腕+耳饰｜陈年旧物
CS01055,医者,多层衣摆,分片下摆,面具残片+旧皮带,日常使用痕,医者·多层衣摆｜分片下摆｜面具残片+旧皮带｜日常使用痕
CS01056,灰区,轻甲,绑带束腰,断扣+额饰,当下战损,灰区·轻甲｜绑带束腰｜断扣+额饰｜当下战损
CS01057,学宫,轻甲,腿部绑甲,耳饰+臂环,边境磨损,学宫·轻甲｜腿部绑甲｜耳饰+臂环｜边境磨损
CS01058,贵族,多层衣摆,分片下摆,臂环+旧皮带,完整如新,贵族·多层衣摆｜分片下摆｜臂环+旧皮带｜完整如新
CS01059,医者,重甲,交领叠襟,耳饰+护腕,日常使用痕,医者·重甲｜交领叠襟｜耳饰+护腕｜日常使用痕
CS01060,学宫,短衣,分片下摆,面具残片+臂环,当下战损,学宫·短衣｜分片下摆｜面具残片+臂环｜当下战损
CS01061,王庭,重甲,绑带束腰,面具残片+颈饰,当下战损,王庭·重甲｜绑带束腰｜面具残片+颈饰｜当下战损
CS01062,贵族,披风,分片下摆,符囊+耳饰,身份剥除感,贵族·披风｜分片下摆｜符囊+耳饰｜身份剥除感
CS01063,恶灵,多层衣摆,交领叠襟,颈饰+面具残片,战损修补,恶灵·多层衣摆｜交领叠襟｜颈饰+面具残片｜战损修补
CS01064,王庭,束身,交领叠襟,腰牌+令牌,陈年旧物,王庭·束身｜交领叠襟｜腰牌+令牌｜陈年旧物
CS01065,战士团,非对称剪裁,交领叠襟,额饰+护腕,身份剥除感,战士团·非对称剪裁｜交领叠襟｜额饰+护腕｜身份剥除感
CS01066,复苏体,轻甲,高领护颈,耳饰+腰牌,日常使用痕,复苏体·轻甲｜高领护颈｜耳饰+腰牌｜日常使用痕
CS01067,王庭,非对称剪裁,分片下摆,额饰+臂环,日常使用痕,王庭·非对称剪裁｜分片下摆｜额饰+臂环｜日常使用痕
CS01068,隐世,束身,暗袋夹层,符囊+面具残片,边境磨损,隐世·束身｜暗袋夹层｜符囊+面具残片｜边境磨损
CS01069,商贾,束身,绑带束腰,臂环+护腕,战损修补,商贾·束身｜绑带束腰｜臂环+护腕｜战损修补
CS01070,恶灵,腰封,分片下摆,腰牌+护腕,陈年旧物,恶灵·腰封｜分片下摆｜腰牌+护腕｜陈年旧物
CS01071,复苏体,短衣,胸甲结构,断扣+旧皮带,边境磨损,复苏体·短衣｜胸甲结构｜断扣+旧皮带｜边境磨损
CS01072,游侠,束身,外披短褂,护腕+颈饰,完整如新,游侠·束身｜外披短褂｜护腕+颈饰｜完整如新
CS01073,战士团,护臂,暗袋夹层,旧皮带+断扣,边境磨损,战士团·护臂｜暗袋夹层｜旧皮带+断扣｜边境磨损
CS01074,商贾,重甲,外披短褂,药囊+额饰,战损修补,商贾·重甲｜外披短褂｜药囊+额饰｜战损修补
CS01075,流亡者,长袍,外披短褂,臂环+药囊,完整如新,流亡者·长袍｜外披短褂｜臂环+药囊｜完整如新
CS01076,学宫,腰封,肩甲结构,旧皮带+断扣,当下战损,学宫·腰封｜肩甲结构｜旧皮带+断扣｜当下战损
CS01077,镇墟司,多层衣摆,背部长摆,令牌+断扣,边境磨损,镇墟司·多层衣摆｜背部长摆｜令牌+断扣｜边境磨损
CS01078,学宫,宽袖,背部长摆,面具残片+断扣,日常使用痕,学宫·宽袖｜背部长摆｜面具残片+断扣｜日常使用痕
CS01079,贵族,重甲,腿部绑甲,护腕+旧皮带,边境磨损,贵族·重甲｜腿部绑甲｜护腕+旧皮带｜边境磨损
CS01080,王庭,重甲,胸甲结构,面具残片+药囊,陈年旧物,王庭·重甲｜胸甲结构｜面具残片+药囊｜陈年旧物
